path,license_expression,copyright,evidence
.dockerignore,Elastic-2.0,2026 SuperTale contributors,REUSE.toml aggregate annotation
.env.example,Elastic-2.0,2026 SuperTale contributors,REUSE.toml aggregate annotation
.gitattributes,Elastic-2.0,2026 SuperTale contributors,REUSE.toml aggregate annotation
.gitignore,Elastic-2.0,2026 SuperTale contributors,REUSE.toml aggregate annotation
.gitleaks.toml,Elastic-2.0,2026 SuperTale contributors,REUSE.toml aggregate annotation
.pre-commit-config.yaml,Elastic-2.0,2026 SuperTale contributors,REUSE.toml aggregate annotation
CODE_OF_CONDUCT.md,Elastic-2.0,2026 SuperTale contributors,REUSE.toml aggregate annotation
CONTRIBUTING.md,Elastic-2.0,2026 SuperTale contributors,REUSE.toml aggregate annotation
DCO,Elastic-2.0,2026 SuperTale contributors,REUSE.toml aggregate annotation
Dockerfile,Elastic-2.0,2026 SuperTale contributors,REUSE.toml aggregate annotation
LICENSES/Apache-2.0.txt,Apache-2.0,Apache Software Foundation,Apache License 2.0 text
LICENSES/Elastic-2.0.txt,Elastic-2.0,2026 SuperTale contributors,REUSE.toml aggregate annotation
NOTICE,Elastic-2.0,2026 SuperTale contributors,REUSE.toml aggregate annotation
README-Windows.txt,Elastic-2.0,2026 SuperTale contributors,REUSE.toml aggregate annotation
README-村长无限画布.txt,Elastic-2.0,2026 SuperTale contributors,REUSE.toml aggregate annotation
README.md,Elastic-2.0,2026 SuperTale contributors,REUSE.toml aggregate annotation
REUSE.toml,Elastic-2.0,2026 SuperTale contributors,REUSE.toml aggregate annotation
SECURITY.md,Elastic-2.0,2026 SuperTale contributors,REUSE.toml aggregate annotation
_stop.ps1,Elastic-2.0,2026 SuperTale contributors,REUSE.toml aggregate annotation
agent_skills/INDEX.md,Elastic-2.0,2026 SuperTale contributors,REUSE.toml aggregate annotation
agent_skills/village-canvas-3d-asset/SKILL.md,Elastic-2.0,2026 SuperTale contributors,REUSE.toml aggregate annotation
agent_skills/village-canvas-3d-scene-director/SKILL.md,Elastic-2.0,2026 SuperTale contributors,REUSE.toml aggregate annotation
agent_skills/village-canvas-agent-tool-surface/SKILL.md,Elastic-2.0,2026 SuperTale contributors,REUSE.toml aggregate annotation
agent_skills/village-canvas-aigc-knowledge/SKILL.md,Elastic-2.0,2026 SuperTale contributors,REUSE.toml aggregate annotation
agent_skills/village-canvas-aigc-knowledge/references/audio.md,Elastic-2.0,2026 SuperTale contributors,REUSE.toml aggregate annotation
agent_skills/village-canvas-aigc-knowledge/references/cinematography.md,Elastic-2.0,2026 SuperTale contributors,REUSE.toml aggregate annotation
agent_skills/village-canvas-aigc-knowledge/references/continuity.md,Elastic-2.0,2026 SuperTale contributors,REUSE.toml aggregate annotation
agent_skills/village-canvas-aigc-knowledge/references/failure-repair.md,Elastic-2.0,2026 SuperTale contributors,REUSE.toml aggregate annotation
agent_skills/village-canvas-aigc-knowledge/references/model-routing.md,Elastic-2.0,2026 SuperTale contributors,REUSE.toml aggregate annotation
agent_skills/village-canvas-aigc-knowledge/references/prompt-patterns.md,Elastic-2.0,2026 SuperTale contributors,REUSE.toml aggregate annotation
agent_skills/village-canvas-aigc-knowledge/references/vault-aigc/INDEX.md,Elastic-2.0,2026 SuperTale contributors,REUSE.toml aggregate annotation
agent_skills/village-canvas-aigc-knowledge/references/vault-aigc/manifest.json,Elastic-2.0,2026 SuperTale contributors,REUSE.toml aggregate annotation
agent_skills/village-canvas-aigc-knowledge/references/vault-aigc/source/AIGC/01_LibTV完整使用手册_AI版.md,Elastic-2.0,2026 SuperTale contributors,REUSE.toml aggregate annotation; owner confirmed self-authorship or redistribution authorization on 2026-10-09; see docs/PUBLIC_SOURCE_RELEASE.md; original notices prevail
agent_skills/village-canvas-aigc-knowledge/references/vault-aigc/source/AIGC/02_生图模型与提示词_AI版.md,Elastic-2.0,2026 SuperTale contributors,REUSE.toml aggregate annotation; owner confirmed self-authorship or redistribution authorization on 2026-10-09; see docs/PUBLIC_SOURCE_RELEASE.md; original notices prevail
agent_skills/village-canvas-aigc-knowledge/references/vault-aigc/source/AIGC/03_视频大模型与提示词_AI版.md,Elastic-2.0,2026 SuperTale contributors,REUSE.toml aggregate annotation; owner confirmed self-authorship or redistribution authorization on 2026-10-09; see docs/PUBLIC_SOURCE_RELEASE.md; original notices prevail
agent_skills/village-canvas-aigc-knowledge/references/vault-aigc/source/AIGC/04_剧本创作方法论_AI版.md,Elastic-2.0,2026 SuperTale contributors,REUSE.toml aggregate annotation; owner confirmed self-authorship or redistribution authorization on 2026-10-09; see docs/PUBLIC_SOURCE_RELEASE.md; original notices prevail
agent_skills/village-canvas-aigc-knowledge/references/vault-aigc/source/AIGC/05_AI注意力机制权威指南_AI版.md,Elastic-2.0,2026 SuperTale contributors,REUSE.toml aggregate annotation; owner confirmed self-authorship or redistribution authorization on 2026-10-09; see docs/PUBLIC_SOURCE_RELEASE.md; original notices prevail
agent_skills/village-canvas-aigc-knowledge/references/vault-aigc/source/AIGC/06_v7.0框架总结与兄弟判断框架.md,Elastic-2.0,2026 SuperTale contributors,REUSE.toml aggregate annotation; owner confirmed self-authorship or redistribution authorization on 2026-10-09; see docs/PUBLIC_SOURCE_RELEASE.md; original notices prevail
agent_skills/village-canvas-aigc-knowledge/references/vault-aigc/source/AIGC/07_兄弟角色设定表工作流_AI版.md,Elastic-2.0,2026 SuperTale contributors,REUSE.toml aggregate annotation; owner confirmed self-authorship or redistribution authorization on 2026-10-09; see docs/PUBLIC_SOURCE_RELEASE.md; original notices prevail
agent_skills/village-canvas-aigc-knowledge/references/vault-aigc/source/AIGC/08_上下文工程4大支柱映射_AI版.md,Elastic-2.0,2026 SuperTale contributors,REUSE.toml aggregate annotation; owner confirmed self-authorship or redistribution authorization on 2026-10-09; see docs/PUBLIC_SOURCE_RELEASE.md; original notices prevail
agent_skills/village-canvas-aigc-knowledge/references/vault-aigc/source/AIGC/10_电影摄影学体系_AI版.md,Elastic-2.0,2026 SuperTale contributors,REUSE.toml aggregate annotation; owner confirmed self-authorship or redistribution authorization on 2026-10-09; see docs/PUBLIC_SOURCE_RELEASE.md; original notices prevail
agent_skills/village-canvas-aigc-knowledge/references/vault-aigc/source/AIGC/11_叙事诡计分类学_AI版.md,Elastic-2.0,2026 SuperTale contributors,REUSE.toml aggregate annotation; owner confirmed self-authorship or redistribution authorization on 2026-10-09; see docs/PUBLIC_SOURCE_RELEASE.md; original notices prevail
agent_skills/village-canvas-aigc-knowledge/references/vault-aigc/source/AIGC/12_全画风参数体系_AI版.md,Elastic-2.0,2026 SuperTale contributors,REUSE.toml aggregate annotation; owner confirmed self-authorship or redistribution authorization on 2026-10-09; see docs/PUBLIC_SOURCE_RELEASE.md; original notices prevail
agent_skills/village-canvas-aigc-knowledge/references/vault-aigc/source/AIGC/12_补充_亚文化视觉.md,Elastic-2.0,2026 SuperTale contributors,REUSE.toml aggregate annotation; owner confirmed self-authorship or redistribution authorization on 2026-10-09; see docs/PUBLIC_SOURCE_RELEASE.md; original notices prevail
agent_skills/village-canvas-aigc-knowledge/references/vault-aigc/source/AIGC/12_补充_历史艺术运动.md,Elastic-2.0,2026 SuperTale contributors,REUSE.toml aggregate annotation; owner confirmed self-authorship or redistribution authorization on 2026-10-09; see docs/PUBLIC_SOURCE_RELEASE.md; original notices prevail
agent_skills/village-canvas-aigc-knowledge/references/vault-aigc/source/AIGC/12_补充_地域民族艺术.md,Elastic-2.0,2026 SuperTale contributors,REUSE.toml aggregate annotation; owner confirmed self-authorship or redistribution authorization on 2026-10-09; see docs/PUBLIC_SOURCE_RELEASE.md; original notices prevail
agent_skills/village-canvas-aigc-knowledge/references/vault-aigc/source/AIGC/12_补充_当代数字艺术.md,Elastic-2.0,2026 SuperTale contributors,REUSE.toml aggregate annotation; owner confirmed self-authorship or redistribution authorization on 2026-10-09; see docs/PUBLIC_SOURCE_RELEASE.md; original notices prevail
agent_skills/village-canvas-aigc-knowledge/references/vault-aigc/source/AIGC/13_角色心理学与对话深度_AI版.md,Elastic-2.0,2026 SuperTale contributors,REUSE.toml aggregate annotation; owner confirmed self-authorship or redistribution authorization on 2026-10-09; see docs/PUBLIC_SOURCE_RELEASE.md; original notices prevail
agent_skills/village-canvas-aigc-knowledge/references/vault-aigc/source/AIGC/14_视听叙事学术基础_AI版.md,Elastic-2.0,2026 SuperTale contributors,REUSE.toml aggregate annotation; owner confirmed self-authorship or redistribution authorization on 2026-10-09; see docs/PUBLIC_SOURCE_RELEASE.md; original notices prevail
agent_skills/village-canvas-aigc-knowledge/references/vault-aigc/source/AIGC/15_文化与讽刺语法_AI版.md,Elastic-2.0,2026 SuperTale contributors,REUSE.toml aggregate annotation; owner confirmed self-authorship or redistribution authorization on 2026-10-09; see docs/PUBLIC_SOURCE_RELEASE.md; original notices prevail
agent_skills/village-canvas-aigc-knowledge/references/vault-aigc/source/AIGC/16_AIGC失败修复手册_实战版.md,Elastic-2.0,2026 SuperTale contributors,REUSE.toml aggregate annotation; owner confirmed self-authorship or redistribution authorization on 2026-10-09; see docs/PUBLIC_SOURCE_RELEASE.md; original notices prevail
agent_skills/village-canvas-aigc-knowledge/references/vault-aigc/source/AIGC/17_AI声音设计与台词提示词.md,Elastic-2.0,2026 SuperTale contributors,REUSE.toml aggregate annotation; owner confirmed self-authorship or redistribution authorization on 2026-10-09; see docs/PUBLIC_SOURCE_RELEASE.md; original notices prevail
agent_skills/village-canvas-aigc-knowledge/references/vault-aigc/source/AIGC/18_ComfyUI工作流体系.md,Elastic-2.0,2026 SuperTale contributors,REUSE.toml aggregate annotation; owner confirmed self-authorship or redistribution authorization on 2026-10-09; see docs/PUBLIC_SOURCE_RELEASE.md; original notices prevail
agent_skills/village-canvas-aigc-knowledge/references/vault-aigc/source/AIGC/19_AI电影全工作流.md,Elastic-2.0,2026 SuperTale contributors,REUSE.toml aggregate annotation; owner confirmed self-authorship or redistribution authorization on 2026-10-09; see docs/PUBLIC_SOURCE_RELEASE.md; original notices prevail
agent_skills/village-canvas-aigc-knowledge/references/vault-aigc/source/AIGC/20_LoRA训练与模型微调.md,Elastic-2.0,2026 SuperTale contributors,REUSE.toml aggregate annotation; owner confirmed self-authorship or redistribution authorization on 2026-10-09; see docs/PUBLIC_SOURCE_RELEASE.md; original notices prevail
agent_skills/village-canvas-aigc-knowledge/references/vault-aigc/source/AIGC/21_AI 3D 资产生成.md,Elastic-2.0,2026 SuperTale contributors,REUSE.toml aggregate annotation; owner confirmed self-authorship or redistribution authorization on 2026-10-09; see docs/PUBLIC_SOURCE_RELEASE.md; original notices prevail
agent_skills/village-canvas-aigc-knowledge/references/vault-aigc/source/AIGC/22_AI配音调色后制.md,Elastic-2.0,2026 SuperTale contributors,REUSE.toml aggregate annotation; owner confirmed self-authorship or redistribution authorization on 2026-10-09; see docs/PUBLIC_SOURCE_RELEASE.md; original notices prevail
agent_skills/village-canvas-aigc-knowledge/references/vault-aigc/source/AIGC/23_AI创作者版权合规与商业化.md,Elastic-2.0,2026 SuperTale contributors,REUSE.toml aggregate annotation; owner confirmed self-authorship or redistribution authorization on 2026-10-09; see docs/PUBLIC_SOURCE_RELEASE.md; original notices prevail
agent_skills/village-canvas-aigc-knowledge/references/vault-aigc/source/AIGC/99_权威来源与参考文献.md,Elastic-2.0,2026 SuperTale contributors,REUSE.toml aggregate annotation; owner confirmed self-authorship or redistribution authorization on 2026-10-09; see docs/PUBLIC_SOURCE_RELEASE.md; original notices prevail
agent_skills/village-canvas-aigc-knowledge/references/vault-aigc/source/AIGC/AIGC导演视听语言框架.md,Elastic-2.0,2026 SuperTale contributors,REUSE.toml aggregate annotation; owner confirmed self-authorship or redistribution authorization on 2026-10-09; see docs/PUBLIC_SOURCE_RELEASE.md; original notices prevail
agent_skills/village-canvas-aigc-knowledge/references/vault-aigc/source/AIGC/AIGC提示词翻译引擎规则库.md,Elastic-2.0,2026 SuperTale contributors,REUSE.toml aggregate annotation; owner confirmed self-authorship or redistribution authorization on 2026-10-09; see docs/PUBLIC_SOURCE_RELEASE.md; original notices prevail
agent_skills/village-canvas-aigc-knowledge/references/vault-aigc/source/AIGC/AIGC画布深度学习-终极大总结.md,Elastic-2.0,2026 SuperTale contributors,REUSE.toml aggregate annotation; owner confirmed self-authorship or redistribution authorization on 2026-10-09; see docs/PUBLIC_SOURCE_RELEASE.md; original notices prevail
agent_skills/village-canvas-aigc-knowledge/references/vault-aigc/source/AIGC/AIGC知识体系-总索引.md,Elastic-2.0,2026 SuperTale contributors,REUSE.toml aggregate annotation; owner confirmed self-authorship or redistribution authorization on 2026-10-09; see docs/PUBLIC_SOURCE_RELEASE.md; original notices prevail
agent_skills/village-canvas-aigc-knowledge/references/vault-aigc/source/AIGC/AIGC短剧全链路能力学习路径.md,Elastic-2.0,2026 SuperTale contributors,REUSE.toml aggregate annotation; owner confirmed self-authorship or redistribution authorization on 2026-10-09; see docs/PUBLIC_SOURCE_RELEASE.md; original notices prevail
agent_skills/village-canvas-aigc-knowledge/references/vault-aigc/source/AIGC/AIGC视频导演实战手册.md,Elastic-2.0,2026 SuperTale contributors,REUSE.toml aggregate annotation; owner confirmed self-authorship or redistribution authorization on 2026-10-09; see docs/PUBLIC_SOURCE_RELEASE.md; original notices prevail
agent_skills/village-canvas-aigc-knowledge/references/vault-aigc/source/AIGC/AIGC视频导演通用框架.md,Elastic-2.0,2026 SuperTale contributors,REUSE.toml aggregate annotation; owner confirmed self-authorship or redistribution authorization on 2026-10-09; see docs/PUBLIC_SOURCE_RELEASE.md; original notices prevail
agent_skills/village-canvas-aigc-knowledge/references/vault-aigc/source/AIGC/AIGC铁律体系_v1.md,Elastic-2.0,2026 SuperTale contributors,REUSE.toml aggregate annotation; owner confirmed self-authorship or redistribution authorization on 2026-10-09; see docs/PUBLIC_SOURCE_RELEASE.md; original notices prevail
agent_skills/village-canvas-aigc-knowledge/references/vault-aigc/source/AIGC/AIGC铁律汇总.md,Elastic-2.0,2026 SuperTale contributors,REUSE.toml aggregate annotation; owner confirmed self-authorship or redistribution authorization on 2026-10-09; see docs/PUBLIC_SOURCE_RELEASE.md; original notices prevail
agent_skills/village-canvas-aigc-knowledge/references/vault-aigc/source/AIGC/AIGC铁律索引_v1.0.md,Elastic-2.0,2026 SuperTale contributors,REUSE.toml aggregate annotation; owner confirmed self-authorship or redistribution authorization on 2026-10-09; see docs/PUBLIC_SOURCE_RELEASE.md; original notices prevail
agent_skills/village-canvas-aigc-knowledge/references/vault-aigc/source/AIGC/AI漫剧制作全流程-手把手.md,Elastic-2.0,2026 SuperTale contributors,REUSE.toml aggregate annotation; owner confirmed self-authorship or redistribution authorization on 2026-10-09; see docs/PUBLIC_SOURCE_RELEASE.md; original notices prevail
agent_skills/village-canvas-aigc-knowledge/references/vault-aigc/source/AIGC/AI漫剧生态全景-工具与案例.md,Elastic-2.0,2026 SuperTale contributors,REUSE.toml aggregate annotation; owner confirmed self-authorship or redistribution authorization on 2026-10-09; see docs/PUBLIC_SOURCE_RELEASE.md; original notices prevail
agent_skills/village-canvas-aigc-knowledge/references/vault-aigc/source/AIGC/Seedance-2.0-Skill-OS.md,Elastic-2.0,2026 SuperTale contributors,REUSE.toml aggregate annotation; owner confirmed self-authorship or redistribution authorization on 2026-10-09; see docs/PUBLIC_SOURCE_RELEASE.md; original notices prevail
agent_skills/village-canvas-aigc-knowledge/references/vault-aigc/source/AIGC/patch-01_seedance-2.5-update.md,Elastic-2.0,2026 SuperTale contributors,REUSE.toml aggregate annotation; owner confirmed self-authorship or redistribution authorization on 2026-10-09; see docs/PUBLIC_SOURCE_RELEASE.md; original notices prevail
agent_skills/village-canvas-aigc-knowledge/references/vault-aigc/source/AIGC/patch-02_多角色控制与迭代方法论.md,Elastic-2.0,2026 SuperTale contributors,REUSE.toml aggregate annotation; owner confirmed self-authorship or redistribution authorization on 2026-10-09; see docs/PUBLIC_SOURCE_RELEASE.md; original notices prevail
agent_skills/village-canvas-aigc-knowledge/references/vault-aigc/source/AIGC/patch-03_agentic-ai-video.md,Elastic-2.0,2026 SuperTale contributors,REUSE.toml aggregate annotation; owner confirmed self-authorship or redistribution authorization on 2026-10-09; see docs/PUBLIC_SOURCE_RELEASE.md; original notices prevail
agent_skills/village-canvas-aigc-knowledge/references/vault-aigc/source/AIGC/patch-04_视频扩展与帧插值.md,Elastic-2.0,2026 SuperTale contributors,REUSE.toml aggregate annotation; owner confirmed self-authorship or redistribution authorization on 2026-10-09; see docs/PUBLIC_SOURCE_RELEASE.md; original notices prevail
agent_skills/village-canvas-aigc-knowledge/references/vault-aigc/source/AIGC/patch-05_场景化提示词模板库.md,Elastic-2.0,2026 SuperTale contributors,REUSE.toml aggregate annotation; owner confirmed self-authorship or redistribution authorization on 2026-10-09; see docs/PUBLIC_SOURCE_RELEASE.md; original notices prevail
agent_skills/village-canvas-aigc-knowledge/references/vault-aigc/source/AIGC/patch-06_成本镜头智能优化.md,Elastic-2.0,2026 SuperTale contributors,REUSE.toml aggregate annotation; owner confirmed self-authorship or redistribution authorization on 2026-10-09; see docs/PUBLIC_SOURCE_RELEASE.md; original notices prevail
agent_skills/village-canvas-aigc-knowledge/references/vault-aigc/source/AIGC/patch-07_libtv_模型参数速查表.md,Elastic-2.0,2026 SuperTale contributors,REUSE.toml aggregate annotation; owner confirmed self-authorship or redistribution authorization on 2026-10-09; see docs/PUBLIC_SOURCE_RELEASE.md; original notices prevail
agent_skills/village-canvas-aigc-knowledge/references/vault-aigc/source/AIGC/video-reverse-engineering-数字人带货.md,Elastic-2.0,2026 SuperTale contributors,REUSE.toml aggregate annotation; owner confirmed self-authorship or redistribution authorization on 2026-10-09; see docs/PUBLIC_SOURCE_RELEASE.md; original notices prevail
agent_skills/village-canvas-aigc-knowledge/references/vault-aigc/source/AIGC/剧作结构/McKee剧作结构5元素.md,Elastic-2.0,2026 SuperTale contributors,REUSE.toml aggregate annotation; owner confirmed self-authorship or redistribution authorization on 2026-10-09; see docs/PUBLIC_SOURCE_RELEASE.md; original notices prevail
agent_skills/village-canvas-aigc-knowledge/references/vault-aigc/source/AIGC/剪辑语言/剪辑6法则与药神实战.md,Elastic-2.0,2026 SuperTale contributors,REUSE.toml aggregate annotation; owner confirmed self-authorship or redistribution authorization on 2026-10-09; see docs/PUBLIC_SOURCE_RELEASE.md; original notices prevail
agent_skills/village-canvas-aigc-knowledge/references/vault-aigc/source/AIGC/声音设计/声音设计5大法则与药神实战.md,Elastic-2.0,2026 SuperTale contributors,REUSE.toml aggregate annotation; owner confirmed self-authorship or redistribution authorization on 2026-10-09; see docs/PUBLIC_SOURCE_RELEASE.md; original notices prevail
agent_skills/village-canvas-aigc-knowledge/references/vault-aigc/source/AIGC/抖音爆款/抖音爆款3大指标.md,Elastic-2.0,2026 SuperTale contributors,REUSE.toml aggregate annotation; owner confirmed self-authorship or redistribution authorization on 2026-10-09; see docs/PUBLIC_SOURCE_RELEASE.md; original notices prevail
agent_skills/village-canvas-aigc-knowledge/references/vault-aigc/source/AIGC/摄影机实拍/ARRI摄影机完整参数表.md,Elastic-2.0,2026 SuperTale contributors,REUSE.toml aggregate annotation; owner confirmed self-authorship or redistribution authorization on 2026-10-09; see docs/PUBLIC_SOURCE_RELEASE.md; original notices prevail
agent_skills/village-canvas-aigc-knowledge/references/vault-aigc/source/AIGC/演员表演/Stanislavski表演4核心.md,Elastic-2.0,2026 SuperTale contributors,REUSE.toml aggregate annotation; owner confirmed self-authorship or redistribution authorization on 2026-10-09; see docs/PUBLIC_SOURCE_RELEASE.md; original notices prevail
agent_skills/village-canvas-aigc-knowledge/references/vault-aigc/source/AIGC/调色与配乐/调色5参数+配乐5流派.md,Elastic-2.0,2026 SuperTale contributors,REUSE.toml aggregate annotation; owner confirmed self-authorship or redistribution authorization on 2026-10-09; see docs/PUBLIC_SOURCE_RELEASE.md; original notices prevail
agent_skills/village-canvas-aigc-knowledge/references/vault-aigc/source/AIGC导演/工具库/ai-cinema-studio-engine.md,Elastic-2.0,2026 SuperTale contributors,REUSE.toml aggregate annotation; owner confirmed self-authorship or redistribution authorization on 2026-10-09; see docs/PUBLIC_SOURCE_RELEASE.md; original notices prevail
agent_skills/village-canvas-aigc-knowledge/references/vault-aigc/source/AIGC导演/工具库/ai-video-production-editor.md,Elastic-2.0,2026 SuperTale contributors,REUSE.toml aggregate annotation; owner confirmed self-authorship or redistribution authorization on 2026-10-09; see docs/PUBLIC_SOURCE_RELEASE.md; original notices prevail
agent_skills/village-canvas-aigc-knowledge/references/vault-aigc/source/AIGC导演/工具库/awesome-ai-video-production.md,Elastic-2.0,2026 SuperTale contributors,REUSE.toml aggregate annotation; owner confirmed self-authorship or redistribution authorization on 2026-10-09; see docs/PUBLIC_SOURCE_RELEASE.md; original notices prevail
agent_skills/village-canvas-aigc-knowledge/references/vault-aigc/source/AIGC导演/工具库/storyai-3d-director-desk.md,Elastic-2.0,2026 SuperTale contributors,REUSE.toml aggregate annotation; owner confirmed self-authorship or redistribution authorization on 2026-10-09; see docs/PUBLIC_SOURCE_RELEASE.md; original notices prevail
agent_skills/village-canvas-aigc-knowledge/references/vault-aigc/source/AIGC导演/段2_融合版_2026-06-30.md,Elastic-2.0,2026 SuperTale contributors,REUSE.toml aggregate annotation; owner confirmed self-authorship or redistribution authorization on 2026-10-09; see docs/PUBLIC_SOURCE_RELEASE.md; original notices prevail
agent_skills/village-canvas-aigc-knowledge/references/video-motion.md,Elastic-2.0,2026 SuperTale contributors,REUSE.toml aggregate annotation
agent_skills/village-canvas-aigc-knowledge/scripts/build_vault_bundle.py,Elastic-2.0,2026 SuperTale contributors,REUSE.toml aggregate annotation
agent_skills/village-canvas-canvas-commands/SKILL.md,Elastic-2.0,2026 SuperTale contributors,REUSE.toml aggregate annotation
agent_skills/village-canvas-canvas-director/SKILL.md,Elastic-2.0,2026 SuperTale contributors,REUSE.toml aggregate annotation
agent_skills/village-canvas-canvas-ops/SKILL.md,Elastic-2.0,2026 SuperTale contributors,REUSE.toml aggregate annotation
agent_skills/village-canvas-casting-design/SKILL.md,Elastic-2.0,2026 SuperTale contributors,REUSE.toml aggregate annotation
agent_skills/village-canvas-character-consistency/SKILL.md,Elastic-2.0,2026 SuperTale contributors,REUSE.toml aggregate annotation
agent_skills/village-canvas-character-workflow/SKILL.md,Elastic-2.0,2026 SuperTale contributors,REUSE.toml aggregate annotation
agent_skills/village-canvas-cinematography/SKILL.md,Elastic-2.0,2026 SuperTale contributors,REUSE.toml aggregate annotation
agent_skills/village-canvas-combat-director/SKILL.md,Elastic-2.0,2026 SuperTale contributors,REUSE.toml aggregate annotation
agent_skills/village-canvas-continuity/SKILL.md,Elastic-2.0,2026 SuperTale contributors,REUSE.toml aggregate annotation
agent_skills/village-canvas-coverage-planner/SKILL.md,Elastic-2.0,2026 SuperTale contributors,REUSE.toml aggregate annotation
agent_skills/village-canvas-delivery-qc/SKILL.md,Elastic-2.0,2026 SuperTale contributors,REUSE.toml aggregate annotation
agent_skills/village-canvas-director-framework/SKILL.md,Elastic-2.0,2026 SuperTale contributors,REUSE.toml aggregate annotation
agent_skills/village-canvas-director-knowledge-base/SKILL.md,Elastic-2.0,2026 SuperTale contributors,REUSE.toml aggregate annotation
agent_skills/village-canvas-engineering-governance/SKILL.md,Elastic-2.0,2026 SuperTale contributors,REUSE.toml aggregate annotation
agent_skills/village-canvas-expression-director/SKILL.md,Elastic-2.0,2026 SuperTale contributors,REUSE.toml aggregate annotation
agent_skills/village-canvas-failure-rescue/SKILL.md,Elastic-2.0,2026 SuperTale contributors,REUSE.toml aggregate annotation
agent_skills/village-canvas-image-prompt-craft/SKILL.md,Elastic-2.0,2026 SuperTale contributors,REUSE.toml aggregate annotation
agent_skills/village-canvas-iron-rules/SKILL.md,Elastic-2.0,2026 SuperTale contributors,REUSE.toml aggregate annotation
agent_skills/village-canvas-knowledge-engine/SKILL.md,Elastic-2.0,2026 SuperTale contributors,REUSE.toml aggregate annotation
agent_skills/village-canvas-lighting-director/SKILL.md,Elastic-2.0,2026 SuperTale contributors,REUSE.toml aggregate annotation
agent_skills/village-canvas-lora-training/SKILL.md,Elastic-2.0,2026 SuperTale contributors,REUSE.toml aggregate annotation
agent_skills/village-canvas-method-distiller/SKILL.md,Elastic-2.0,2026 SuperTale contributors,REUSE.toml aggregate annotation
agent_skills/village-canvas-music-score/SKILL.md,Elastic-2.0,2026 SuperTale contributors,REUSE.toml aggregate annotation
agent_skills/village-canvas-one-click-film/SKILL.md,Elastic-2.0,2026 SuperTale contributors,REUSE.toml aggregate annotation
agent_skills/village-canvas-performance-craft/SKILL.md,Elastic-2.0,2026 SuperTale contributors,REUSE.toml aggregate annotation
agent_skills/village-canvas-performance-director/SKILL.md,Elastic-2.0,2026 SuperTale contributors,REUSE.toml aggregate annotation
agent_skills/village-canvas-post-production/SKILL.md,Elastic-2.0,2026 SuperTale contributors,REUSE.toml aggregate annotation
agent_skills/village-canvas-practical-directing-lessons/SKILL.md,Elastic-2.0,2026 SuperTale contributors,REUSE.toml aggregate annotation
agent_skills/village-canvas-prompt-director/SKILL.md,Elastic-2.0,2026 SuperTale contributors,REUSE.toml aggregate annotation
agent_skills/village-canvas-prompt-framework/SKILL.md,Elastic-2.0,2026 SuperTale contributors,REUSE.toml aggregate annotation
agent_skills/village-canvas-script-doctor/SKILL.md,Elastic-2.0,2026 SuperTale contributors,REUSE.toml aggregate annotation
agent_skills/village-canvas-script-integrity/SKILL.md,Elastic-2.0,2026 SuperTale contributors,REUSE.toml aggregate annotation
agent_skills/village-canvas-shortform-growth/SKILL.md,Elastic-2.0,2026 SuperTale contributors,REUSE.toml aggregate annotation
agent_skills/village-canvas-shotcraft/SKILL.md,Elastic-2.0,2026 SuperTale contributors,REUSE.toml aggregate annotation
agent_skills/village-canvas-shotcraft/references/adapter-contract.md,Elastic-2.0,2026 SuperTale contributors,REUSE.toml aggregate annotation
agent_skills/village-canvas-shotcraft/references/upstream/INDEX.md,Elastic-2.0,2026 SuperTale contributors,REUSE.toml aggregate annotation
agent_skills/village-canvas-shotcraft/references/upstream/UPSTREAM_LICENSE.txt,Apache-2.0,2026 Wei Yihao,Vincentwei1021/video-shotcraft@b1534bbfb892c1047f29f3fe63677b961844d37e; bundled UPSTREAM_LICENSE.txt
agent_skills/village-canvas-shotcraft/references/upstream/cards/camera/crash-zoom-punch.md,Apache-2.0,2026 Wei Yihao,Vincentwei1021/video-shotcraft@b1534bbfb892c1047f29f3fe63677b961844d37e; bundled UPSTREAM_LICENSE.txt
agent_skills/village-canvas-shotcraft/references/upstream/cards/camera/depth-layer-moves.md,Apache-2.0,2026 Wei Yihao,Vincentwei1021/video-shotcraft@b1534bbfb892c1047f29f3fe63677b961844d37e; bundled UPSTREAM_LICENSE.txt
agent_skills/village-canvas-shotcraft/references/upstream/cards/camera/graze-face-tour.md,Apache-2.0,2026 Wei Yihao,Vincentwei1021/video-shotcraft@b1534bbfb892c1047f29f3fe63677b961844d37e; bundled UPSTREAM_LICENSE.txt
agent_skills/village-canvas-shotcraft/references/upstream/cards/camera/overhead-camera-moves.md,Apache-2.0,2026 Wei Yihao,Vincentwei1021/video-shotcraft@b1534bbfb892c1047f29f3fe63677b961844d37e; bundled UPSTREAM_LICENSE.txt
agent_skills/village-canvas-shotcraft/references/upstream/cards/camera/space-camera-moves.md,Apache-2.0,2026 Wei Yihao,Vincentwei1021/video-shotcraft@b1534bbfb892c1047f29f3fe63677b961844d37e; bundled UPSTREAM_LICENSE.txt
agent_skills/village-canvas-shotcraft/references/upstream/cards/camera/steep-tilt-glide.md,Apache-2.0,2026 Wei Yihao,Vincentwei1021/video-shotcraft@b1534bbfb892c1047f29f3fe63677b961844d37e; bundled UPSTREAM_LICENSE.txt
agent_skills/village-canvas-shotcraft/references/upstream/cards/camera/tension-camera-moves.md,Apache-2.0,2026 Wei Yihao,Vincentwei1021/video-shotcraft@b1534bbfb892c1047f29f3fe63677b961844d37e; bundled UPSTREAM_LICENSE.txt
agent_skills/village-canvas-shotcraft/references/upstream/cards/effects/brand-frame-snap.md,Apache-2.0,2026 Wei Yihao,Vincentwei1021/video-shotcraft@b1534bbfb892c1047f29f3fe63677b961844d37e; bundled UPSTREAM_LICENSE.txt
agent_skills/village-canvas-shotcraft/references/upstream/cards/effects/fui-hud-moves.md,Apache-2.0,2026 Wei Yihao,Vincentwei1021/video-shotcraft@b1534bbfb892c1047f29f3fe63677b961844d37e; bundled UPSTREAM_LICENSE.txt
agent_skills/village-canvas-shotcraft/references/upstream/cards/effects/glow-flyline-moves.md,Apache-2.0,2026 Wei Yihao,Vincentwei1021/video-shotcraft@b1534bbfb892c1047f29f3fe63677b961844d37e; bundled UPSTREAM_LICENSE.txt
agent_skills/village-canvas-shotcraft/references/upstream/cards/effects/icon-performance-moves.md,Apache-2.0,2026 Wei Yihao,Vincentwei1021/video-shotcraft@b1534bbfb892c1047f29f3fe63677b961844d37e; bundled UPSTREAM_LICENSE.txt
agent_skills/village-canvas-shotcraft/references/upstream/cards/effects/impact-feedback.md,Apache-2.0,2026 Wei Yihao,Vincentwei1021/video-shotcraft@b1534bbfb892c1047f29f3fe63677b961844d37e; bundled UPSTREAM_LICENSE.txt
agent_skills/village-canvas-shotcraft/references/upstream/cards/effects/light-play-moves.md,Apache-2.0,2026 Wei Yihao,Vincentwei1021/video-shotcraft@b1534bbfb892c1047f29f3fe63677b961844d37e; bundled UPSTREAM_LICENSE.txt
agent_skills/village-canvas-shotcraft/references/upstream/cards/effects/line-boil.md,Apache-2.0,2026 Wei Yihao,Vincentwei1021/video-shotcraft@b1534bbfb892c1047f29f3fe63677b961844d37e; bundled UPSTREAM_LICENSE.txt
agent_skills/village-canvas-shotcraft/references/upstream/cards/effects/riso-print-hits.md,Apache-2.0,2026 Wei Yihao,Vincentwei1021/video-shotcraft@b1534bbfb892c1047f29f3fe63677b961844d37e; bundled UPSTREAM_LICENSE.txt
agent_skills/village-canvas-shotcraft/references/upstream/cards/effects/slam-entrance-moves.md,Apache-2.0,2026 Wei Yihao,Vincentwei1021/video-shotcraft@b1534bbfb892c1047f29f3fe63677b961844d37e; bundled UPSTREAM_LICENSE.txt
agent_skills/village-canvas-shotcraft/references/upstream/cards/effects/spotlight-sweep-moves.md,Apache-2.0,2026 Wei Yihao,Vincentwei1021/video-shotcraft@b1534bbfb892c1047f29f3fe63677b961844d37e; bundled UPSTREAM_LICENSE.txt
agent_skills/village-canvas-shotcraft/references/upstream/cards/opening/brand-ink-open.md,Apache-2.0,2026 Wei Yihao,Vincentwei1021/video-shotcraft@b1534bbfb892c1047f29f3fe63677b961844d37e; bundled UPSTREAM_LICENSE.txt
agent_skills/village-canvas-shotcraft/references/upstream/cards/opening/crane-rise-reveal.md,Apache-2.0,2026 Wei Yihao,Vincentwei1021/video-shotcraft@b1534bbfb892c1047f29f3fe63677b961844d37e; bundled UPSTREAM_LICENSE.txt
agent_skills/village-canvas-shotcraft/references/upstream/cards/opening/dataviz-landscape-open.md,Apache-2.0,2026 Wei Yihao,Vincentwei1021/video-shotcraft@b1534bbfb892c1047f29f3fe63677b961844d37e; bundled UPSTREAM_LICENSE.txt
agent_skills/village-canvas-shotcraft/references/upstream/cards/opening/icon-field-colorize.md,Apache-2.0,2026 Wei Yihao,Vincentwei1021/video-shotcraft@b1534bbfb892c1047f29f3fe63677b961844d37e; bundled UPSTREAM_LICENSE.txt
agent_skills/village-canvas-shotcraft/references/upstream/cards/opening/letterspace-materialize.md,Apache-2.0,2026 Wei Yihao,Vincentwei1021/video-shotcraft@b1534bbfb892c1047f29f3fe63677b961844d37e; bundled UPSTREAM_LICENSE.txt
agent_skills/village-canvas-shotcraft/references/upstream/cards/opening/magician-card-flourish.md,Apache-2.0,2026 Wei Yihao,Vincentwei1021/video-shotcraft@b1534bbfb892c1047f29f3fe63677b961844d37e; bundled UPSTREAM_LICENSE.txt
agent_skills/village-canvas-shotcraft/references/upstream/cards/opening/spotlight-hero-card.md,Apache-2.0,2026 Wei Yihao,Vincentwei1021/video-shotcraft@b1534bbfb892c1047f29f3fe63677b961844d37e; bundled UPSTREAM_LICENSE.txt
agent_skills/village-canvas-shotcraft/references/upstream/cards/opening/stroke-segment-build.md,Apache-2.0,2026 Wei Yihao,Vincentwei1021/video-shotcraft@b1534bbfb892c1047f29f3fe63677b961844d37e; bundled UPSTREAM_LICENSE.txt
agent_skills/village-canvas-shotcraft/references/upstream/cards/opening/text-as-mask.md,Apache-2.0,2026 Wei Yihao,Vincentwei1021/video-shotcraft@b1534bbfb892c1047f29f3fe63677b961844d37e; bundled UPSTREAM_LICENSE.txt
agent_skills/village-canvas-shotcraft/references/upstream/cards/outro/edit-hook-moves.md,Apache-2.0,2026 Wei Yihao,Vincentwei1021/video-shotcraft@b1534bbfb892c1047f29f3fe63677b961844d37e; bundled UPSTREAM_LICENSE.txt
agent_skills/village-canvas-shotcraft/references/upstream/cards/outro/neon-triple-marquee.md,Apache-2.0,2026 Wei Yihao,Vincentwei1021/video-shotcraft@b1534bbfb892c1047f29f3fe63677b961844d37e; bundled UPSTREAM_LICENSE.txt
agent_skills/village-canvas-shotcraft/references/upstream/cards/outro/outro-group-photo-launch.md,Apache-2.0,2026 Wei Yihao,Vincentwei1021/video-shotcraft@b1534bbfb892c1047f29f3fe63677b961844d37e; bundled UPSTREAM_LICENSE.txt
agent_skills/village-canvas-shotcraft/references/upstream/cards/outro/ui-strip-away-outro.md,Apache-2.0,2026 Wei Yihao,Vincentwei1021/video-shotcraft@b1534bbfb892c1047f29f3fe63677b961844d37e; bundled UPSTREAM_LICENSE.txt
agent_skills/village-canvas-shotcraft/references/upstream/cards/outro/ui-to-brand-morph.md,Apache-2.0,2026 Wei Yihao,Vincentwei1021/video-shotcraft@b1534bbfb892c1047f29f3fe63677b961844d37e; bundled UPSTREAM_LICENSE.txt
agent_skills/village-canvas-shotcraft/references/upstream/cards/rhythm/beat-cut-moves.md,Apache-2.0,2026 Wei Yihao,Vincentwei1021/video-shotcraft@b1534bbfb892c1047f29f3fe63677b961844d37e; bundled UPSTREAM_LICENSE.txt
agent_skills/village-canvas-shotcraft/references/upstream/cards/rhythm/beat-step-list-theme-cycle.md,Apache-2.0,2026 Wei Yihao,Vincentwei1021/video-shotcraft@b1534bbfb892c1047f29f3fe63677b961844d37e; bundled UPSTREAM_LICENSE.txt
agent_skills/village-canvas-shotcraft/references/upstream/cards/rhythm/montage-rhythm-moves.md,Apache-2.0,2026 Wei Yihao,Vincentwei1021/video-shotcraft@b1534bbfb892c1047f29f3fe63677b961844d37e; bundled UPSTREAM_LICENSE.txt
agent_skills/village-canvas-shotcraft/references/upstream/cards/rhythm/panel-grid-moves.md,Apache-2.0,2026 Wei Yihao,Vincentwei1021/video-shotcraft@b1534bbfb892c1047f29f3fe63677b961844d37e; bundled UPSTREAM_LICENSE.txt
agent_skills/village-canvas-shotcraft/references/upstream/cards/rhythm/rhythm-interrupt-moves.md,Apache-2.0,2026 Wei Yihao,Vincentwei1021/video-shotcraft@b1534bbfb892c1047f29f3fe63677b961844d37e; bundled UPSTREAM_LICENSE.txt
agent_skills/village-canvas-shotcraft/references/upstream/cards/rhythm/sakuga-timing-shift.md,Apache-2.0,2026 Wei Yihao,Vincentwei1021/video-shotcraft@b1534bbfb892c1047f29f3fe63677b961844d37e; bundled UPSTREAM_LICENSE.txt
agent_skills/village-canvas-shotcraft/references/upstream/cards/rhythm/smear-multiples.md,Apache-2.0,2026 Wei Yihao,Vincentwei1021/video-shotcraft@b1534bbfb892c1047f29f3fe63677b961844d37e; bundled UPSTREAM_LICENSE.txt
agent_skills/village-canvas-shotcraft/references/upstream/cards/rhythm/spectrum-morph-ui.md,Apache-2.0,2026 Wei Yihao,Vincentwei1021/video-shotcraft@b1534bbfb892c1047f29f3fe63677b961844d37e; bundled UPSTREAM_LICENSE.txt
agent_skills/village-canvas-shotcraft/references/upstream/cards/rhythm/speed-ramp-freeze.md,Apache-2.0,2026 Wei Yihao,Vincentwei1021/video-shotcraft@b1534bbfb892c1047f29f3fe63677b961844d37e; bundled UPSTREAM_LICENSE.txt
agent_skills/village-canvas-shotcraft/references/upstream/cards/rhythm/trailer-grammar-moves.md,Apache-2.0,2026 Wei Yihao,Vincentwei1021/video-shotcraft@b1534bbfb892c1047f29f3fe63677b961844d37e; bundled UPSTREAM_LICENSE.txt
agent_skills/village-canvas-shotcraft/references/upstream/cards/transition/bottom-push-stack-wipe.md,Apache-2.0,2026 Wei Yihao,Vincentwei1021/video-shotcraft@b1534bbfb892c1047f29f3fe63677b961844d37e; bundled UPSTREAM_LICENSE.txt
agent_skills/village-canvas-shotcraft/references/upstream/cards/transition/bubble-swarm-takeover.md,Apache-2.0,2026 Wei Yihao,Vincentwei1021/video-shotcraft@b1534bbfb892c1047f29f3fe63677b961844d37e; bundled UPSTREAM_LICENSE.txt
agent_skills/village-canvas-shotcraft/references/upstream/cards/transition/card-flip-reveal.md,Apache-2.0,2026 Wei Yihao,Vincentwei1021/video-shotcraft@b1534bbfb892c1047f29f3fe63677b961844d37e; bundled UPSTREAM_LICENSE.txt
agent_skills/village-canvas-shotcraft/references/upstream/cards/transition/card-flock-tumble.md,Apache-2.0,2026 Wei Yihao,Vincentwei1021/video-shotcraft@b1534bbfb892c1047f29f3fe63677b961844d37e; bundled UPSTREAM_LICENSE.txt
agent_skills/village-canvas-shotcraft/references/upstream/cards/transition/circle-match-iris.md,Apache-2.0,2026 Wei Yihao,Vincentwei1021/video-shotcraft@b1534bbfb892c1047f29f3fe63677b961844d37e; bundled UPSTREAM_LICENSE.txt
agent_skills/village-canvas-shotcraft/references/upstream/cards/transition/color-block-step-wipe.md,Apache-2.0,2026 Wei Yihao,Vincentwei1021/video-shotcraft@b1534bbfb892c1047f29f3fe63677b961844d37e; bundled UPSTREAM_LICENSE.txt
agent_skills/village-canvas-shotcraft/references/upstream/cards/transition/line-carry-transition.md,Apache-2.0,2026 Wei Yihao,Vincentwei1021/video-shotcraft@b1534bbfb892c1047f29f3fe63677b961844d37e; bundled UPSTREAM_LICENSE.txt
agent_skills/village-canvas-shotcraft/references/upstream/cards/transition/page-turn-transitions.md,Apache-2.0,2026 Wei Yihao,Vincentwei1021/video-shotcraft@b1534bbfb892c1047f29f3fe63677b961844d37e; bundled UPSTREAM_LICENSE.txt
agent_skills/village-canvas-shotcraft/references/upstream/cards/transition/paper-plane-messenger.md,Apache-2.0,2026 Wei Yihao,Vincentwei1021/video-shotcraft@b1534bbfb892c1047f29f3fe63677b961844d37e; bundled UPSTREAM_LICENSE.txt
agent_skills/village-canvas-shotcraft/references/upstream/cards/transition/print-texture-transitions.md,Apache-2.0,2026 Wei Yihao,Vincentwei1021/video-shotcraft@b1534bbfb892c1047f29f3fe63677b961844d37e; bundled UPSTREAM_LICENSE.txt
agent_skills/village-canvas-shotcraft/references/upstream/cards/transition/shot-transitions.md,Apache-2.0,2026 Wei Yihao,Vincentwei1021/video-shotcraft@b1534bbfb892c1047f29f3fe63677b961844d37e; bundled UPSTREAM_LICENSE.txt
agent_skills/village-canvas-shotcraft/references/upstream/cards/transition/tear-streak-transitions.md,Apache-2.0,2026 Wei Yihao,Vincentwei1021/video-shotcraft@b1534bbfb892c1047f29f3fe63677b961844d37e; bundled UPSTREAM_LICENSE.txt
agent_skills/village-canvas-shotcraft/references/upstream/cards/transition/transition-hidden-cut.md,Apache-2.0,2026 Wei Yihao,Vincentwei1021/video-shotcraft@b1534bbfb892c1047f29f3fe63677b961844d37e; bundled UPSTREAM_LICENSE.txt
agent_skills/village-canvas-shotcraft/references/upstream/cards/transition/transition-travel.md,Apache-2.0,2026 Wei Yihao,Vincentwei1021/video-shotcraft@b1534bbfb892c1047f29f3fe63677b961844d37e; bundled UPSTREAM_LICENSE.txt
agent_skills/village-canvas-shotcraft/references/upstream/cards/transition/wipe-transitions.md,Apache-2.0,2026 Wei Yihao,Vincentwei1021/video-shotcraft@b1534bbfb892c1047f29f3fe63677b961844d37e; bundled UPSTREAM_LICENSE.txt
agent_skills/village-canvas-shotcraft/references/upstream/catalog.json,Apache-2.0,2026 Wei Yihao,Vincentwei1021/video-shotcraft@b1534bbfb892c1047f29f3fe63677b961844d37e; bundled UPSTREAM_LICENSE.txt
agent_skills/village-canvas-shotcraft/references/upstream/core/aesthetic-rules.md,Apache-2.0,2026 Wei Yihao,Vincentwei1021/video-shotcraft@b1534bbfb892c1047f29f3fe63677b961844d37e; bundled UPSTREAM_LICENSE.txt
agent_skills/village-canvas-shotcraft/references/upstream/core/final-review.md,Apache-2.0,2026 Wei Yihao,Vincentwei1021/video-shotcraft@b1534bbfb892c1047f29f3fe63677b961844d37e; bundled UPSTREAM_LICENSE.txt
agent_skills/village-canvas-shotcraft/references/upstream/core/music-beat-sync.md,Apache-2.0,2026 Wei Yihao,Vincentwei1021/video-shotcraft@b1534bbfb892c1047f29f3fe63677b961844d37e; bundled UPSTREAM_LICENSE.txt
agent_skills/village-canvas-shotcraft/references/upstream/core/sound-design.md,Apache-2.0,2026 Wei Yihao,Vincentwei1021/video-shotcraft@b1534bbfb892c1047f29f3fe63677b961844d37e; bundled UPSTREAM_LICENSE.txt
agent_skills/village-canvas-shotcraft/references/upstream/manifest.json,Elastic-2.0,2026 SuperTale contributors,REUSE.toml aggregate annotation
agent_skills/village-canvas-shotcraft/scripts/build_shotcraft_bundle.py,Elastic-2.0,2026 SuperTale contributors,REUSE.toml aggregate annotation
agent_skills/village-canvas-story-director/SKILL.md,Elastic-2.0,2026 SuperTale contributors,REUSE.toml aggregate annotation
agent_skills/village-canvas-storyboard/SKILL.md,Elastic-2.0,2026 SuperTale contributors,REUSE.toml aggregate annotation
agent_skills/village-canvas-style-lock/SKILL.md,Elastic-2.0,2026 SuperTale contributors,REUSE.toml aggregate annotation
agent_skills/village-canvas-template-director/SKILL.md,Elastic-2.0,2026 SuperTale contributors,REUSE.toml aggregate annotation
agent_skills/village-canvas-visual-style/SKILL.md,Elastic-2.0,2026 SuperTale contributors,REUSE.toml aggregate annotation
agent_skills/village-canvas-workflow-engineering/SKILL.md,Elastic-2.0,2026 SuperTale contributors,REUSE.toml aggregate annotation
agent_skills/village-canvas/EXECUTION_CONTRACT.md,Elastic-2.0,2026 SuperTale contributors,REUSE.toml aggregate annotation
agent_skills/village-canvas/SKILL.md,Elastic-2.0,2026 SuperTale contributors,REUSE.toml aggregate annotation
agent_skills/village-canvas/playbooks/episode.md,Elastic-2.0,2026 SuperTale contributors,REUSE.toml aggregate annotation
agent_skills/village-canvas/playbooks/init.md,Elastic-2.0,2026 SuperTale contributors,REUSE.toml aggregate annotation
agent_skills/village-canvas/playbooks/resume.md,Elastic-2.0,2026 SuperTale contributors,REUSE.toml aggregate annotation
agent_skills/village-canvas/references/api-reference.md,Elastic-2.0,2026 SuperTale contributors,REUSE.toml aggregate annotation
agent_skills/village-canvas/references/async-tasks.md,Elastic-2.0,2026 SuperTale contributors,REUSE.toml aggregate annotation
agent_skills/village-canvas/references/delivery-boundaries.md,Elastic-2.0,2026 SuperTale contributors,REUSE.toml aggregate annotation
agent_skills/village-canvas/references/editable-fields.md,Elastic-2.0,2026 SuperTale contributors,REUSE.toml aggregate annotation
agent_skills/village-canvas/references/pipeline-details.md,Elastic-2.0,2026 SuperTale contributors,REUSE.toml aggregate annotation
agent_skills/village-canvas/references/read-behavior.md,Elastic-2.0,2026 SuperTale contributors,REUSE.toml aggregate annotation
agent_skills/village-canvas/references/run-modes.md,Elastic-2.0,2026 SuperTale contributors,REUSE.toml aggregate annotation
agent_skills/village-canvas/references/update-behavior.md,Elastic-2.0,2026 SuperTale contributors,REUSE.toml aggregate annotation
assets/architecture.excalidraw,Elastic-2.0,2026 SuperTale contributors,REUSE.toml aggregate annotation
assets/architecture.png,Elastic-2.0,2026 SuperTale contributors,REUSE.toml aggregate annotation
assets/hero.png,Elastic-2.0,2026 SuperTale contributors,REUSE.toml aggregate annotation
assets/pipeline.excalidraw,Elastic-2.0,2026 SuperTale contributors,REUSE.toml aggregate annotation
assets/pipeline.png,Elastic-2.0,2026 SuperTale contributors,REUSE.toml aggregate annotation
assets/readme/desk.png,Elastic-2.0,2026 SuperTale contributors,REUSE.toml aggregate annotation
assets/readme/paper.png,Elastic-2.0,2026 SuperTale contributors,REUSE.toml aggregate annotation
assets/readme/sequence.png,Elastic-2.0,2026 SuperTale contributors,REUSE.toml aggregate annotation
assets/readme/thread-map.png,Elastic-2.0,2026 SuperTale contributors,REUSE.toml aggregate annotation
ce-allowlist.toml,Elastic-2.0,2026 SuperTale contributors,REUSE.toml aggregate annotation
deploy/media-relay/server.py,Elastic-2.0,2026 SuperTale contributors,REUSE.toml aggregate annotation
deploy/media-relay/village-canvas-media-relay.service,Elastic-2.0,2026 SuperTale contributors,REUSE.toml aggregate annotation
deploy/sandbox/linux-amd64/codex-linux-sandbox,Apache-2.0,2026 OpenAI,built from openai/codex codex-rs/linux-sandbox commit da4c8ca57d40b074bdc1b5b1218851100150c56b
deploy/sandbox/linux-arm64/codex-linux-sandbox,Apache-2.0,2026 OpenAI,built from openai/codex codex-rs/linux-sandbox commit da4c8ca57d40b074bdc1b5b1218851100150c56b
deploy/sandbox/seatbelt_base_policy.sbpl,Elastic-2.0,2026 SuperTale contributors,REUSE.toml aggregate annotation
deploy/sandbox/seatbelt_network_policy.sbpl,Elastic-2.0,2026 SuperTale contributors,REUSE.toml aggregate annotation
docker-compose.release.yml,Elastic-2.0,2026 SuperTale contributors,REUSE.toml aggregate annotation
docker-compose.selfhosted.release.yml,Elastic-2.0,2026 SuperTale contributors,REUSE.toml aggregate annotation
docker-compose.selfhosted.yml,Elastic-2.0,2026 SuperTale contributors,REUSE.toml aggregate annotation
docker-compose.yml,Elastic-2.0,2026 SuperTale contributors,REUSE.toml aggregate annotation
docs/arch/g01-filmcraft-workflow-boundary.md,Elastic-2.0,2026 SuperTale contributors,REUSE.toml aggregate annotation
docs/en/license.md,Elastic-2.0,2026 SuperTale contributors,REUSE.toml aggregate annotation
docs/knowledge/combat_prompt_distilled.md,Elastic-2.0,2026 SuperTale contributors,REUSE.toml aggregate annotation
docs/zh/license.md,Elastic-2.0,2026 SuperTale contributors,REUSE.toml aggregate annotation
examples/__init__.py,Elastic-2.0,2026 SuperTale contributors,REUSE.toml aggregate annotation
examples/seedance2_fast_demo.py,Elastic-2.0,2026 SuperTale contributors,REUSE.toml aggregate annotation
frontend/.dockerignore,Elastic-2.0,2026 SuperTale contributors,REUSE.toml aggregate annotation
frontend/.env.example,Elastic-2.0,2026 SuperTale contributors,REUSE.toml aggregate annotation
frontend/.env.supercanvas,Elastic-2.0,2026 SuperTale contributors,REUSE.toml aggregate annotation
frontend/.gitignore,Elastic-2.0,2026 SuperTale contributors,REUSE.toml aggregate annotation
frontend/Dockerfile,Elastic-2.0,2026 SuperTale contributors,REUSE.toml aggregate annotation
frontend/LICENSE,Elastic-2.0,2026 SuperTale contributors,REUSE.toml aggregate annotation
frontend/LICENSES/CC0-1.0.txt,Elastic-2.0,2026 SuperTale contributors,REUSE.toml aggregate annotation
frontend/LICENSES/Elastic-2.0.txt,Elastic-2.0,2026 SuperTale contributors,REUSE.toml aggregate annotation
frontend/NOTICE,Elastic-2.0,2026 SuperTale contributors,REUSE.toml aggregate annotation
frontend/README.md,Elastic-2.0,2026 SuperTale contributors,REUSE.toml aggregate annotation
frontend/REUSE.toml,Elastic-2.0,2026 SuperTale contributors,REUSE.toml aggregate annotation
frontend/THIRD-PARTY-LICENSES.txt,Elastic-2.0,2026 SuperTale contributors,REUSE.toml aggregate annotation
frontend/build-id.ts,Elastic-2.0,2026 SuperTale contributors,REUSE.toml aggregate annotation
frontend/components.json,Elastic-2.0,2026 SuperTale contributors,REUSE.toml aggregate annotation
frontend/docker/nginx.conf.template,Elastic-2.0,2026 SuperTale contributors,REUSE.toml aggregate annotation
frontend/favicon.svg,Elastic-2.0,2026 SuperTale contributors,REUSE.toml aggregate annotation
frontend/icons.svg,Elastic-2.0,2026 SuperTale contributors,REUSE.toml aggregate annotation
frontend/index.html,Elastic-2.0,2026 SuperTale contributors,REUSE.toml aggregate annotation
frontend/package.json,Elastic-2.0,2026 SuperTale contributors,REUSE.toml aggregate annotation
frontend/pnpm-lock.yaml,Elastic-2.0,2026 SuperTale contributors,REUSE.toml aggregate annotation
frontend/pnpm-workspace.yaml,Elastic-2.0,2026 SuperTale contributors,REUSE.toml aggregate annotation
frontend/public/brand/dclogo-dark.png,Elastic-2.0,2026 SuperTale contributors,REUSE.toml aggregate annotation
frontend/public/brand/dclogo.png,Elastic-2.0,2026 SuperTale contributors,REUSE.toml aggregate annotation
frontend/public/brand/logo-d.png,Elastic-2.0,2026 SuperTale contributors,REUSE.toml aggregate annotation
frontend/public/brand/party-founding-105.mp4,Elastic-2.0,2026 SuperTale contributors,REUSE.toml aggregate annotation
frontend/public/brand/village-canvas-mark-dark.png,Elastic-2.0,2026 SuperTale contributors,REUSE.toml aggregate annotation
frontend/public/brand/village-canvas-mark-light.png,Elastic-2.0,2026 SuperTale contributors,REUSE.toml aggregate annotation
frontend/public/expression-head/LICENSE.txt,MIT,2020 USC Institute for Creative Technologies,ICT-FaceKit MIT text and attribution; historical MPFB notice retained
frontend/public/expression-head/ict-facekit-head.glb,MIT,2020 USC Institute for Creative Technologies,ICT-FaceKit; bundled expression-head/LICENSE.txt; converted OBJ morph targets
frontend/public/favicon.svg,Elastic-2.0,2026 SuperTale contributors,REUSE.toml aggregate annotation
frontend/public/icons.svg,Elastic-2.0,2026 SuperTale contributors,REUSE.toml aggregate annotation
frontend/public/images/agent-badge.png,Elastic-2.0,2026 SuperTale contributors,REUSE.toml aggregate annotation
frontend/public/images/aperture/f-1-4.png,Elastic-2.0,2026 SuperTale contributors,REUSE.toml aggregate annotation
frontend/public/images/aperture/f-11.png,Elastic-2.0,2026 SuperTale contributors,REUSE.toml aggregate annotation
frontend/public/images/aperture/f-4.png,Elastic-2.0,2026 SuperTale contributors,REUSE.toml aggregate annotation
frontend/public/images/avatar-claw.png,Elastic-2.0,2026 SuperTale contributors,REUSE.toml aggregate annotation
frontend/public/images/avatar-motion.mp4,Elastic-2.0,2026 SuperTale contributors,REUSE.toml aggregate annotation
frontend/public/images/bg-chat-buttom.png,Elastic-2.0,2026 SuperTale contributors,REUSE.toml aggregate annotation
frontend/public/images/btnmotion.mp4,Elastic-2.0,2026 SuperTale contributors,REUSE.toml aggregate annotation
frontend/public/images/button-director.png,Elastic-2.0,2026 SuperTale contributors,REUSE.toml aggregate annotation
frontend/public/images/camera/arri-alexa-35.png,Elastic-2.0,2026 SuperTale contributors,REUSE.toml aggregate annotation; owner confirmed self-authorship or redistribution authorization on 2026-10-09; see docs/PUBLIC_SOURCE_RELEASE.md; original notices prevail
frontend/public/images/camera/arri-alexa-65.png,Elastic-2.0,2026 SuperTale contributors,REUSE.toml aggregate annotation; owner confirmed self-authorship or redistribution authorization on 2026-10-09; see docs/PUBLIC_SOURCE_RELEASE.md; original notices prevail
frontend/public/images/camera/arricam-lt.png,Elastic-2.0,2026 SuperTale contributors,REUSE.toml aggregate annotation; owner confirmed self-authorship or redistribution authorization on 2026-10-09; see docs/PUBLIC_SOURCE_RELEASE.md; original notices prevail
frontend/public/images/camera/arriflex-435.png,Elastic-2.0,2026 SuperTale contributors,REUSE.toml aggregate annotation; owner confirmed self-authorship or redistribution authorization on 2026-10-09; see docs/PUBLIC_SOURCE_RELEASE.md; original notices prevail
frontend/public/images/camera/imax-film-camera.png,Elastic-2.0,2026 SuperTale contributors,REUSE.toml aggregate annotation; owner confirmed self-authorship or redistribution authorization on 2026-10-09; see docs/PUBLIC_SOURCE_RELEASE.md; original notices prevail
frontend/public/images/camera/imax-keighley.png,Elastic-2.0,2026 SuperTale contributors,REUSE.toml aggregate annotation; owner confirmed self-authorship or redistribution authorization on 2026-10-09; see docs/PUBLIC_SOURCE_RELEASE.md; original notices prevail
frontend/public/images/camera/panavision-dxl2.png,Elastic-2.0,2026 SuperTale contributors,REUSE.toml aggregate annotation; owner confirmed self-authorship or redistribution authorization on 2026-10-09; see docs/PUBLIC_SOURCE_RELEASE.md; original notices prevail
frontend/public/images/camera/red-v-raptor.png,Elastic-2.0,2026 SuperTale contributors,REUSE.toml aggregate annotation; owner confirmed self-authorship or redistribution authorization on 2026-10-09; see docs/PUBLIC_SOURCE_RELEASE.md; original notices prevail
frontend/public/images/camera/sony-venice.png,Elastic-2.0,2026 SuperTale contributors,REUSE.toml aggregate annotation; owner confirmed self-authorship or redistribution authorization on 2026-10-09; see docs/PUBLIC_SOURCE_RELEASE.md; original notices prevail
frontend/public/images/companion-title-ok-buddy.png,Elastic-2.0,2026 SuperTale contributors,REUSE.toml aggregate annotation
frontend/public/images/lens/arri-signature-prime.png,Elastic-2.0,2026 SuperTale contributors,REUSE.toml aggregate annotation; owner confirmed self-authorship or redistribution authorization on 2026-10-09; see docs/PUBLIC_SOURCE_RELEASE.md; original notices prevail
frontend/public/images/lens/canon-k-35.png,Elastic-2.0,2026 SuperTale contributors,REUSE.toml aggregate annotation; owner confirmed self-authorship or redistribution authorization on 2026-10-09; see docs/PUBLIC_SOURCE_RELEASE.md; original notices prevail
frontend/public/images/lens/cooke-panchro.png,Elastic-2.0,2026 SuperTale contributors,REUSE.toml aggregate annotation; owner confirmed self-authorship or redistribution authorization on 2026-10-09; see docs/PUBLIC_SOURCE_RELEASE.md; original notices prevail
frontend/public/images/lens/cooke-s4.png,Elastic-2.0,2026 SuperTale contributors,REUSE.toml aggregate annotation; owner confirmed self-authorship or redistribution authorization on 2026-10-09; see docs/PUBLIC_SOURCE_RELEASE.md; original notices prevail
frontend/public/images/lens/cooke-sf-1-8x.png,Elastic-2.0,2026 SuperTale contributors,REUSE.toml aggregate annotation; owner confirmed self-authorship or redistribution authorization on 2026-10-09; see docs/PUBLIC_SOURCE_RELEASE.md; original notices prevail
frontend/public/images/lens/hawk-class-x.png,Elastic-2.0,2026 SuperTale contributors,REUSE.toml aggregate annotation; owner confirmed self-authorship or redistribution authorization on 2026-10-09; see docs/PUBLIC_SOURCE_RELEASE.md; original notices prevail
frontend/public/images/lens/helios.png,Elastic-2.0,2026 SuperTale contributors,REUSE.toml aggregate annotation; owner confirmed self-authorship or redistribution authorization on 2026-10-09; see docs/PUBLIC_SOURCE_RELEASE.md; original notices prevail
frontend/public/images/lens/panavision-c-series.png,Elastic-2.0,2026 SuperTale contributors,REUSE.toml aggregate annotation; owner confirmed self-authorship or redistribution authorization on 2026-10-09; see docs/PUBLIC_SOURCE_RELEASE.md; original notices prevail
frontend/public/images/lens/panavision-primo.png,Elastic-2.0,2026 SuperTale contributors,REUSE.toml aggregate annotation; owner confirmed self-authorship or redistribution authorization on 2026-10-09; see docs/PUBLIC_SOURCE_RELEASE.md; original notices prevail
frontend/public/images/lens/zeiss-ultra-prime.png,Elastic-2.0,2026 SuperTale contributors,REUSE.toml aggregate annotation; owner confirmed self-authorship or redistribution authorization on 2026-10-09; see docs/PUBLIC_SOURCE_RELEASE.md; original notices prevail
frontend/public/images/skill-covers/banana-prompt-copilot.jpg,Elastic-2.0,2026 SuperTale contributors,REUSE.toml aggregate annotation
frontend/public/images/skill-covers/explain-how-it-made.jpg,Elastic-2.0,2026 SuperTale contributors,REUSE.toml aggregate annotation
frontend/public/images/skill-covers/gpt-image2-prompt-copilot.jpg,Elastic-2.0,2026 SuperTale contributors,REUSE.toml aggregate annotation
frontend/public/images/skill-covers/kling-prompt-copilot.jpg,Elastic-2.0,2026 SuperTale contributors,REUSE.toml aggregate annotation
frontend/public/images/skill-covers/minimax-h3-prompt-copilot.jpg,Elastic-2.0,2026 SuperTale contributors,REUSE.toml aggregate annotation
frontend/public/images/skill-covers/seedance-2-5-prompt-copilot.jpg,Elastic-2.0,2026 SuperTale contributors,REUSE.toml aggregate annotation
frontend/public/images/skill-covers/seedance-2-prompt-copilot.jpg,Elastic-2.0,2026 SuperTale contributors,REUSE.toml aggregate annotation
frontend/public/images/skill-covers/skill-creator.jpg,Elastic-2.0,2026 SuperTale contributors,REUSE.toml aggregate annotation
frontend/public/locales/en/translation.json,Elastic-2.0,2026 SuperTale contributors,REUSE.toml aggregate annotation
frontend/public/locales/zh/translation.json,Elastic-2.0,2026 SuperTale contributors,REUSE.toml aggregate annotation
frontend/public/login-cinematic/final-mark.png,Elastic-2.0,2026 SuperTale contributors,REUSE.toml aggregate annotation
frontend/public/login-community/ember-crown.jpg,Elastic-2.0,2026 SuperTale contributors,REUSE.toml aggregate annotation
frontend/public/login-community/floating-market.jpg,Elastic-2.0,2026 SuperTale contributors,REUSE.toml aggregate annotation
frontend/public/login-community/glass-signal.jpg,Elastic-2.0,2026 SuperTale contributors,REUSE.toml aggregate annotation
frontend/public/login-community/last-take.jpg,Elastic-2.0,2026 SuperTale contributors,REUSE.toml aggregate annotation
frontend/public/login-community/neon-patrol.jpg,Elastic-2.0,2026 SuperTale contributors,REUSE.toml aggregate annotation
frontend/public/login-community/paper-city.jpg,Elastic-2.0,2026 SuperTale contributors,REUSE.toml aggregate annotation
frontend/public/login-community/rainy-night.jpg,Elastic-2.0,2026 SuperTale contributors,REUSE.toml aggregate annotation
frontend/public/login-community/silent-arcade.jpg,Elastic-2.0,2026 SuperTale contributors,REUSE.toml aggregate annotation
frontend/public/mediapipe/blaze_face_short_range.tflite,Apache-2.0,Google LLC,bundled from @mediapipe/tasks-vision 0.10.35
frontend/public/mediapipe/wasm/vision_wasm_internal.js,Apache-2.0,Google LLC,bundled from @mediapipe/tasks-vision 0.10.35
frontend/public/mediapipe/wasm/vision_wasm_internal.wasm,Apache-2.0,Google LLC,bundled from @mediapipe/tasks-vision 0.10.35
frontend/public/mediapipe/wasm/vision_wasm_module_internal.js,Apache-2.0,Google LLC,bundled from @mediapipe/tasks-vision 0.10.35
frontend/public/mediapipe/wasm/vision_wasm_module_internal.wasm,Apache-2.0,Google LLC,bundled from @mediapipe/tasks-vision 0.10.35
frontend/public/mediapipe/wasm/vision_wasm_nosimd_internal.js,Apache-2.0,Google LLC,bundled from @mediapipe/tasks-vision 0.10.35
frontend/public/mediapipe/wasm/vision_wasm_nosimd_internal.wasm,Apache-2.0,Google LLC,bundled from @mediapipe/tasks-vision 0.10.35
frontend/public/petdex/pets.json,Elastic-2.0,2026 SuperTale contributors,REUSE.toml aggregate annotation
frontend/public/petdex/zhizhi.webp,Elastic-2.0,2026 SuperTale contributors,REUSE.toml aggregate annotation
frontend/public/video/ai-avatar.mp4,Elastic-2.0,2026 SuperTale contributors,REUSE.toml aggregate annotation
frontend/public/video/camera-presets/aerial.mp4,Elastic-2.0,2026 SuperTale contributors,REUSE.toml aggregate annotation; owner confirmed self-authorship or redistribution authorization on 2026-10-09; see docs/PUBLIC_SOURCE_RELEASE.md; original notices prevail
frontend/public/video/camera-presets/crane-down.mp4,Elastic-2.0,2026 SuperTale contributors,REUSE.toml aggregate annotation; owner confirmed self-authorship or redistribution authorization on 2026-10-09; see docs/PUBLIC_SOURCE_RELEASE.md; original notices prevail
frontend/public/video/camera-presets/crane-up.mp4,Elastic-2.0,2026 SuperTale contributors,REUSE.toml aggregate annotation; owner confirmed self-authorship or redistribution authorization on 2026-10-09; see docs/PUBLIC_SOURCE_RELEASE.md; original notices prevail
frontend/public/video/camera-presets/dolly-in.mp4,Elastic-2.0,2026 SuperTale contributors,REUSE.toml aggregate annotation; owner confirmed self-authorship or redistribution authorization on 2026-10-09; see docs/PUBLIC_SOURCE_RELEASE.md; original notices prevail
frontend/public/video/camera-presets/dolly-out.mp4,Elastic-2.0,2026 SuperTale contributors,REUSE.toml aggregate annotation; owner confirmed self-authorship or redistribution authorization on 2026-10-09; see docs/PUBLIC_SOURCE_RELEASE.md; original notices prevail
frontend/public/video/camera-presets/dolly-zoom.mp4,Elastic-2.0,2026 SuperTale contributors,REUSE.toml aggregate annotation; owner confirmed self-authorship or redistribution authorization on 2026-10-09; see docs/PUBLIC_SOURCE_RELEASE.md; original notices prevail
frontend/public/video/camera-presets/drone.mp4,Elastic-2.0,2026 SuperTale contributors,REUSE.toml aggregate annotation; owner confirmed self-authorship or redistribution authorization on 2026-10-09; see docs/PUBLIC_SOURCE_RELEASE.md; original notices prevail
frontend/public/video/camera-presets/fixed.mp4,Elastic-2.0,2026 SuperTale contributors,REUSE.toml aggregate annotation; owner confirmed self-authorship or redistribution authorization on 2026-10-09; see docs/PUBLIC_SOURCE_RELEASE.md; original notices prevail
frontend/public/video/camera-presets/follow.mp4,Elastic-2.0,2026 SuperTale contributors,REUSE.toml aggregate annotation; owner confirmed self-authorship or redistribution authorization on 2026-10-09; see docs/PUBLIC_SOURCE_RELEASE.md; original notices prevail
frontend/public/video/camera-presets/fpv.mp4,Elastic-2.0,2026 SuperTale contributors,REUSE.toml aggregate annotation; owner confirmed self-authorship or redistribution authorization on 2026-10-09; see docs/PUBLIC_SOURCE_RELEASE.md; original notices prevail
frontend/public/video/camera-presets/handheld.mp4,Elastic-2.0,2026 SuperTale contributors,REUSE.toml aggregate annotation; owner confirmed self-authorship or redistribution authorization on 2026-10-09; see docs/PUBLIC_SOURCE_RELEASE.md; original notices prevail
frontend/public/video/camera-presets/orbit.mp4,Elastic-2.0,2026 SuperTale contributors,REUSE.toml aggregate annotation; owner confirmed self-authorship or redistribution authorization on 2026-10-09; see docs/PUBLIC_SOURCE_RELEASE.md; original notices prevail
frontend/public/video/camera-presets/pan-left.mp4,Elastic-2.0,2026 SuperTale contributors,REUSE.toml aggregate annotation; owner confirmed self-authorship or redistribution authorization on 2026-10-09; see docs/PUBLIC_SOURCE_RELEASE.md; original notices prevail
frontend/public/video/camera-presets/pan-right.mp4,Elastic-2.0,2026 SuperTale contributors,REUSE.toml aggregate annotation; owner confirmed self-authorship or redistribution authorization on 2026-10-09; see docs/PUBLIC_SOURCE_RELEASE.md; original notices prevail
frontend/public/video/camera-presets/roll.mp4,Elastic-2.0,2026 SuperTale contributors,REUSE.toml aggregate annotation; owner confirmed self-authorship or redistribution authorization on 2026-10-09; see docs/PUBLIC_SOURCE_RELEASE.md; original notices prevail
frontend/public/video/camera-presets/spiral-down.mp4,Elastic-2.0,2026 SuperTale contributors,REUSE.toml aggregate annotation; owner confirmed self-authorship or redistribution authorization on 2026-10-09; see docs/PUBLIC_SOURCE_RELEASE.md; original notices prevail
frontend/public/video/camera-presets/spiral-up.mp4,Elastic-2.0,2026 SuperTale contributors,REUSE.toml aggregate annotation; owner confirmed self-authorship or redistribution authorization on 2026-10-09; see docs/PUBLIC_SOURCE_RELEASE.md; original notices prevail
frontend/public/video/camera-presets/tilt-down.mp4,Elastic-2.0,2026 SuperTale contributors,REUSE.toml aggregate annotation; owner confirmed self-authorship or redistribution authorization on 2026-10-09; see docs/PUBLIC_SOURCE_RELEASE.md; original notices prevail
frontend/public/video/camera-presets/tilt-up.mp4,Elastic-2.0,2026 SuperTale contributors,REUSE.toml aggregate annotation; owner confirmed self-authorship or redistribution authorization on 2026-10-09; see docs/PUBLIC_SOURCE_RELEASE.md; original notices prevail
frontend/public/video/camera-presets/truck-left.mp4,Elastic-2.0,2026 SuperTale contributors,REUSE.toml aggregate annotation; owner confirmed self-authorship or redistribution authorization on 2026-10-09; see docs/PUBLIC_SOURCE_RELEASE.md; original notices prevail
frontend/public/video/camera-presets/truck-right.mp4,Elastic-2.0,2026 SuperTale contributors,REUSE.toml aggregate annotation; owner confirmed self-authorship or redistribution authorization on 2026-10-09; see docs/PUBLIC_SOURCE_RELEASE.md; original notices prevail
frontend/public/video/camera-presets/zoom-in.mp4,Elastic-2.0,2026 SuperTale contributors,REUSE.toml aggregate annotation; owner confirmed self-authorship or redistribution authorization on 2026-10-09; see docs/PUBLIC_SOURCE_RELEASE.md; original notices prevail
frontend/public/video/camera-presets/zoom-out.mp4,Elastic-2.0,2026 SuperTale contributors,REUSE.toml aggregate annotation; owner confirmed self-authorship or redistribution authorization on 2026-10-09; see docs/PUBLIC_SOURCE_RELEASE.md; original notices prevail
frontend/public/video/loading.mp4,Elastic-2.0,2026 SuperTale contributors,REUSE.toml aggregate annotation
frontend/public/video/login-community-preview.mp4,Elastic-2.0,2026 SuperTale contributors,REUSE.toml aggregate annotation
frontend/public/viewer-kit/quaternius/ual1/License.txt,CC0-1.0,Quaternius,upstream License.txt (CC0-1.0 public domain)
frontend/public/viewer-kit/quaternius/ual1/UAL1_Standard.glb,CC0-1.0,Quaternius,upstream License.txt (CC0-1.0 public domain)
frontend/public/viewer-kit/quaternius/ual2/License.txt,CC0-1.0,Quaternius,upstream License.txt (CC0-1.0 public domain)
frontend/public/viewer-kit/quaternius/ual2/UAL2_Standard.glb,CC0-1.0,Quaternius,upstream License.txt (CC0-1.0 public domain)
frontend/scripts/build-public-mirror.sh,Elastic-2.0,2026 SuperTale contributors,REUSE.toml aggregate annotation
frontend/src/__mocks__/msw/handlers/tasks.ts,Elastic-2.0,2026 SuperTale contributors,REUSE.toml aggregate annotation
frontend/src/__mocks__/msw/server.ts,Elastic-2.0,2026 SuperTale contributors,REUSE.toml aggregate annotation
frontend/src/__tests__/api/canvas.test.ts,Elastic-2.0,2026 SuperTale contributors,REUSE.toml aggregate annotation
frontend/src/__tests__/api/client.test.ts,Elastic-2.0,2026 SuperTale contributors,REUSE.toml aggregate annotation
frontend/src/__tests__/api/ops-image-advanced-params.test.ts,Elastic-2.0,2026 SuperTale contributors,REUSE.toml aggregate annotation
frontend/src/__tests__/api/ops-story-script-frames.test.ts,Elastic-2.0,2026 SuperTale contributors,REUSE.toml aggregate annotation
frontend/src/__tests__/api/ops-video-audio-default.test.ts,Elastic-2.0,2026 SuperTale contributors,REUSE.toml aggregate annotation
frontend/src/__tests__/api/ops-video-channel.test.ts,Elastic-2.0,2026 SuperTale contributors,REUSE.toml aggregate annotation
frontend/src/__tests__/api/production.test.ts,Elastic-2.0,2026 SuperTale contributors,REUSE.toml aggregate annotation
frontend/src/__tests__/browser/compose-audio-preview.html,Elastic-2.0,2026 SuperTale contributors,REUSE.toml aggregate annotation
frontend/src/__tests__/browser/compose-audio-preview.tsx,Elastic-2.0,2026 SuperTale contributors,REUSE.toml aggregate annotation
frontend/src/__tests__/browser/script-asset-gen-dialog.html,Elastic-2.0,2026 SuperTale contributors,REUSE.toml aggregate annotation
frontend/src/__tests__/browser/script-asset-gen-dialog.tsx,Elastic-2.0,2026 SuperTale contributors,REUSE.toml aggregate annotation
frontend/src/__tests__/browser/script-asset-review.html,Elastic-2.0,2026 SuperTale contributors,REUSE.toml aggregate annotation
frontend/src/__tests__/browser/script-asset-review.tsx,Elastic-2.0,2026 SuperTale contributors,REUSE.toml aggregate annotation
frontend/src/__tests__/browser/script-director-preview.html,Elastic-2.0,2026 SuperTale contributors,REUSE.toml aggregate annotation
frontend/src/__tests__/browser/script-director-preview.tsx,Elastic-2.0,2026 SuperTale contributors,REUSE.toml aggregate annotation
frontend/src/__tests__/browser/script-rough-media.html,Elastic-2.0,2026 SuperTale contributors,REUSE.toml aggregate annotation
frontend/src/__tests__/browser/script-rough-media.tsx,Elastic-2.0,2026 SuperTale contributors,REUSE.toml aggregate annotation
frontend/src/__tests__/browser/script-video-review.html,Elastic-2.0,2026 SuperTale contributors,REUSE.toml aggregate annotation
frontend/src/__tests__/browser/script-video-review.tsx,Elastic-2.0,2026 SuperTale contributors,REUSE.toml aggregate annotation
frontend/src/__tests__/components/account/avatar-upload-dialog.test.tsx,Elastic-2.0,2026 SuperTale contributors,REUSE.toml aggregate annotation
frontend/src/__tests__/components/assets/asset-panels-rename.test.tsx,Elastic-2.0,2026 SuperTale contributors,REUSE.toml aggregate annotation
frontend/src/__tests__/components/assets/character-asset-group.test.tsx,Elastic-2.0,2026 SuperTale contributors,REUSE.toml aggregate annotation
frontend/src/__tests__/components/assets/character-image-source-select.test.tsx,Elastic-2.0,2026 SuperTale contributors,REUSE.toml aggregate annotation
frontend/src/__tests__/components/assets/character-search.test.tsx,Elastic-2.0,2026 SuperTale contributors,REUSE.toml aggregate annotation
frontend/src/__tests__/components/assets/character-stats-strip.test.tsx,Elastic-2.0,2026 SuperTale contributors,REUSE.toml aggregate annotation
frontend/src/__tests__/components/assets/character-voice-panel.test.tsx,Elastic-2.0,2026 SuperTale contributors,REUSE.toml aggregate annotation
frontend/src/__tests__/components/assets/narrator-voice-panel.ce.test.tsx,Elastic-2.0,2026 SuperTale contributors,REUSE.toml aggregate annotation
frontend/src/__tests__/components/assets/narrator-voice-panel.test.tsx,Elastic-2.0,2026 SuperTale contributors,REUSE.toml aggregate annotation
frontend/src/__tests__/components/assets/project-style-chip.test.tsx,Elastic-2.0,2026 SuperTale contributors,REUSE.toml aggregate annotation
frontend/src/__tests__/components/assets/prop-asset-card.test.tsx,Elastic-2.0,2026 SuperTale contributors,REUSE.toml aggregate annotation
frontend/src/__tests__/components/assets/props-panel.ce.test.tsx,Elastic-2.0,2026 SuperTale contributors,REUSE.toml aggregate annotation
frontend/src/__tests__/components/assets/scene-asset-card.test.tsx,Elastic-2.0,2026 SuperTale contributors,REUSE.toml aggregate annotation
frontend/src/__tests__/components/assets/scene-environment-prompt.test.ts,Elastic-2.0,2026 SuperTale contributors,REUSE.toml aggregate annotation
frontend/src/__tests__/components/credit-cost-inline.ce.test.tsx,Elastic-2.0,2026 SuperTale contributors,REUSE.toml aggregate annotation
frontend/src/__tests__/components/episode-source-editor.test.tsx,Elastic-2.0,2026 SuperTale contributors,REUSE.toml aggregate annotation
frontend/src/__tests__/components/episode/beat-workbench/action-panel.test.tsx,Elastic-2.0,2026 SuperTale contributors,REUSE.toml aggregate annotation
frontend/src/__tests__/components/episode/beat-workbench/audio-pane.test.tsx,Elastic-2.0,2026 SuperTale contributors,REUSE.toml aggregate annotation
frontend/src/__tests__/components/episode/beat-workbench/batch-bar.test.tsx,Elastic-2.0,2026 SuperTale contributors,REUSE.toml aggregate annotation
frontend/src/__tests__/components/episode/beat-workbench/batch-panel.test.ts,Elastic-2.0,2026 SuperTale contributors,REUSE.toml aggregate annotation
frontend/src/__tests__/components/episode/beat-workbench/beat-card.test.tsx,Elastic-2.0,2026 SuperTale contributors,REUSE.toml aggregate annotation
frontend/src/__tests__/components/episode/beat-workbench/insert-manual-shot-dialog.test.tsx,Elastic-2.0,2026 SuperTale contributors,REUSE.toml aggregate annotation
frontend/src/__tests__/components/episode/beat-workbench/m05-credit-cost.ce.test.tsx,Elastic-2.0,2026 SuperTale contributors,REUSE.toml aggregate annotation
frontend/src/__tests__/components/episode/beat-workbench/mention-textarea-replace.test.tsx,Elastic-2.0,2026 SuperTale contributors,REUSE.toml aggregate annotation
frontend/src/__tests__/components/episode/beat-workbench/mention-textarea.test.tsx,Elastic-2.0,2026 SuperTale contributors,REUSE.toml aggregate annotation
frontend/src/__tests__/components/episode/beat-workbench/render-grid-gallery.test.tsx,Elastic-2.0,2026 SuperTale contributors,REUSE.toml aggregate annotation
frontend/src/__tests__/components/episode/beat-workbench/render-plan-dialog.test.tsx,Elastic-2.0,2026 SuperTale contributors,REUSE.toml aggregate annotation
frontend/src/__tests__/components/episode/beat-workbench/render-section.test.tsx,Elastic-2.0,2026 SuperTale contributors,REUSE.toml aggregate annotation
frontend/src/__tests__/components/episode/beat-workbench/seedance2-mentions.test.ts,Elastic-2.0,2026 SuperTale contributors,REUSE.toml aggregate annotation
frontend/src/__tests__/components/episode/beat-workbench/single-beat-panel.test.tsx,Elastic-2.0,2026 SuperTale contributors,REUSE.toml aggregate annotation
frontend/src/__tests__/components/episode/beat-workbench/sketch-crop-dialog.test.tsx,Elastic-2.0,2026 SuperTale contributors,REUSE.toml aggregate annotation
frontend/src/__tests__/components/episode/beat-workbench/sketch-grid-gallery.test.tsx,Elastic-2.0,2026 SuperTale contributors,REUSE.toml aggregate annotation
frontend/src/__tests__/components/episode/beat-workbench/sketch-section.test.tsx,Elastic-2.0,2026 SuperTale contributors,REUSE.toml aggregate annotation
frontend/src/__tests__/components/episode/beat-workbench/sketch-settings-controls.test.tsx,Elastic-2.0,2026 SuperTale contributors,REUSE.toml aggregate annotation
frontend/src/__tests__/components/episode/beat-workbench/sketch-studio-actions.test.tsx,Elastic-2.0,2026 SuperTale contributors,REUSE.toml aggregate annotation
frontend/src/__tests__/components/episode/beat-workbench/text-pane.test.tsx,Elastic-2.0,2026 SuperTale contributors,REUSE.toml aggregate annotation
frontend/src/__tests__/components/episode/beat-workbench/video-pane-resolution.test.ts,Elastic-2.0,2026 SuperTale contributors,REUSE.toml aggregate annotation
frontend/src/__tests__/components/episode/beat-workbench/video-pane.test.tsx,Elastic-2.0,2026 SuperTale contributors,REUSE.toml aggregate annotation
frontend/src/__tests__/components/episode/beat-workbench/view-toggles.test.tsx,Elastic-2.0,2026 SuperTale contributors,REUSE.toml aggregate annotation
frontend/src/__tests__/components/episode/episode-asset-planning.test.tsx,Elastic-2.0,2026 SuperTale contributors,REUSE.toml aggregate annotation
frontend/src/__tests__/components/episode/episode-story-context.test.tsx,Elastic-2.0,2026 SuperTale contributors,REUSE.toml aggregate annotation
frontend/src/__tests__/components/episode/health-bar.test.tsx,Elastic-2.0,2026 SuperTale contributors,REUSE.toml aggregate annotation
frontend/src/__tests__/components/episode/script-beat-preview.test.tsx,Elastic-2.0,2026 SuperTale contributors,REUSE.toml aggregate annotation
frontend/src/__tests__/components/episode/task-controller-provider.test.tsx,Elastic-2.0,2026 SuperTale contributors,REUSE.toml aggregate annotation
frontend/src/__tests__/components/identity-picker-dialog.test.tsx,Elastic-2.0,2026 SuperTale contributors,REUSE.toml aggregate annotation
frontend/src/__tests__/components/layout/app-sidebar.test.tsx,Elastic-2.0,2026 SuperTale contributors,REUSE.toml aggregate annotation
frontend/src/__tests__/components/layout/credit-balance-badge.test.tsx,Elastic-2.0,2026 SuperTale contributors,REUSE.toml aggregate annotation
frontend/src/__tests__/components/layout/header.test.tsx,Elastic-2.0,2026 SuperTale contributors,REUSE.toml aggregate annotation
frontend/src/__tests__/components/layout/project-header-navigation.test.tsx,Elastic-2.0,2026 SuperTale contributors,REUSE.toml aggregate annotation
frontend/src/__tests__/components/layout/project-navigation-routes.test.ts,Elastic-2.0,2026 SuperTale contributors,REUSE.toml aggregate annotation
frontend/src/__tests__/components/layout/project-story-navigation.test.tsx,Elastic-2.0,2026 SuperTale contributors,REUSE.toml aggregate annotation
frontend/src/__tests__/components/layout/region-badge.test.tsx,Elastic-2.0,2026 SuperTale contributors,REUSE.toml aggregate annotation
frontend/src/__tests__/components/login/poster-wall.test.tsx,Elastic-2.0,2026 SuperTale contributors,REUSE.toml aggregate annotation
frontend/src/__tests__/components/login/region-selector.test.tsx,Elastic-2.0,2026 SuperTale contributors,REUSE.toml aggregate annotation
frontend/src/__tests__/components/nav/sliding-tabs.test.tsx,Elastic-2.0,2026 SuperTale contributors,REUSE.toml aggregate annotation
frontend/src/__tests__/components/notifications/notification-drawer.test.tsx,Elastic-2.0,2026 SuperTale contributors,REUSE.toml aggregate annotation
frontend/src/__tests__/components/projects/share-project-dialog.test.tsx,Elastic-2.0,2026 SuperTale contributors,REUSE.toml aggregate annotation
frontend/src/__tests__/components/save-status.test.tsx,Elastic-2.0,2026 SuperTale contributors,REUSE.toml aggregate annotation
frontend/src/__tests__/components/settings/village-direct-models-panel.test.tsx,Elastic-2.0,2026 SuperTale contributors,REUSE.toml aggregate annotation
frontend/src/__tests__/components/task-center/header-entry.test.tsx,Elastic-2.0,2026 SuperTale contributors,REUSE.toml aggregate annotation
frontend/src/__tests__/components/task-center/panel.test.tsx,Elastic-2.0,2026 SuperTale contributors,REUSE.toml aggregate annotation
frontend/src/__tests__/components/task-center/status-bar.test.tsx,Elastic-2.0,2026 SuperTale contributors,REUSE.toml aggregate annotation
frontend/src/__tests__/components/task-center/task-actions.test.tsx,Elastic-2.0,2026 SuperTale contributors,REUSE.toml aggregate annotation
frontend/src/__tests__/components/task-center/task-detail.test.tsx,Elastic-2.0,2026 SuperTale contributors,REUSE.toml aggregate annotation
frontend/src/__tests__/components/task-center/task-list.test.tsx,Elastic-2.0,2026 SuperTale contributors,REUSE.toml aggregate annotation
frontend/src/__tests__/components/task-center/task-logs.test.tsx,Elastic-2.0,2026 SuperTale contributors,REUSE.toml aggregate annotation
frontend/src/__tests__/components/task-center/task-row.test.tsx,Elastic-2.0,2026 SuperTale contributors,REUSE.toml aggregate annotation
frontend/src/__tests__/components/theme-toggle.test.tsx,Elastic-2.0,2026 SuperTale contributors,REUSE.toml aggregate annotation
frontend/src/__tests__/components/themed-toaster.test.tsx,Elastic-2.0,2026 SuperTale contributors,REUSE.toml aggregate annotation
frontend/src/__tests__/components/ui/header-refresh-button.test.tsx,Elastic-2.0,2026 SuperTale contributors,REUSE.toml aggregate annotation
frontend/src/__tests__/features/canvas/asset-drag-director-bundle.test.ts,Elastic-2.0,2026 SuperTale contributors,REUSE.toml aggregate annotation
frontend/src/__tests__/features/canvas/asset-drag-hydrate.test.ts,Elastic-2.0,2026 SuperTale contributors,REUSE.toml aggregate annotation
frontend/src/__tests__/features/canvas/audio-music-settings.test.tsx,Elastic-2.0,2026 SuperTale contributors,REUSE.toml aggregate annotation
frontend/src/__tests__/features/canvas/audio-trim-dialog.test.ts,Elastic-2.0,2026 SuperTale contributors,REUSE.toml aggregate annotation
frontend/src/__tests__/features/canvas/auto-layout.test.ts,Elastic-2.0,2026 SuperTale contributors,REUSE.toml aggregate annotation
frontend/src/__tests__/features/canvas/background-cropper-dialog.test.ts,Elastic-2.0,2026 SuperTale contributors,REUSE.toml aggregate annotation
frontend/src/__tests__/features/canvas/beat-context-node.test.tsx,Elastic-2.0,2026 SuperTale contributors,REUSE.toml aggregate annotation
frontend/src/__tests__/features/canvas/canvas-add-node-panel.test.tsx,Elastic-2.0,2026 SuperTale contributors,REUSE.toml aggregate annotation
frontend/src/__tests__/features/canvas/canvas-bookmark-context-menu.test.tsx,Elastic-2.0,2026 SuperTale contributors,REUSE.toml aggregate annotation
frontend/src/__tests__/features/canvas/canvas-clickable-contract.test.ts,Elastic-2.0,2026 SuperTale contributors,REUSE.toml aggregate annotation
frontend/src/__tests__/features/canvas/canvas-node-image-wake-refresh.test.tsx,Elastic-2.0,2026 SuperTale contributors,REUSE.toml aggregate annotation
frontend/src/__tests__/features/canvas/canvas-performance-hud.test.tsx,Elastic-2.0,2026 SuperTale contributors,REUSE.toml aggregate annotation
frontend/src/__tests__/features/canvas/canvas-resource-meta.test.ts,Elastic-2.0,2026 SuperTale contributors,REUSE.toml aggregate annotation
frontend/src/__tests__/features/canvas/canvas-settings-panel.test.tsx,Elastic-2.0,2026 SuperTale contributors,REUSE.toml aggregate annotation
frontend/src/__tests__/features/canvas/canvas-skill-manual-connect.test.tsx,Elastic-2.0,2026 SuperTale contributors,REUSE.toml aggregate annotation
frontend/src/__tests__/features/canvas/canvas-tool-menu.test.tsx,Elastic-2.0,2026 SuperTale contributors,REUSE.toml aggregate annotation
frontend/src/__tests__/features/canvas/canvas-viewport-bookmarks.test.tsx,Elastic-2.0,2026 SuperTale contributors,REUSE.toml aggregate annotation
frontend/src/__tests__/features/canvas/canvas-virtualization-contract.test.ts,Elastic-2.0,2026 SuperTale contributors,REUSE.toml aggregate annotation
frontend/src/__tests__/features/canvas/compose-audio-preview.test.tsx,Elastic-2.0,2026 SuperTale contributors,REUSE.toml aggregate annotation
frontend/src/__tests__/features/canvas/context-prompt-palette.test.ts,Elastic-2.0,2026 SuperTale contributors,REUSE.toml aggregate annotation
frontend/src/__tests__/features/canvas/cross-project-assets.test.ts,Elastic-2.0,2026 SuperTale contributors,REUSE.toml aggregate annotation
frontend/src/__tests__/features/canvas/director-control-bundle-badge.test.tsx,Elastic-2.0,2026 SuperTale contributors,REUSE.toml aggregate annotation
frontend/src/__tests__/features/canvas/director-world-sources.test.ts,Elastic-2.0,2026 SuperTale contributors,REUSE.toml aggregate annotation
frontend/src/__tests__/features/canvas/duration-honesty.test.ts,Elastic-2.0,2026 SuperTale contributors,REUSE.toml aggregate annotation
frontend/src/__tests__/features/canvas/error-dialog.test.ts,Elastic-2.0,2026 SuperTale contributors,REUSE.toml aggregate annotation
frontend/src/__tests__/features/canvas/generation-task-arbitration.test.ts,Elastic-2.0,2026 SuperTale contributors,REUSE.toml aggregate annotation
frontend/src/__tests__/features/canvas/generation-task-rendering.test.tsx,Elastic-2.0,2026 SuperTale contributors,REUSE.toml aggregate annotation
frontend/src/__tests__/features/canvas/group-selection-delete.test.ts,Elastic-2.0,2026 SuperTale contributors,REUSE.toml aggregate annotation
frontend/src/__tests__/features/canvas/history-asset-resource-meta-strip.test.tsx,Elastic-2.0,2026 SuperTale contributors,REUSE.toml aggregate annotation
frontend/src/__tests__/features/canvas/history-assets-buckets.test.ts,Elastic-2.0,2026 SuperTale contributors,REUSE.toml aggregate annotation
frontend/src/__tests__/features/canvas/history-search-keyboard.test.tsx,Elastic-2.0,2026 SuperTale contributors,REUSE.toml aggregate annotation
frontend/src/__tests__/features/canvas/image-advanced-settings.test.ts,Elastic-2.0,2026 SuperTale contributors,REUSE.toml aggregate annotation
frontend/src/__tests__/features/canvas/image-gen-director-world-entry.test.ts,Elastic-2.0,2026 SuperTale contributors,REUSE.toml aggregate annotation
frontend/src/__tests__/features/canvas/image-gen-error-notification.test.ts,Elastic-2.0,2026 SuperTale contributors,REUSE.toml aggregate annotation
frontend/src/__tests__/features/canvas/image-gen-node-context-palette.test.tsx,Elastic-2.0,2026 SuperTale contributors,REUSE.toml aggregate annotation
frontend/src/__tests__/features/canvas/image-gen-prompt.test.ts,Elastic-2.0,2026 SuperTale contributors,REUSE.toml aggregate annotation
frontend/src/__tests__/features/canvas/image-gen-script-prompt.test.ts,Elastic-2.0,2026 SuperTale contributors,REUSE.toml aggregate annotation
frontend/src/__tests__/features/canvas/image-node-resize-min.test.ts,Elastic-2.0,2026 SuperTale contributors,REUSE.toml aggregate annotation
frontend/src/__tests__/features/canvas/infer-skill-connection-role.test.ts,Elastic-2.0,2026 SuperTale contributors,REUSE.toml aggregate annotation
frontend/src/__tests__/features/canvas/inherit-mainline-fields.test.ts,Elastic-2.0,2026 SuperTale contributors,REUSE.toml aggregate annotation
frontend/src/__tests__/features/canvas/mention-display-label.test.ts,Elastic-2.0,2026 SuperTale contributors,REUSE.toml aggregate annotation
frontend/src/__tests__/features/canvas/model-contract-chip.test.ts,Elastic-2.0,2026 SuperTale contributors,REUSE.toml aggregate annotation
frontend/src/__tests__/features/canvas/no-fake-canvas-actions.test.ts,Elastic-2.0,2026 SuperTale contributors,REUSE.toml aggregate annotation
frontend/src/__tests__/features/canvas/node-generation-history.test.ts,Elastic-2.0,2026 SuperTale contributors,REUSE.toml aggregate annotation
frontend/src/__tests__/features/canvas/node-registry.test.ts,Elastic-2.0,2026 SuperTale contributors,REUSE.toml aggregate annotation
frontend/src/__tests__/features/canvas/node-resize-handle.test.tsx,Elastic-2.0,2026 SuperTale contributors,REUSE.toml aggregate annotation
frontend/src/__tests__/features/canvas/node-rights.test.ts,Elastic-2.0,2026 SuperTale contributors,REUSE.toml aggregate annotation
frontend/src/__tests__/features/canvas/node-selection-menu.test.tsx,Elastic-2.0,2026 SuperTale contributors,REUSE.toml aggregate annotation
frontend/src/__tests__/features/canvas/prompt-dialogue.test.ts,Elastic-2.0,2026 SuperTale contributors,REUSE.toml aggregate annotation
frontend/src/__tests__/features/canvas/prompt-mention-audio.test.tsx,Elastic-2.0,2026 SuperTale contributors,REUSE.toml aggregate annotation
frontend/src/__tests__/features/canvas/prompt-mention-insert-caret.test.tsx,Elastic-2.0,2026 SuperTale contributors,REUSE.toml aggregate annotation
frontend/src/__tests__/features/canvas/prompt-mention-replace.test.tsx,Elastic-2.0,2026 SuperTale contributors,REUSE.toml aggregate annotation
frontend/src/__tests__/features/canvas/reference-mentions.test.ts,Elastic-2.0,2026 SuperTale contributors,REUSE.toml aggregate annotation
frontend/src/__tests__/features/canvas/reference-ordering.test.ts,Elastic-2.0,2026 SuperTale contributors,REUSE.toml aggregate annotation
frontend/src/__tests__/features/canvas/reference-strip-badges.test.ts,Elastic-2.0,2026 SuperTale contributors,REUSE.toml aggregate annotation
frontend/src/__tests__/features/canvas/reference-token-replace.test.ts,Elastic-2.0,2026 SuperTale contributors,REUSE.toml aggregate annotation
frontend/src/__tests__/features/canvas/resume-generation-arbitration.test.ts,Elastic-2.0,2026 SuperTale contributors,REUSE.toml aggregate annotation
frontend/src/__tests__/features/canvas/script-asset-ledger.test.ts,Elastic-2.0,2026 SuperTale contributors,REUSE.toml aggregate annotation
frontend/src/__tests__/features/canvas/script-columns-stats.test.ts,Elastic-2.0,2026 SuperTale contributors,REUSE.toml aggregate annotation
frontend/src/__tests__/features/canvas/script-directing-intent.test.ts,Elastic-2.0,2026 SuperTale contributors,REUSE.toml aggregate annotation
frontend/src/__tests__/features/canvas/script-director-plan.test.tsx,Elastic-2.0,2026 SuperTale contributors,REUSE.toml aggregate annotation
frontend/src/__tests__/features/canvas/script-field-parity.test.ts,Elastic-2.0,2026 SuperTale contributors,REUSE.toml aggregate annotation
frontend/src/__tests__/features/canvas/script-local-rewrite.test.ts,Elastic-2.0,2026 SuperTale contributors,REUSE.toml aggregate annotation
frontend/src/__tests__/features/canvas/script-node-layout.test.ts,Elastic-2.0,2026 SuperTale contributors,REUSE.toml aggregate annotation
frontend/src/__tests__/features/canvas/script-node-size-parity.test.ts,Elastic-2.0,2026 SuperTale contributors,REUSE.toml aggregate annotation
frontend/src/__tests__/features/canvas/script-node-view-components.test.tsx,Elastic-2.0,2026 SuperTale contributors,REUSE.toml aggregate annotation
frontend/src/__tests__/features/canvas/script-node-views.test.ts,Elastic-2.0,2026 SuperTale contributors,REUSE.toml aggregate annotation
frontend/src/__tests__/features/canvas/script-paid-action-gate.test.ts,Elastic-2.0,2026 SuperTale contributors,REUSE.toml aggregate annotation
frontend/src/__tests__/features/canvas/script-preflight.test.ts,Elastic-2.0,2026 SuperTale contributors,REUSE.toml aggregate annotation
frontend/src/__tests__/features/canvas/script-preview-frames.test.ts,Elastic-2.0,2026 SuperTale contributors,REUSE.toml aggregate annotation
frontend/src/__tests__/features/canvas/script-prompt-segments.test.ts,Elastic-2.0,2026 SuperTale contributors,REUSE.toml aggregate annotation
frontend/src/__tests__/features/canvas/script-readiness.test.tsx,Elastic-2.0,2026 SuperTale contributors,REUSE.toml aggregate annotation
frontend/src/__tests__/features/canvas/script-render-quality.test.ts,Elastic-2.0,2026 SuperTale contributors,REUSE.toml aggregate annotation
frontend/src/__tests__/features/canvas/script-repair-outcome.test.ts,Elastic-2.0,2026 SuperTale contributors,REUSE.toml aggregate annotation
frontend/src/__tests__/features/canvas/script-rough-preview.test.tsx,Elastic-2.0,2026 SuperTale contributors,REUSE.toml aggregate annotation
frontend/src/__tests__/features/canvas/script-shot-identity.test.ts,Elastic-2.0,2026 SuperTale contributors,REUSE.toml aggregate annotation
frontend/src/__tests__/features/canvas/script-shot-rewrite.test.tsx,Elastic-2.0,2026 SuperTale contributors,REUSE.toml aggregate annotation
frontend/src/__tests__/features/canvas/script-shot-videos.test.ts,Elastic-2.0,2026 SuperTale contributors,REUSE.toml aggregate annotation
frontend/src/__tests__/features/canvas/script-storyboard-staleness.test.ts,Elastic-2.0,2026 SuperTale contributors,REUSE.toml aggregate annotation
frontend/src/__tests__/features/canvas/script-video-review.test.tsx,Elastic-2.0,2026 SuperTale contributors,REUSE.toml aggregate annotation
frontend/src/__tests__/features/canvas/skill-connection-edges.test.ts,Elastic-2.0,2026 SuperTale contributors,REUSE.toml aggregate annotation
frontend/src/__tests__/features/canvas/skill-i18n.test.ts,Elastic-2.0,2026 SuperTale contributors,REUSE.toml aggregate annotation
frontend/src/__tests__/features/canvas/skill-node-director-world.test.tsx,Elastic-2.0,2026 SuperTale contributors,REUSE.toml aggregate annotation
frontend/src/__tests__/features/canvas/skill-node-parameters.test.ts,Elastic-2.0,2026 SuperTale contributors,REUSE.toml aggregate annotation
frontend/src/__tests__/features/canvas/snap-align-index.test.ts,Elastic-2.0,2026 SuperTale contributors,REUSE.toml aggregate annotation
frontend/src/__tests__/features/canvas/snap-aspect-ratio.test.ts,Elastic-2.0,2026 SuperTale contributors,REUSE.toml aggregate annotation
frontend/src/__tests__/features/canvas/spawn-external-assets.test.ts,Elastic-2.0,2026 SuperTale contributors,REUSE.toml aggregate annotation
frontend/src/__tests__/features/canvas/system-managed-node-data.test.ts,Elastic-2.0,2026 SuperTale contributors,REUSE.toml aggregate annotation
frontend/src/__tests__/features/canvas/text-annotation-node.test.tsx,Elastic-2.0,2026 SuperTale contributors,REUSE.toml aggregate annotation
frontend/src/__tests__/features/canvas/text-prepare.test.ts,Elastic-2.0,2026 SuperTale contributors,REUSE.toml aggregate annotation
frontend/src/__tests__/features/canvas/three-d-world-node-source-scope.test.ts,Elastic-2.0,2026 SuperTale contributors,REUSE.toml aggregate annotation
frontend/src/__tests__/features/canvas/timelineModel.test.ts,Elastic-2.0,2026 SuperTale contributors,REUSE.toml aggregate annotation
frontend/src/__tests__/features/canvas/use-canvas-generation-history.test.ts,Elastic-2.0,2026 SuperTale contributors,REUSE.toml aggregate annotation
frontend/src/__tests__/features/canvas/use-reference-mention-sync.test.tsx,Elastic-2.0,2026 SuperTale contributors,REUSE.toml aggregate annotation
frontend/src/__tests__/features/canvas/video-catalog-authoritative-gate.test.ts,Elastic-2.0,2026 SuperTale contributors,REUSE.toml aggregate annotation
frontend/src/__tests__/features/canvas/video-compose-node-gate.test.tsx,Elastic-2.0,2026 SuperTale contributors,REUSE.toml aggregate annotation
frontend/src/__tests__/features/canvas/video-dialogue-timing.test.ts,Elastic-2.0,2026 SuperTale contributors,REUSE.toml aggregate annotation
frontend/src/__tests__/features/canvas/video-error-notification.test.ts,Elastic-2.0,2026 SuperTale contributors,REUSE.toml aggregate annotation
frontend/src/__tests__/features/canvas/video-local-abort.test.tsx,Elastic-2.0,2026 SuperTale contributors,REUSE.toml aggregate annotation
frontend/src/__tests__/features/canvas/video-lod-playback.test.ts,Elastic-2.0,2026 SuperTale contributors,REUSE.toml aggregate annotation
frontend/src/__tests__/features/canvas/video-story-clips.test.ts,Elastic-2.0,2026 SuperTale contributors,REUSE.toml aggregate annotation
frontend/src/__tests__/features/canvas/video-story-scatter.test.ts,Elastic-2.0,2026 SuperTale contributors,REUSE.toml aggregate annotation
frontend/src/__tests__/features/canvas/video-story-shots.test.ts,Elastic-2.0,2026 SuperTale contributors,REUSE.toml aggregate annotation
frontend/src/__tests__/features/canvas/video-story-videos.test.ts,Elastic-2.0,2026 SuperTale contributors,REUSE.toml aggregate annotation
frontend/src/__tests__/features/canvas/viewport-bookmarks-domain.test.ts,Elastic-2.0,2026 SuperTale contributors,REUSE.toml aggregate annotation
frontend/src/__tests__/features/companion/petdex-pets.test.ts,Elastic-2.0,2026 SuperTale contributors,REUSE.toml aggregate annotation
frontend/src/__tests__/features/freezone/asset-library-panel-beat-context.test.tsx,Elastic-2.0,2026 SuperTale contributors,REUSE.toml aggregate annotation
frontend/src/__tests__/features/freezone/beat-context-projection.test.ts,Elastic-2.0,2026 SuperTale contributors,REUSE.toml aggregate annotation
frontend/src/__tests__/features/freezone/canvas-draft-storage.test.ts,Elastic-2.0,2026 SuperTale contributors,REUSE.toml aggregate annotation
frontend/src/__tests__/features/freezone/canvasSaveCoordinator.test.ts,Elastic-2.0,2026 SuperTale contributors,REUSE.toml aggregate annotation
frontend/src/__tests__/features/freezone/canvasSyncCore.test.ts,Elastic-2.0,2026 SuperTale contributors,REUSE.toml aggregate annotation
frontend/src/__tests__/features/freezone/canvases-tab-query.test.tsx,Elastic-2.0,2026 SuperTale contributors,REUSE.toml aggregate annotation
frontend/src/__tests__/features/freezone/canvases-tab.test.ts,Elastic-2.0,2026 SuperTale contributors,REUSE.toml aggregate annotation
frontend/src/__tests__/features/freezone/commit-dialog-submit.test.tsx,Elastic-2.0,2026 SuperTale contributors,REUSE.toml aggregate annotation
frontend/src/__tests__/features/freezone/commit-dialog-targets.test.ts,Elastic-2.0,2026 SuperTale contributors,REUSE.toml aggregate annotation
frontend/src/__tests__/features/freezone/committed-node-patch.test.ts,Elastic-2.0,2026 SuperTale contributors,REUSE.toml aggregate annotation
frontend/src/__tests__/features/freezone/current-beat-context.test.ts,Elastic-2.0,2026 SuperTale contributors,REUSE.toml aggregate annotation
frontend/src/__tests__/features/freezone/director-render-commit.test.ts,Elastic-2.0,2026 SuperTale contributors,REUSE.toml aggregate annotation
frontend/src/__tests__/features/freezone/m06-l2-contract.test.tsx,Elastic-2.0,2026 SuperTale contributors,REUSE.toml aggregate annotation
frontend/src/__tests__/features/freezone/node-context-badges.test.tsx,Elastic-2.0,2026 SuperTale contributors,REUSE.toml aggregate annotation
frontend/src/__tests__/features/freezone/open-preset-projection.test.ts,Elastic-2.0,2026 SuperTale contributors,REUSE.toml aggregate annotation
frontend/src/__tests__/features/freezone/projections.test.ts,Elastic-2.0,2026 SuperTale contributors,REUSE.toml aggregate annotation
frontend/src/__tests__/features/freezone/scene-director-world-commit.test.ts,Elastic-2.0,2026 SuperTale contributors,REUSE.toml aggregate annotation
frontend/src/__tests__/features/freezone/skill-node-inputs.test.ts,Elastic-2.0,2026 SuperTale contributors,REUSE.toml aggregate annotation
frontend/src/__tests__/features/freezone/use-canvas-sync.test.tsx,Elastic-2.0,2026 SuperTale contributors,REUSE.toml aggregate annotation
frontend/src/__tests__/features/superchat/composer-waiting-status.test.tsx,Elastic-2.0,2026 SuperTale contributors,REUSE.toml aggregate annotation
frontend/src/__tests__/features/superchat/spec-extract.test.ts,Elastic-2.0,2026 SuperTale contributors,REUSE.toml aggregate annotation
frontend/src/__tests__/features/superchat/task-notification-label.test.ts,Elastic-2.0,2026 SuperTale contributors,REUSE.toml aggregate annotation
frontend/src/__tests__/features/superchat/timeline-scroll.test.ts,Elastic-2.0,2026 SuperTale contributors,REUSE.toml aggregate annotation
frontend/src/__tests__/features/superchat/use-superchat-canvas-patch.test.tsx,Elastic-2.0,2026 SuperTale contributors,REUSE.toml aggregate annotation
frontend/src/__tests__/features/superchat/use-superchat.test.ts,Elastic-2.0,2026 SuperTale contributors,REUSE.toml aggregate annotation
frontend/src/__tests__/features/superchat/workflow-asset-binding-repair.test.ts,Elastic-2.0,2026 SuperTale contributors,REUSE.toml aggregate annotation
frontend/src/__tests__/features/version-update/VersionUpdateDialog.test.tsx,Elastic-2.0,2026 SuperTale contributors,REUSE.toml aggregate annotation
frontend/src/__tests__/features/viewer-kit/freezone-viewer-contract.test.ts,Elastic-2.0,2026 SuperTale contributors,REUSE.toml aggregate annotation
frontend/src/__tests__/features/viewer-kit/pano/PanoCaptureDialog.test.tsx,Elastic-2.0,2026 SuperTale contributors,REUSE.toml aggregate annotation
frontend/src/__tests__/features/viewer-kit/pano/PanoCaptureSurface.controls.test.tsx,Elastic-2.0,2026 SuperTale contributors,REUSE.toml aggregate annotation
frontend/src/__tests__/features/viewer-kit/pano/PanoCaptureSurface.test.ts,Elastic-2.0,2026 SuperTale contributors,REUSE.toml aggregate annotation
frontend/src/__tests__/features/viewer-kit/pano/panoCapture.test.ts,Elastic-2.0,2026 SuperTale contributors,REUSE.toml aggregate annotation
frontend/src/__tests__/features/viewer-kit/three-d/ThreeDDirectorDialog.test.tsx,Elastic-2.0,2026 SuperTale contributors,REUSE.toml aggregate annotation
frontend/src/__tests__/features/viewer-kit/three-d/ThreeDStageCanvas.test.tsx,Elastic-2.0,2026 SuperTale contributors,REUSE.toml aggregate annotation
frontend/src/__tests__/features/viewer-kit/three-d/axesGrid.test.ts,Elastic-2.0,2026 SuperTale contributors,REUSE.toml aggregate annotation
frontend/src/__tests__/features/viewer-kit/three-d/director-world-contract.test.ts,Elastic-2.0,2026 SuperTale contributors,REUSE.toml aggregate annotation
frontend/src/__tests__/features/viewer-kit/three-d/flyCamera.test.ts,Elastic-2.0,2026 SuperTale contributors,REUSE.toml aggregate annotation
frontend/src/__tests__/features/viewer-kit/three-d/sourceTransform.test.ts,Elastic-2.0,2026 SuperTale contributors,REUSE.toml aggregate annotation
frontend/src/__tests__/features/viewer-kit/three-d/viewerApp.test.ts,Elastic-2.0,2026 SuperTale contributors,REUSE.toml aggregate annotation
frontend/src/__tests__/hooks/use-beat-states-audio-contract.test.ts,Elastic-2.0,2026 SuperTale contributors,REUSE.toml aggregate annotation
frontend/src/__tests__/hooks/use-beats-workbench-param.test.ts,Elastic-2.0,2026 SuperTale contributors,REUSE.toml aggregate annotation
frontend/src/__tests__/hooks/use-debounced-value.test.tsx,Elastic-2.0,2026 SuperTale contributors,REUSE.toml aggregate annotation
frontend/src/__tests__/hooks/use-episode-image-task-invalidation.test.tsx,Elastic-2.0,2026 SuperTale contributors,REUSE.toml aggregate annotation
frontend/src/__tests__/hooks/use-github-stars.test.ts,Elastic-2.0,2026 SuperTale contributors,REUSE.toml aggregate annotation
frontend/src/__tests__/hooks/use-media-query.test.ts,Elastic-2.0,2026 SuperTale contributors,REUSE.toml aggregate annotation
frontend/src/__tests__/hooks/use-resizable-pane-persistence.test.ts,Elastic-2.0,2026 SuperTale contributors,REUSE.toml aggregate annotation
frontend/src/__tests__/hooks/use-scoped-task-batch-invalidation.test.tsx,Elastic-2.0,2026 SuperTale contributors,REUSE.toml aggregate annotation
frontend/src/__tests__/hooks/use-selection.test.ts,Elastic-2.0,2026 SuperTale contributors,REUSE.toml aggregate annotation
frontend/src/__tests__/hooks/use-task-controller-logs.test.tsx,Elastic-2.0,2026 SuperTale contributors,REUSE.toml aggregate annotation
frontend/src/__tests__/i18n/locales-json.test.ts,Elastic-2.0,2026 SuperTale contributors,REUSE.toml aggregate annotation
frontend/src/__tests__/lib/agent-memory-projections.test.ts,Elastic-2.0,2026 SuperTale contributors,REUSE.toml aggregate annotation
frontend/src/__tests__/lib/api-abort.test.ts,Elastic-2.0,2026 SuperTale contributors,REUSE.toml aggregate annotation
frontend/src/__tests__/lib/api-errors.test.ts,Elastic-2.0,2026 SuperTale contributors,REUSE.toml aggregate annotation
frontend/src/__tests__/lib/api-no-region.test.ts,Elastic-2.0,2026 SuperTale contributors,REUSE.toml aggregate annotation
frontend/src/__tests__/lib/api-session-expiry.test.ts,Elastic-2.0,2026 SuperTale contributors,REUSE.toml aggregate annotation
frontend/src/__tests__/lib/api.test.ts,Elastic-2.0,2026 SuperTale contributors,REUSE.toml aggregate annotation
frontend/src/__tests__/lib/aspect-ratio.test.ts,Elastic-2.0,2026 SuperTale contributors,REUSE.toml aggregate annotation
frontend/src/__tests__/lib/audioTranscode.test.ts,Elastic-2.0,2026 SuperTale contributors,REUSE.toml aggregate annotation
frontend/src/__tests__/lib/auth-mode.test.ts,Elastic-2.0,2026 SuperTale contributors,REUSE.toml aggregate annotation
frontend/src/__tests__/lib/build-id.test.ts,Elastic-2.0,2026 SuperTale contributors,REUSE.toml aggregate annotation
frontend/src/__tests__/lib/character-main-copy.test.ts,Elastic-2.0,2026 SuperTale contributors,REUSE.toml aggregate annotation
frontend/src/__tests__/lib/chunk-load-recovery.test.ts,Elastic-2.0,2026 SuperTale contributors,REUSE.toml aggregate annotation
frontend/src/__tests__/lib/cluster-config.test.ts,Elastic-2.0,2026 SuperTale contributors,REUSE.toml aggregate annotation
frontend/src/__tests__/lib/derive-beat-states.test.ts,Elastic-2.0,2026 SuperTale contributors,REUSE.toml aggregate annotation
frontend/src/__tests__/lib/dev-backend-watch.test.ts,Elastic-2.0,2026 SuperTale contributors,REUSE.toml aggregate annotation
frontend/src/__tests__/lib/dom-reconciliation-guard.test.ts,Elastic-2.0,2026 SuperTale contributors,REUSE.toml aggregate annotation
frontend/src/__tests__/lib/freezone-url.test.ts,Elastic-2.0,2026 SuperTale contributors,REUSE.toml aggregate annotation
frontend/src/__tests__/lib/gateway-error-classify.test.ts,Elastic-2.0,2026 SuperTale contributors,REUSE.toml aggregate annotation
frontend/src/__tests__/lib/home-handoff.test.ts,Elastic-2.0,2026 SuperTale contributors,REUSE.toml aggregate annotation
frontend/src/__tests__/lib/literal-source-text.test.ts,Elastic-2.0,2026 SuperTale contributors,REUSE.toml aggregate annotation
frontend/src/__tests__/lib/local-storage-quota.test.ts,Elastic-2.0,2026 SuperTale contributors,REUSE.toml aggregate annotation
frontend/src/__tests__/lib/login-posters.test.ts,Elastic-2.0,2026 SuperTale contributors,REUSE.toml aggregate annotation
frontend/src/__tests__/lib/media-url.test.ts,Elastic-2.0,2026 SuperTale contributors,REUSE.toml aggregate annotation
frontend/src/__tests__/lib/mention-markers.test.ts,Elastic-2.0,2026 SuperTale contributors,REUSE.toml aggregate annotation
frontend/src/__tests__/lib/nav-lock.test.ts,Elastic-2.0,2026 SuperTale contributors,REUSE.toml aggregate annotation
frontend/src/__tests__/lib/observability.test.ts,Elastic-2.0,2026 SuperTale contributors,REUSE.toml aggregate annotation
frontend/src/__tests__/lib/project-cover.test.ts,Elastic-2.0,2026 SuperTale contributors,REUSE.toml aggregate annotation
frontend/src/__tests__/lib/project-permissions.test.ts,Elastic-2.0,2026 SuperTale contributors,REUSE.toml aggregate annotation
frontend/src/__tests__/lib/project-route.test.ts,Elastic-2.0,2026 SuperTale contributors,REUSE.toml aggregate annotation
frontend/src/__tests__/lib/project-summary-recovery.test.tsx,Elastic-2.0,2026 SuperTale contributors,REUSE.toml aggregate annotation
frontend/src/__tests__/lib/queries/assets.test.tsx,Elastic-2.0,2026 SuperTale contributors,REUSE.toml aggregate annotation
frontend/src/__tests__/lib/queries/audio.test.tsx,Elastic-2.0,2026 SuperTale contributors,REUSE.toml aggregate annotation
frontend/src/__tests__/lib/queries/character-generation-model.test.tsx,Elastic-2.0,2026 SuperTale contributors,REUSE.toml aggregate annotation
frontend/src/__tests__/lib/queries/character-identity-costume.test.tsx,Elastic-2.0,2026 SuperTale contributors,REUSE.toml aggregate annotation
frontend/src/__tests__/lib/queries/character-identity-create.test.tsx,Elastic-2.0,2026 SuperTale contributors,REUSE.toml aggregate annotation
frontend/src/__tests__/lib/queries/character-image-selection.test.tsx,Elastic-2.0,2026 SuperTale contributors,REUSE.toml aggregate annotation
frontend/src/__tests__/lib/queries/character-voice-samples.test.tsx,Elastic-2.0,2026 SuperTale contributors,REUSE.toml aggregate annotation
frontend/src/__tests__/lib/queries/episodes.test.tsx,Elastic-2.0,2026 SuperTale contributors,REUSE.toml aggregate annotation
frontend/src/__tests__/lib/queries/freezone-beat-context.test.tsx,Elastic-2.0,2026 SuperTale contributors,REUSE.toml aggregate annotation
frontend/src/__tests__/lib/queries/generation-credit-cost.ce.test.tsx,Elastic-2.0,2026 SuperTale contributors,REUSE.toml aggregate annotation
frontend/src/__tests__/lib/queries/generation-credit-cost.test.tsx,Elastic-2.0,2026 SuperTale contributors,REUSE.toml aggregate annotation
frontend/src/__tests__/lib/queries/ingest.test.tsx,Elastic-2.0,2026 SuperTale contributors,REUSE.toml aggregate annotation
frontend/src/__tests__/lib/queries/narrator-voice.test.tsx,Elastic-2.0,2026 SuperTale contributors,REUSE.toml aggregate annotation
frontend/src/__tests__/lib/queries/release-notifications.test.tsx,Elastic-2.0,2026 SuperTale contributors,REUSE.toml aggregate annotation
frontend/src/__tests__/lib/queries/render-plan.test.tsx,Elastic-2.0,2026 SuperTale contributors,REUSE.toml aggregate annotation
frontend/src/__tests__/lib/queries/render-settings.test.tsx,Elastic-2.0,2026 SuperTale contributors,REUSE.toml aggregate annotation
frontend/src/__tests__/lib/queries/scenes.test.tsx,Elastic-2.0,2026 SuperTale contributors,REUSE.toml aggregate annotation
frontend/src/__tests__/lib/queries/scripts.test.tsx,Elastic-2.0,2026 SuperTale contributors,REUSE.toml aggregate annotation
frontend/src/__tests__/lib/queries/seedance2-prompt.test.tsx,Elastic-2.0,2026 SuperTale contributors,REUSE.toml aggregate annotation
frontend/src/__tests__/lib/queries/sketch-image-usage.test.tsx,Elastic-2.0,2026 SuperTale contributors,REUSE.toml aggregate annotation
frontend/src/__tests__/lib/queries/sketch-pose-editor.test.tsx,Elastic-2.0,2026 SuperTale contributors,REUSE.toml aggregate annotation
frontend/src/__tests__/lib/queries/sketch-regen-queue.test.tsx,Elastic-2.0,2026 SuperTale contributors,REUSE.toml aggregate annotation
frontend/src/__tests__/lib/queries/sketch-settings.test.tsx,Elastic-2.0,2026 SuperTale contributors,REUSE.toml aggregate annotation
frontend/src/__tests__/lib/queries/sketches.test.tsx,Elastic-2.0,2026 SuperTale contributors,REUSE.toml aggregate annotation
frontend/src/__tests__/lib/queries/story-lab.test.tsx,Elastic-2.0,2026 SuperTale contributors,REUSE.toml aggregate annotation
frontend/src/__tests__/lib/queries/tasks.test.tsx,Elastic-2.0,2026 SuperTale contributors,REUSE.toml aggregate annotation
frontend/src/__tests__/lib/queries/video-backends.test.tsx,Elastic-2.0,2026 SuperTale contributors,REUSE.toml aggregate annotation
frontend/src/__tests__/lib/queries/workflow-runs.test.tsx,Elastic-2.0,2026 SuperTale contributors,REUSE.toml aggregate annotation
frontend/src/__tests__/lib/query-keys-style.test.ts,Elastic-2.0,2026 SuperTale contributors,REUSE.toml aggregate annotation
frontend/src/__tests__/lib/react-root.test.ts,Elastic-2.0,2026 SuperTale contributors,REUSE.toml aggregate annotation
frontend/src/__tests__/lib/region-abort.test.ts,Elastic-2.0,2026 SuperTale contributors,REUSE.toml aggregate annotation
frontend/src/__tests__/lib/region-cookie.test.ts,Elastic-2.0,2026 SuperTale contributors,REUSE.toml aggregate annotation
frontend/src/__tests__/lib/region-switch.test.ts,Elastic-2.0,2026 SuperTale contributors,REUSE.toml aggregate annotation
frontend/src/__tests__/lib/region-tab-sync.test.ts,Elastic-2.0,2026 SuperTale contributors,REUSE.toml aggregate annotation
frontend/src/__tests__/lib/release-notification-state.test.ts,Elastic-2.0,2026 SuperTale contributors,REUSE.toml aggregate annotation
frontend/src/__tests__/lib/reset-region-state.test.ts,Elastic-2.0,2026 SuperTale contributors,REUSE.toml aggregate annotation
frontend/src/__tests__/lib/resolve-image.test.ts,Elastic-2.0,2026 SuperTale contributors,REUSE.toml aggregate annotation
frontend/src/__tests__/lib/runtime-config.test.ts,Elastic-2.0,2026 SuperTale contributors,REUSE.toml aggregate annotation
frontend/src/__tests__/lib/scene-ref.test.ts,Elastic-2.0,2026 SuperTale contributors,REUSE.toml aggregate annotation
frontend/src/__tests__/lib/scene-type.test.ts,Elastic-2.0,2026 SuperTale contributors,REUSE.toml aggregate annotation
frontend/src/__tests__/lib/script-feedback.test.ts,Elastic-2.0,2026 SuperTale contributors,REUSE.toml aggregate annotation
frontend/src/__tests__/lib/sketch-pose-editor-model.test.ts,Elastic-2.0,2026 SuperTale contributors,REUSE.toml aggregate annotation
frontend/src/__tests__/lib/style-preview-url.test.ts,Elastic-2.0,2026 SuperTale contributors,REUSE.toml aggregate annotation
frontend/src/__tests__/lib/time-of-day.test.ts,Elastic-2.0,2026 SuperTale contributors,REUSE.toml aggregate annotation
frontend/src/__tests__/lib/url-params.test.ts,Elastic-2.0,2026 SuperTale contributors,REUSE.toml aggregate annotation
frontend/src/__tests__/lib/verification-queries.test.ts,Elastic-2.0,2026 SuperTale contributors,REUSE.toml aggregate annotation
frontend/src/__tests__/lib/version-update-watch.test.ts,Elastic-2.0,2026 SuperTale contributors,REUSE.toml aggregate annotation
frontend/src/__tests__/routes/app-project-guard.test.tsx,Elastic-2.0,2026 SuperTale contributors,REUSE.toml aggregate annotation
frontend/src/__tests__/routes/audio-indextts2-contract.test.ts,Elastic-2.0,2026 SuperTale contributors,REUSE.toml aggregate annotation
frontend/src/__tests__/routes/auth-gating.test.ts,Elastic-2.0,2026 SuperTale contributors,REUSE.toml aggregate annotation
frontend/src/__tests__/routes/beats-main-ui-contract.test.ts,Elastic-2.0,2026 SuperTale contributors,REUSE.toml aggregate annotation
frontend/src/__tests__/routes/beats-sketch-render-contract.test.ts,Elastic-2.0,2026 SuperTale contributors,REUSE.toml aggregate annotation
frontend/src/__tests__/routes/characters-indextts-cutover.test.ts,Elastic-2.0,2026 SuperTale contributors,REUSE.toml aggregate annotation
frontend/src/__tests__/routes/characters.ce.test.tsx,Elastic-2.0,2026 SuperTale contributors,REUSE.toml aggregate annotation
frontend/src/__tests__/routes/compose-export-contract.test.ts,Elastic-2.0,2026 SuperTale contributors,REUSE.toml aggregate annotation
frontend/src/__tests__/routes/episodes-beats-sub-integration.test.ts,Elastic-2.0,2026 SuperTale contributors,REUSE.toml aggregate annotation
frontend/src/__tests__/routes/episodes-workbench-integration.test.ts,Elastic-2.0,2026 SuperTale contributors,REUSE.toml aggregate annotation
frontend/src/__tests__/routes/ingest-credit-cost-contract.test.ts,Elastic-2.0,2026 SuperTale contributors,REUSE.toml aggregate annotation
frontend/src/__tests__/routes/ingest-settings-save.test.tsx,Elastic-2.0,2026 SuperTale contributors,REUSE.toml aggregate annotation
frontend/src/__tests__/routes/script-source-editor-integration.test.ts,Elastic-2.0,2026 SuperTale contributors,REUSE.toml aggregate annotation
frontend/src/__tests__/routes/script-workflow-contract.test.ts,Elastic-2.0,2026 SuperTale contributors,REUSE.toml aggregate annotation
frontend/src/__tests__/routes/seedance2-minimal-config-contract.test.ts,Elastic-2.0,2026 SuperTale contributors,REUSE.toml aggregate annotation
frontend/src/__tests__/routes/selected-video-task-contract.test.ts,Elastic-2.0,2026 SuperTale contributors,REUSE.toml aggregate annotation
frontend/src/__tests__/routes/styles.ce.test.tsx,Elastic-2.0,2026 SuperTale contributors,REUSE.toml aggregate annotation
frontend/src/__tests__/routes/video-backend-options-contract.test.ts,Elastic-2.0,2026 SuperTale contributors,REUSE.toml aggregate annotation
frontend/src/__tests__/session-expiry-streams.test.tsx,Elastic-2.0,2026 SuperTale contributors,REUSE.toml aggregate annotation
frontend/src/__tests__/setup.ts,Elastic-2.0,2026 SuperTale contributors,REUSE.toml aggregate annotation
frontend/src/__tests__/stores/app-store-dashboard-tab.test.ts,Elastic-2.0,2026 SuperTale contributors,REUSE.toml aggregate annotation
frontend/src/__tests__/stores/app-store-task-panel.test.ts,Elastic-2.0,2026 SuperTale contributors,REUSE.toml aggregate annotation
frontend/src/__tests__/stores/auth-store.test.ts,Elastic-2.0,2026 SuperTale contributors,REUSE.toml aggregate annotation
frontend/src/__tests__/stores/canvas-store-3d-upstream.test.ts,Elastic-2.0,2026 SuperTale contributors,REUSE.toml aggregate annotation
frontend/src/__tests__/stores/canvas-store-aspect-ratio-backfill.test.ts,Elastic-2.0,2026 SuperTale contributors,REUSE.toml aggregate annotation
frontend/src/__tests__/stores/canvas-store-auto-group-spawn.test.ts,Elastic-2.0,2026 SuperTale contributors,REUSE.toml aggregate annotation
frontend/src/__tests__/stores/canvas-store-camera-movement-fold.test.ts,Elastic-2.0,2026 SuperTale contributors,REUSE.toml aggregate annotation
frontend/src/__tests__/stores/canvas-store-convert-node-type.test.ts,Elastic-2.0,2026 SuperTale contributors,REUSE.toml aggregate annotation
frontend/src/__tests__/stores/canvas-store-derived-audio-node.test.ts,Elastic-2.0,2026 SuperTale contributors,REUSE.toml aggregate annotation
frontend/src/__tests__/stores/canvas-store-draft-hydrate.test.ts,Elastic-2.0,2026 SuperTale contributors,REUSE.toml aggregate annotation
frontend/src/__tests__/stores/canvas-store-group-grow.test.ts,Elastic-2.0,2026 SuperTale contributors,REUSE.toml aggregate annotation
frontend/src/__tests__/stores/canvas-store-image-resize-aspect.test.ts,Elastic-2.0,2026 SuperTale contributors,REUSE.toml aggregate annotation
frontend/src/__tests__/stores/canvas-store-projection-group.test.ts,Elastic-2.0,2026 SuperTale contributors,REUSE.toml aggregate annotation
frontend/src/__tests__/stores/canvas-store-storyboard-group.test.ts,Elastic-2.0,2026 SuperTale contributors,REUSE.toml aggregate annotation
frontend/src/__tests__/stores/canvas-store-undo-history.test.ts,Elastic-2.0,2026 SuperTale contributors,REUSE.toml aggregate annotation
frontend/src/__tests__/stores/canvas-store-viewport-bookmarks.test.ts,Elastic-2.0,2026 SuperTale contributors,REUSE.toml aggregate annotation
frontend/src/__tests__/stores/episode-workbench-store.test.ts,Elastic-2.0,2026 SuperTale contributors,REUSE.toml aggregate annotation
frontend/src/__tests__/stores/project-nav-story-lab.test.ts,Elastic-2.0,2026 SuperTale contributors,REUSE.toml aggregate annotation
frontend/src/__tests__/stores/region-store.test.ts,Elastic-2.0,2026 SuperTale contributors,REUSE.toml aggregate annotation
frontend/src/__tests__/stores/save-status-store.test.ts,Elastic-2.0,2026 SuperTale contributors,REUSE.toml aggregate annotation
frontend/src/__tests__/stores/script-storyboard-generate.test.ts,Elastic-2.0,2026 SuperTale contributors,REUSE.toml aggregate annotation
frontend/src/__tests__/stores/seen-pool-store.test.ts,Elastic-2.0,2026 SuperTale contributors,REUSE.toml aggregate annotation
frontend/src/__tests__/stores/store-resets.test.ts,Elastic-2.0,2026 SuperTale contributors,REUSE.toml aggregate annotation
frontend/src/__tests__/task-center/backward-compat.test.ts,Elastic-2.0,2026 SuperTale contributors,REUSE.toml aggregate annotation
frontend/src/__tests__/task-center/derivations.test.ts,Elastic-2.0,2026 SuperTale contributors,REUSE.toml aggregate annotation
frontend/src/__tests__/task-center/event-bus.test.ts,Elastic-2.0,2026 SuperTale contributors,REUSE.toml aggregate annotation
frontend/src/__tests__/task-center/integration.test.tsx,Elastic-2.0,2026 SuperTale contributors,REUSE.toml aggregate annotation
frontend/src/__tests__/task-center/matchers.test.ts,Elastic-2.0,2026 SuperTale contributors,REUSE.toml aggregate annotation
frontend/src/__tests__/task-center/msw-smoke.test.ts,Elastic-2.0,2026 SuperTale contributors,REUSE.toml aggregate annotation
frontend/src/__tests__/task-center/provider.test.tsx,Elastic-2.0,2026 SuperTale contributors,REUSE.toml aggregate annotation
frontend/src/__tests__/task-center/rendering-reactivity.test.tsx,Elastic-2.0,2026 SuperTale contributors,REUSE.toml aggregate annotation
frontend/src/__tests__/task-center/store.test.ts,Elastic-2.0,2026 SuperTale contributors,REUSE.toml aggregate annotation
frontend/src/__tests__/task-center/stream-client.test.ts,Elastic-2.0,2026 SuperTale contributors,REUSE.toml aggregate annotation
frontend/src/__tests__/task-center/task-errors.test.ts,Elastic-2.0,2026 SuperTale contributors,REUSE.toml aggregate annotation
frontend/src/__tests__/task-center/use-task-activity.test.tsx,Elastic-2.0,2026 SuperTale contributors,REUSE.toml aggregate annotation
frontend/src/__tests__/task-center/use-task-subscribe.test.tsx,Elastic-2.0,2026 SuperTale contributors,REUSE.toml aggregate annotation
frontend/src/api/agent-fleet.test.ts,Elastic-2.0,2026 SuperTale contributors,REUSE.toml aggregate annotation
frontend/src/api/agent-fleet.ts,Elastic-2.0,2026 SuperTale contributors,REUSE.toml aggregate annotation
frontend/src/api/agent-memory.ts,Elastic-2.0,2026 SuperTale contributors,REUSE.toml aggregate annotation
frontend/src/api/assets.ts,Elastic-2.0,2026 SuperTale contributors,REUSE.toml aggregate annotation
frontend/src/api/backgroundAnchor.ts,Elastic-2.0,2026 SuperTale contributors,REUSE.toml aggregate annotation
frontend/src/api/canvas.ts,Elastic-2.0,2026 SuperTale contributors,REUSE.toml aggregate annotation
frontend/src/api/client.ts,Elastic-2.0,2026 SuperTale contributors,REUSE.toml aggregate annotation
frontend/src/api/freezoneGenerationHistory.ts,Elastic-2.0,2026 SuperTale contributors,REUSE.toml aggregate annotation
frontend/src/api/freezoneTextPrepare.ts,Elastic-2.0,2026 SuperTale contributors,REUSE.toml aggregate annotation
frontend/src/api/freezoneVideoModelFields.ts,Elastic-2.0,2026 SuperTale contributors,REUSE.toml aggregate annotation
frontend/src/api/ops-job-result-retry.test.ts,Elastic-2.0,2026 SuperTale contributors,REUSE.toml aggregate annotation
frontend/src/api/ops.ts,Elastic-2.0,2026 SuperTale contributors,REUSE.toml aggregate annotation
frontend/src/api/production.ts,Elastic-2.0,2026 SuperTale contributors,REUSE.toml aggregate annotation
frontend/src/api/projects.ts,Elastic-2.0,2026 SuperTale contributors,REUSE.toml aggregate annotation
frontend/src/api/push.ts,Elastic-2.0,2026 SuperTale contributors,REUSE.toml aggregate annotation
frontend/src/api/sceneAssets.ts,Elastic-2.0,2026 SuperTale contributors,REUSE.toml aggregate annotation
frontend/src/api/scriptContract.ts,Elastic-2.0,2026 SuperTale contributors,REUSE.toml aggregate annotation
frontend/src/api/skill-store.ts,Elastic-2.0,2026 SuperTale contributors,REUSE.toml aggregate annotation
frontend/src/api/skills.ts,Elastic-2.0,2026 SuperTale contributors,REUSE.toml aggregate annotation
frontend/src/api/tasks.test.ts,Elastic-2.0,2026 SuperTale contributors,REUSE.toml aggregate annotation
frontend/src/api/tasks.ts,Elastic-2.0,2026 SuperTale contributors,REUSE.toml aggregate annotation
frontend/src/api/viewerManifests.ts,Elastic-2.0,2026 SuperTale contributors,REUSE.toml aggregate annotation
frontend/src/api/workflow-runtime.test.ts,Elastic-2.0,2026 SuperTale contributors,REUSE.toml aggregate annotation
frontend/src/api/workflow-runtime.ts,Elastic-2.0,2026 SuperTale contributors,REUSE.toml aggregate annotation
frontend/src/assets/icons/two-finger-pan.gif,Elastic-2.0,2026 SuperTale contributors,REUSE.toml aggregate annotation
frontend/src/commands/image.test.ts,Elastic-2.0,2026 SuperTale contributors,REUSE.toml aggregate annotation
frontend/src/commands/image.ts,Elastic-2.0,2026 SuperTale contributors,REUSE.toml aggregate annotation
frontend/src/components/GlobalErrorDialog.tsx,Elastic-2.0,2026 SuperTale contributors,REUSE.toml aggregate annotation
frontend/src/components/account/avatar-upload-dialog.tsx,Elastic-2.0,2026 SuperTale contributors,REUSE.toml aggregate annotation
frontend/src/components/app-update-available.tsx,Elastic-2.0,2026 SuperTale contributors,REUSE.toml aggregate annotation
frontend/src/components/app-update-required.tsx,Elastic-2.0,2026 SuperTale contributors,REUSE.toml aggregate annotation
frontend/src/components/assets/asset-beat-references.tsx,Elastic-2.0,2026 SuperTale contributors,REUSE.toml aggregate annotation
frontend/src/components/assets/asset-card-styles.ts,Elastic-2.0,2026 SuperTale contributors,REUSE.toml aggregate annotation
frontend/src/components/assets/asset-header-actions-slot.tsx,Elastic-2.0,2026 SuperTale contributors,REUSE.toml aggregate annotation
frontend/src/components/assets/asset-search-box.tsx,Elastic-2.0,2026 SuperTale contributors,REUSE.toml aggregate annotation
frontend/src/components/assets/character-asset-group.tsx,Elastic-2.0,2026 SuperTale contributors,REUSE.toml aggregate annotation
frontend/src/components/assets/character-image-source-select.tsx,Elastic-2.0,2026 SuperTale contributors,REUSE.toml aggregate annotation
frontend/src/components/assets/character-search.tsx,Elastic-2.0,2026 SuperTale contributors,REUSE.toml aggregate annotation
frontend/src/components/assets/character-stats-strip.tsx,Elastic-2.0,2026 SuperTale contributors,REUSE.toml aggregate annotation
frontend/src/components/assets/character-voice-panel.tsx,Elastic-2.0,2026 SuperTale contributors,REUSE.toml aggregate annotation
frontend/src/components/assets/copy-asset-link-button.tsx,Elastic-2.0,2026 SuperTale contributors,REUSE.toml aggregate annotation
frontend/src/components/assets/narrator-voice-panel.tsx,Elastic-2.0,2026 SuperTale contributors,REUSE.toml aggregate annotation
frontend/src/components/assets/project-style-chip.tsx,Elastic-2.0,2026 SuperTale contributors,REUSE.toml aggregate annotation
frontend/src/components/assets/prop-asset-card.tsx,Elastic-2.0,2026 SuperTale contributors,REUSE.toml aggregate annotation
frontend/src/components/assets/props-panel.tsx,Elastic-2.0,2026 SuperTale contributors,REUSE.toml aggregate annotation
frontend/src/components/assets/scene-asset-card.tsx,Elastic-2.0,2026 SuperTale contributors,REUSE.toml aggregate annotation
frontend/src/components/assets/scene-environment-prompt.tsx,Elastic-2.0,2026 SuperTale contributors,REUSE.toml aggregate annotation
frontend/src/components/assets/scenes-panel.tsx,Elastic-2.0,2026 SuperTale contributors,REUSE.toml aggregate annotation
frontend/src/components/assets/usage-count-badge.tsx,Elastic-2.0,2026 SuperTale contributors,REUSE.toml aggregate annotation
frontend/src/components/credit-cost-inline.tsx,Elastic-2.0,2026 SuperTale contributors,REUSE.toml aggregate annotation
frontend/src/components/credits/credit-visual.tsx,Elastic-2.0,2026 SuperTale contributors,REUSE.toml aggregate annotation
frontend/src/components/episode/beat-workbench/action-panel.tsx,Elastic-2.0,2026 SuperTale contributors,REUSE.toml aggregate annotation
frontend/src/components/episode/beat-workbench/audio-pane.tsx,Elastic-2.0,2026 SuperTale contributors,REUSE.toml aggregate annotation
frontend/src/components/episode/beat-workbench/batch-bar.tsx,Elastic-2.0,2026 SuperTale contributors,REUSE.toml aggregate annotation
frontend/src/components/episode/beat-workbench/batch-panel.tsx,Elastic-2.0,2026 SuperTale contributors,REUSE.toml aggregate annotation
frontend/src/components/episode/beat-workbench/beat-card-grid.tsx,Elastic-2.0,2026 SuperTale contributors,REUSE.toml aggregate annotation
frontend/src/components/episode/beat-workbench/beat-card.tsx,Elastic-2.0,2026 SuperTale contributors,REUSE.toml aggregate annotation
frontend/src/components/episode/beat-workbench/beat-list.tsx,Elastic-2.0,2026 SuperTale contributors,REUSE.toml aggregate annotation
frontend/src/components/episode/beat-workbench/gallery/pipeline-summary.tsx,Elastic-2.0,2026 SuperTale contributors,REUSE.toml aggregate annotation
frontend/src/components/episode/beat-workbench/insert-manual-shot-dialog.tsx,Elastic-2.0,2026 SuperTale contributors,REUSE.toml aggregate annotation
frontend/src/components/episode/beat-workbench/manual-sketch-cost.ts,Elastic-2.0,2026 SuperTale contributors,REUSE.toml aggregate annotation
frontend/src/components/episode/beat-workbench/media-styles.ts,Elastic-2.0,2026 SuperTale contributors,REUSE.toml aggregate annotation
frontend/src/components/episode/beat-workbench/mention-textarea.tsx,Elastic-2.0,2026 SuperTale contributors,REUSE.toml aggregate annotation
frontend/src/components/episode/beat-workbench/narrator-voice-panel.tsx,Elastic-2.0,2026 SuperTale contributors,REUSE.toml aggregate annotation
frontend/src/components/episode/beat-workbench/render-grid-gallery.tsx,Elastic-2.0,2026 SuperTale contributors,REUSE.toml aggregate annotation
frontend/src/components/episode/beat-workbench/render-plan-dialog.tsx,Elastic-2.0,2026 SuperTale contributors,REUSE.toml aggregate annotation
frontend/src/components/episode/beat-workbench/render-section.tsx,Elastic-2.0,2026 SuperTale contributors,REUSE.toml aggregate annotation
frontend/src/components/episode/beat-workbench/render-settings-controls.tsx,Elastic-2.0,2026 SuperTale contributors,REUSE.toml aggregate annotation
frontend/src/components/episode/beat-workbench/seedance2-mentions.ts,Elastic-2.0,2026 SuperTale contributors,REUSE.toml aggregate annotation
frontend/src/components/episode/beat-workbench/single-beat-panel.tsx,Elastic-2.0,2026 SuperTale contributors,REUSE.toml aggregate annotation
frontend/src/components/episode/beat-workbench/sketch-crop-dialog.tsx,Elastic-2.0,2026 SuperTale contributors,REUSE.toml aggregate annotation
frontend/src/components/episode/beat-workbench/sketch-grid-gallery.tsx,Elastic-2.0,2026 SuperTale contributors,REUSE.toml aggregate annotation
frontend/src/components/episode/beat-workbench/sketch-pose-editor-dialog.tsx,Elastic-2.0,2026 SuperTale contributors,REUSE.toml aggregate annotation
frontend/src/components/episode/beat-workbench/sketch-section.tsx,Elastic-2.0,2026 SuperTale contributors,REUSE.toml aggregate annotation
frontend/src/components/episode/beat-workbench/sketch-settings-controls.tsx,Elastic-2.0,2026 SuperTale contributors,REUSE.toml aggregate annotation
frontend/src/components/episode/beat-workbench/sketch-studio-actions.tsx,Elastic-2.0,2026 SuperTale contributors,REUSE.toml aggregate annotation
frontend/src/components/episode/beat-workbench/text-pane.tsx,Elastic-2.0,2026 SuperTale contributors,REUSE.toml aggregate annotation
frontend/src/components/episode/beat-workbench/toolbar-select-styles.ts,Elastic-2.0,2026 SuperTale contributors,REUSE.toml aggregate annotation
frontend/src/components/episode/beat-workbench/verify-chip.tsx,Elastic-2.0,2026 SuperTale contributors,REUSE.toml aggregate annotation
frontend/src/components/episode/beat-workbench/verify-panel.tsx,Elastic-2.0,2026 SuperTale contributors,REUSE.toml aggregate annotation
frontend/src/components/episode/beat-workbench/video-pane.tsx,Elastic-2.0,2026 SuperTale contributors,REUSE.toml aggregate annotation
frontend/src/components/episode/beat-workbench/view-toggles.tsx,Elastic-2.0,2026 SuperTale contributors,REUSE.toml aggregate annotation
frontend/src/components/episode/compose-gate.tsx,Elastic-2.0,2026 SuperTale contributors,REUSE.toml aggregate annotation
frontend/src/components/episode/episode-actions-slot.tsx,Elastic-2.0,2026 SuperTale contributors,REUSE.toml aggregate annotation
frontend/src/components/episode/episode-asset-planning.tsx,Elastic-2.0,2026 SuperTale contributors,REUSE.toml aggregate annotation
frontend/src/components/episode/episode-empty-state.tsx,Elastic-2.0,2026 SuperTale contributors,REUSE.toml aggregate annotation
frontend/src/components/episode/episode-source-editor.tsx,Elastic-2.0,2026 SuperTale contributors,REUSE.toml aggregate annotation
frontend/src/components/episode/episode-story-context.tsx,Elastic-2.0,2026 SuperTale contributors,REUSE.toml aggregate annotation
frontend/src/components/episode/header-collapse.tsx,Elastic-2.0,2026 SuperTale contributors,REUSE.toml aggregate annotation
frontend/src/components/episode/health-bar.tsx,Elastic-2.0,2026 SuperTale contributors,REUSE.toml aggregate annotation
frontend/src/components/episode/script-beat-preview.tsx,Elastic-2.0,2026 SuperTale contributors,REUSE.toml aggregate annotation
frontend/src/components/episode/task-controller-provider.tsx,Elastic-2.0,2026 SuperTale contributors,REUSE.toml aggregate annotation
frontend/src/components/identity-picker-dialog.tsx,Elastic-2.0,2026 SuperTale contributors,REUSE.toml aggregate annotation
frontend/src/components/ingest/FormatCheckDetailsDialog.tsx,Elastic-2.0,2026 SuperTale contributors,REUSE.toml aggregate annotation
frontend/src/components/ingest/KnowledgeGraphVisualization.tsx,Elastic-2.0,2026 SuperTale contributors,REUSE.toml aggregate annotation
frontend/src/components/ingest/NovelFormatDialog.tsx,Elastic-2.0,2026 SuperTale contributors,REUSE.toml aggregate annotation
frontend/src/components/layout/ai-assistant-panel.tsx,Elastic-2.0,2026 SuperTale contributors,REUSE.toml aggregate annotation
frontend/src/components/layout/app-sidebar.tsx,Elastic-2.0,2026 SuperTale contributors,REUSE.toml aggregate annotation
frontend/src/components/layout/brand-holiday-badge.css,Elastic-2.0,2026 SuperTale contributors,REUSE.toml aggregate annotation
frontend/src/components/layout/brand-holiday-badge.tsx,Elastic-2.0,2026 SuperTale contributors,REUSE.toml aggregate annotation
frontend/src/components/layout/credit-balance-badge.tsx,Elastic-2.0,2026 SuperTale contributors,REUSE.toml aggregate annotation
frontend/src/components/layout/header.tsx,Elastic-2.0,2026 SuperTale contributors,REUSE.toml aggregate annotation
frontend/src/components/layout/project-header-navigation.tsx,Elastic-2.0,2026 SuperTale contributors,REUSE.toml aggregate annotation
frontend/src/components/layout/project-navigation-routes.ts,Elastic-2.0,2026 SuperTale contributors,REUSE.toml aggregate annotation
frontend/src/components/layout/project-story-navigation.tsx,Elastic-2.0,2026 SuperTale contributors,REUSE.toml aggregate annotation
frontend/src/components/layout/region-badge.tsx,Elastic-2.0,2026 SuperTale contributors,REUSE.toml aggregate annotation
frontend/src/components/lightbox-image.tsx,Elastic-2.0,2026 SuperTale contributors,REUSE.toml aggregate annotation
frontend/src/components/login/cinematic/EighthControlScreen.tsx,Elastic-2.0,2026 SuperTale contributors,REUSE.toml aggregate annotation
frontend/src/components/login/cinematic/EleventhFaqScreen.tsx,Elastic-2.0,2026 SuperTale contributors,REUSE.toml aggregate annotation
frontend/src/components/login/cinematic/FifthScreenVideo.tsx,Elastic-2.0,2026 SuperTale contributors,REUSE.toml aggregate annotation
frontend/src/components/login/cinematic/FourthScreen.tsx,Elastic-2.0,2026 SuperTale contributors,REUSE.toml aggregate annotation
frontend/src/components/login/cinematic/IntroRitualScreen.tsx,Elastic-2.0,2026 SuperTale contributors,REUSE.toml aggregate annotation
frontend/src/components/login/cinematic/LoginCinematicHero.tsx,Elastic-2.0,2026 SuperTale contributors,REUSE.toml aggregate annotation
frontend/src/components/login/cinematic/LoginCinematicPage.tsx,Elastic-2.0,2026 SuperTale contributors,REUSE.toml aggregate annotation
frontend/src/components/login/cinematic/NinthWorkflowScreen.tsx,Elastic-2.0,2026 SuperTale contributors,REUSE.toml aggregate annotation
frontend/src/components/login/cinematic/ScrollVideoScene.tsx,Elastic-2.0,2026 SuperTale contributors,REUSE.toml aggregate annotation
frontend/src/components/login/cinematic/SecondScreenVideo.tsx,Elastic-2.0,2026 SuperTale contributors,REUSE.toml aggregate annotation
frontend/src/components/login/cinematic/SeventhPipelineScreen.tsx,Elastic-2.0,2026 SuperTale contributors,REUSE.toml aggregate annotation
frontend/src/components/login/cinematic/SixthShowcaseScreen.tsx,Elastic-2.0,2026 SuperTale contributors,REUSE.toml aggregate annotation
frontend/src/components/login/cinematic/TenthTestimonialsScreen.tsx,Elastic-2.0,2026 SuperTale contributors,REUSE.toml aggregate annotation
frontend/src/components/login/cinematic/ThirdScreenVideo.tsx,Elastic-2.0,2026 SuperTale contributors,REUSE.toml aggregate annotation
frontend/src/components/login/cinematic/TwelfthFinalScreen.tsx,Elastic-2.0,2026 SuperTale contributors,REUSE.toml aggregate annotation
frontend/src/components/login/cinematic/eighth-control-screen.module.css,Elastic-2.0,2026 SuperTale contributors,REUSE.toml aggregate annotation
frontend/src/components/login/cinematic/eleventh-faq-screen.module.css,Elastic-2.0,2026 SuperTale contributors,REUSE.toml aggregate annotation
frontend/src/components/login/cinematic/fifth-screen-video.module.css,Elastic-2.0,2026 SuperTale contributors,REUSE.toml aggregate annotation
frontend/src/components/login/cinematic/fourth-screen.module.css,Elastic-2.0,2026 SuperTale contributors,REUSE.toml aggregate annotation
frontend/src/components/login/cinematic/hero-layout.module.css,Elastic-2.0,2026 SuperTale contributors,REUSE.toml aggregate annotation
frontend/src/components/login/cinematic/intro-ritual-screen.module.css,Elastic-2.0,2026 SuperTale contributors,REUSE.toml aggregate annotation
frontend/src/components/login/cinematic/media.ts,Elastic-2.0,2026 SuperTale contributors,REUSE.toml aggregate annotation
frontend/src/components/login/cinematic/ninth-workflow-screen.module.css,Elastic-2.0,2026 SuperTale contributors,REUSE.toml aggregate annotation
frontend/src/components/login/cinematic/scroll-video-scene.module.css,Elastic-2.0,2026 SuperTale contributors,REUSE.toml aggregate annotation
frontend/src/components/login/cinematic/second-screen.module.css,Elastic-2.0,2026 SuperTale contributors,REUSE.toml aggregate annotation
frontend/src/components/login/cinematic/seventh-pipeline-screen.module.css,Elastic-2.0,2026 SuperTale contributors,REUSE.toml aggregate annotation
frontend/src/components/login/cinematic/sixth-showcase-screen.module.css,Elastic-2.0,2026 SuperTale contributors,REUSE.toml aggregate annotation
frontend/src/components/login/cinematic/tenth-testimonials-screen.module.css,Elastic-2.0,2026 SuperTale contributors,REUSE.toml aggregate annotation
frontend/src/components/login/cinematic/twelfth-final-screen.module.css,Elastic-2.0,2026 SuperTale contributors,REUSE.toml aggregate annotation
frontend/src/components/login/cinematic/watch-link.ts,Elastic-2.0,2026 SuperTale contributors,REUSE.toml aggregate annotation
frontend/src/components/login/community-showcase.tsx,Elastic-2.0,2026 SuperTale contributors,REUSE.toml aggregate annotation
frontend/src/components/login/light-rays.css,Elastic-2.0,2026 SuperTale contributors,REUSE.toml aggregate annotation
frontend/src/components/login/light-rays.tsx,Elastic-2.0,2026 SuperTale contributors,REUSE.toml aggregate annotation
frontend/src/components/login/login-card.tsx,Elastic-2.0,2026 SuperTale contributors,REUSE.toml aggregate annotation
frontend/src/components/login/login-modal.tsx,Elastic-2.0,2026 SuperTale contributors,REUSE.toml aggregate annotation
frontend/src/components/login/login-stage.tsx,Elastic-2.0,2026 SuperTale contributors,REUSE.toml aggregate annotation
frontend/src/components/login/login.module.css,Elastic-2.0,2026 SuperTale contributors,REUSE.toml aggregate annotation
frontend/src/components/login/poster-column.tsx,Elastic-2.0,2026 SuperTale contributors,REUSE.toml aggregate annotation
frontend/src/components/login/poster-wall.module.css,Elastic-2.0,2026 SuperTale contributors,REUSE.toml aggregate annotation
frontend/src/components/login/poster-wall.tsx,Elastic-2.0,2026 SuperTale contributors,REUSE.toml aggregate annotation
frontend/src/components/login/region-selector.tsx,Elastic-2.0,2026 SuperTale contributors,REUSE.toml aggregate annotation
frontend/src/components/login/watch-player.tsx,Elastic-2.0,2026 SuperTale contributors,REUSE.toml aggregate annotation
frontend/src/components/nav/sliding-tabs.css,Elastic-2.0,2026 SuperTale contributors,REUSE.toml aggregate annotation
frontend/src/components/nav/sliding-tabs.tsx,Elastic-2.0,2026 SuperTale contributors,REUSE.toml aggregate annotation
frontend/src/components/notifications/notification-drawer.tsx,Elastic-2.0,2026 SuperTale contributors,REUSE.toml aggregate annotation
frontend/src/components/projects/project-folder.module.css,Elastic-2.0,2026 SuperTale contributors,REUSE.toml aggregate annotation
frontend/src/components/projects/project-folder.tsx,Elastic-2.0,2026 SuperTale contributors,REUSE.toml aggregate annotation
frontend/src/components/projects/share-project-dialog.tsx,Elastic-2.0,2026 SuperTale contributors,REUSE.toml aggregate annotation
frontend/src/components/react-bits/aurora.css,Elastic-2.0,2026 SuperTale contributors,REUSE.toml aggregate annotation
frontend/src/components/react-bits/aurora.tsx,Elastic-2.0,2026 SuperTale contributors,REUSE.toml aggregate annotation
frontend/src/components/react-bits/dark-veil.css,Elastic-2.0,2026 SuperTale contributors,REUSE.toml aggregate annotation
frontend/src/components/react-bits/dark-veil.tsx,Elastic-2.0,2026 SuperTale contributors,REUSE.toml aggregate annotation
frontend/src/components/react-bits/side-rays.css,Elastic-2.0,2026 SuperTale contributors,REUSE.toml aggregate annotation
frontend/src/components/react-bits/side-rays.tsx,Elastic-2.0,2026 SuperTale contributors,REUSE.toml aggregate annotation
frontend/src/components/react-bits/split-text.tsx,Elastic-2.0,2026 SuperTale contributors,REUSE.toml aggregate annotation
frontend/src/components/save-status.tsx,Elastic-2.0,2026 SuperTale contributors,REUSE.toml aggregate annotation
frontend/src/components/settings/models/direct-model-config.test.ts,Elastic-2.0,2026 SuperTale contributors,REUSE.toml aggregate annotation
frontend/src/components/settings/models/direct-model-config.ts,Elastic-2.0,2026 SuperTale contributors,REUSE.toml aggregate annotation
frontend/src/components/settings/models/video-model-capability-preview.tsx,Elastic-2.0,2026 SuperTale contributors,REUSE.toml aggregate annotation
frontend/src/components/settings/models/video-wire-contract.tsx,Elastic-2.0,2026 SuperTale contributors,REUSE.toml aggregate annotation
frontend/src/components/settings/settings-dialog.tsx,Elastic-2.0,2026 SuperTale contributors,REUSE.toml aggregate annotation
frontend/src/components/shadcn/dropdown-menu.tsx,Elastic-2.0,2026 SuperTale contributors,REUSE.toml aggregate annotation
frontend/src/components/shadcn/slider.tsx,Elastic-2.0,2026 SuperTale contributors,REUSE.toml aggregate annotation
frontend/src/components/shadcn/tabs.tsx,Elastic-2.0,2026 SuperTale contributors,REUSE.toml aggregate annotation
frontend/src/components/skeletons.tsx,Elastic-2.0,2026 SuperTale contributors,REUSE.toml aggregate annotation
frontend/src/components/stage-progress-panel.tsx,Elastic-2.0,2026 SuperTale contributors,REUSE.toml aggregate annotation
frontend/src/components/task-center/empty-state.tsx,Elastic-2.0,2026 SuperTale contributors,REUSE.toml aggregate annotation
frontend/src/components/task-center/header-entry.tsx,Elastic-2.0,2026 SuperTale contributors,REUSE.toml aggregate annotation
frontend/src/components/task-center/panel.tsx,Elastic-2.0,2026 SuperTale contributors,REUSE.toml aggregate annotation
frontend/src/components/task-center/status-bar.tsx,Elastic-2.0,2026 SuperTale contributors,REUSE.toml aggregate annotation
frontend/src/components/task-center/task-actions.tsx,Elastic-2.0,2026 SuperTale contributors,REUSE.toml aggregate annotation
frontend/src/components/task-center/task-detail.tsx,Elastic-2.0,2026 SuperTale contributors,REUSE.toml aggregate annotation
frontend/src/components/task-center/task-list.tsx,Elastic-2.0,2026 SuperTale contributors,REUSE.toml aggregate annotation
frontend/src/components/task-center/task-logs.tsx,Elastic-2.0,2026 SuperTale contributors,REUSE.toml aggregate annotation
frontend/src/components/task-center/task-row.tsx,Elastic-2.0,2026 SuperTale contributors,REUSE.toml aggregate annotation
frontend/src/components/theme-provider.tsx,Elastic-2.0,2026 SuperTale contributors,REUSE.toml aggregate annotation
frontend/src/components/theme-toggle.tsx,Elastic-2.0,2026 SuperTale contributors,REUSE.toml aggregate annotation
frontend/src/components/themed-toaster.tsx,Elastic-2.0,2026 SuperTale contributors,REUSE.toml aggregate annotation
frontend/src/components/ui/AgentMark.tsx,Elastic-2.0,2026 SuperTale contributors,REUSE.toml aggregate annotation
frontend/src/components/ui/alert-dialog.tsx,Elastic-2.0,2026 SuperTale contributors,REUSE.toml aggregate annotation
frontend/src/components/ui/avatar.tsx,Elastic-2.0,2026 SuperTale contributors,REUSE.toml aggregate annotation
frontend/src/components/ui/badge.tsx,Elastic-2.0,2026 SuperTale contributors,REUSE.toml aggregate annotation
frontend/src/components/ui/button.tsx,Elastic-2.0,2026 SuperTale contributors,REUSE.toml aggregate annotation
frontend/src/components/ui/card.tsx,Elastic-2.0,2026 SuperTale contributors,REUSE.toml aggregate annotation
frontend/src/components/ui/checkbox.tsx,Elastic-2.0,2026 SuperTale contributors,REUSE.toml aggregate annotation
frontend/src/components/ui/dialog.tsx,Elastic-2.0,2026 SuperTale contributors,REUSE.toml aggregate annotation
frontend/src/components/ui/dropdown-menu.tsx,Elastic-2.0,2026 SuperTale contributors,REUSE.toml aggregate annotation
frontend/src/components/ui/empty-state-styles.ts,Elastic-2.0,2026 SuperTale contributors,REUSE.toml aggregate annotation
frontend/src/components/ui/header-action-styles.ts,Elastic-2.0,2026 SuperTale contributors,REUSE.toml aggregate annotation
frontend/src/components/ui/header-refresh-button.tsx,Elastic-2.0,2026 SuperTale contributors,REUSE.toml aggregate annotation
frontend/src/components/ui/index.ts,Elastic-2.0,2026 SuperTale contributors,REUSE.toml aggregate annotation
frontend/src/components/ui/input.tsx,Elastic-2.0,2026 SuperTale contributors,REUSE.toml aggregate annotation
frontend/src/components/ui/label.tsx,Elastic-2.0,2026 SuperTale contributors,REUSE.toml aggregate annotation
frontend/src/components/ui/motion.ts,Elastic-2.0,2026 SuperTale contributors,REUSE.toml aggregate annotation
frontend/src/components/ui/popover.tsx,Elastic-2.0,2026 SuperTale contributors,REUSE.toml aggregate annotation
frontend/src/components/ui/primitives.tsx,Elastic-2.0,2026 SuperTale contributors,REUSE.toml aggregate annotation
frontend/src/components/ui/progress.tsx,Elastic-2.0,2026 SuperTale contributors,REUSE.toml aggregate annotation
frontend/src/components/ui/scroll-area.tsx,Elastic-2.0,2026 SuperTale contributors,REUSE.toml aggregate annotation
frontend/src/components/ui/select.tsx,Elastic-2.0,2026 SuperTale contributors,REUSE.toml aggregate annotation
frontend/src/components/ui/separator.tsx,Elastic-2.0,2026 SuperTale contributors,REUSE.toml aggregate annotation
frontend/src/components/ui/sheet.tsx,Elastic-2.0,2026 SuperTale contributors,REUSE.toml aggregate annotation
frontend/src/components/ui/skeleton.tsx,Elastic-2.0,2026 SuperTale contributors,REUSE.toml aggregate annotation
frontend/src/components/ui/tabs.tsx,Elastic-2.0,2026 SuperTale contributors,REUSE.toml aggregate annotation
frontend/src/components/ui/textarea.tsx,Elastic-2.0,2026 SuperTale contributors,REUSE.toml aggregate annotation
frontend/src/components/ui/tooltip.tsx,Elastic-2.0,2026 SuperTale contributors,REUSE.toml aggregate annotation
frontend/src/components/ui/useDialogTransition.ts,Elastic-2.0,2026 SuperTale contributors,REUSE.toml aggregate annotation
frontend/src/env.d.ts,Elastic-2.0,2026 SuperTale contributors,REUSE.toml aggregate annotation
frontend/src/features/app/errorDialogEvents.ts,Elastic-2.0,2026 SuperTale contributors,REUSE.toml aggregate annotation
frontend/src/features/canvas/Canvas.tsx,Elastic-2.0,2026 SuperTale contributors,REUSE.toml aggregate annotation
frontend/src/features/canvas/CanvasToolbar.tsx,Elastic-2.0,2026 SuperTale contributors,REUSE.toml aggregate annotation
frontend/src/features/canvas/NodeSelectionMenu.tsx,Elastic-2.0,2026 SuperTale contributors,REUSE.toml aggregate annotation
frontend/src/features/canvas/application/autoLayout.ts,Elastic-2.0,2026 SuperTale contributors,REUSE.toml aggregate annotation
frontend/src/features/canvas/application/awaitFreezoneJobMediaResult.test.ts,Elastic-2.0,2026 SuperTale contributors,REUSE.toml aggregate annotation
frontend/src/features/canvas/application/awaitFreezoneJobMediaResult.ts,Elastic-2.0,2026 SuperTale contributors,REUSE.toml aggregate annotation
frontend/src/features/canvas/application/bookmarkActions.ts,Elastic-2.0,2026 SuperTale contributors,REUSE.toml aggregate annotation
frontend/src/features/canvas/application/canvasDragDerivation.test.ts,Elastic-2.0,2026 SuperTale contributors,REUSE.toml aggregate annotation
frontend/src/features/canvas/application/canvasDragDerivation.ts,Elastic-2.0,2026 SuperTale contributors,REUSE.toml aggregate annotation
frontend/src/features/canvas/application/canvasEdgeIndex.test.ts,Elastic-2.0,2026 SuperTale contributors,REUSE.toml aggregate annotation
frontend/src/features/canvas/application/canvasEdgeIndex.ts,Elastic-2.0,2026 SuperTale contributors,REUSE.toml aggregate annotation
frontend/src/features/canvas/application/canvasInteractionPerformance.test.ts,Elastic-2.0,2026 SuperTale contributors,REUSE.toml aggregate annotation
frontend/src/features/canvas/application/canvasInteractionPerformance.ts,Elastic-2.0,2026 SuperTale contributors,REUSE.toml aggregate annotation
frontend/src/features/canvas/application/canvasLod.test.ts,Elastic-2.0,2026 SuperTale contributors,REUSE.toml aggregate annotation
frontend/src/features/canvas/application/canvasLod.ts,Elastic-2.0,2026 SuperTale contributors,REUSE.toml aggregate annotation
frontend/src/features/canvas/application/canvasLodMeasurement.test.ts,Elastic-2.0,2026 SuperTale contributors,REUSE.toml aggregate annotation
frontend/src/features/canvas/application/canvasMutationKernel.test.ts,Elastic-2.0,2026 SuperTale contributors,REUSE.toml aggregate annotation
frontend/src/features/canvas/application/canvasMutationKernel.ts,Elastic-2.0,2026 SuperTale contributors,REUSE.toml aggregate annotation
frontend/src/features/canvas/application/canvasMutationOutbox.ts,Elastic-2.0,2026 SuperTale contributors,REUSE.toml aggregate annotation
frontend/src/features/canvas/application/canvasMutationTypes.ts,Elastic-2.0,2026 SuperTale contributors,REUSE.toml aggregate annotation
frontend/src/features/canvas/application/canvasNodeIndex.test.ts,Elastic-2.0,2026 SuperTale contributors,REUSE.toml aggregate annotation
frontend/src/features/canvas/application/canvasNodeIndex.ts,Elastic-2.0,2026 SuperTale contributors,REUSE.toml aggregate annotation
frontend/src/features/canvas/application/canvasServices.ts,Elastic-2.0,2026 SuperTale contributors,REUSE.toml aggregate annotation
frontend/src/features/canvas/application/canvasUserTemplateActions.test.ts,Elastic-2.0,2026 SuperTale contributors,REUSE.toml aggregate annotation
frontend/src/features/canvas/application/canvasUserTemplateActions.ts,Elastic-2.0,2026 SuperTale contributors,REUSE.toml aggregate annotation
frontend/src/features/canvas/application/canvasViewportSafety.test.ts,Elastic-2.0,2026 SuperTale contributors,REUSE.toml aggregate annotation
frontend/src/features/canvas/application/canvasViewportSafety.ts,Elastic-2.0,2026 SuperTale contributors,REUSE.toml aggregate annotation
frontend/src/features/canvas/application/canvasWorkflowManifest.test.ts,Elastic-2.0,2026 SuperTale contributors,REUSE.toml aggregate annotation
frontend/src/features/canvas/application/canvasWorkflowManifest.ts,Elastic-2.0,2026 SuperTale contributors,REUSE.toml aggregate annotation
frontend/src/features/canvas/application/crossProjectAssets.ts,Elastic-2.0,2026 SuperTale contributors,REUSE.toml aggregate annotation
frontend/src/features/canvas/application/dialogueDubbing.ts,Elastic-2.0,2026 SuperTale contributors,REUSE.toml aggregate annotation
frontend/src/features/canvas/application/errorDialog.ts,Elastic-2.0,2026 SuperTale contributors,REUSE.toml aggregate annotation
frontend/src/features/canvas/application/eventBus.ts,Elastic-2.0,2026 SuperTale contributors,REUSE.toml aggregate annotation
frontend/src/features/canvas/application/extractedFrames.test.ts,Elastic-2.0,2026 SuperTale contributors,REUSE.toml aggregate annotation
frontend/src/features/canvas/application/extractedFrames.ts,Elastic-2.0,2026 SuperTale contributors,REUSE.toml aggregate annotation
frontend/src/features/canvas/application/focusDerivedNodes.test.ts,Elastic-2.0,2026 SuperTale contributors,REUSE.toml aggregate annotation
frontend/src/features/canvas/application/focusDerivedNodes.ts,Elastic-2.0,2026 SuperTale contributors,REUSE.toml aggregate annotation
frontend/src/features/canvas/application/generationConcurrency.test.ts,Elastic-2.0,2026 SuperTale contributors,REUSE.toml aggregate annotation
frontend/src/features/canvas/application/generationConcurrency.ts,Elastic-2.0,2026 SuperTale contributors,REUSE.toml aggregate annotation
frontend/src/features/canvas/application/generationDependencies.test.ts,Elastic-2.0,2026 SuperTale contributors,REUSE.toml aggregate annotation
frontend/src/features/canvas/application/generationDependencies.ts,Elastic-2.0,2026 SuperTale contributors,REUSE.toml aggregate annotation
frontend/src/features/canvas/application/generationErrorReport.ts,Elastic-2.0,2026 SuperTale contributors,REUSE.toml aggregate annotation
frontend/src/features/canvas/application/generationTaskArbitration.ts,Elastic-2.0,2026 SuperTale contributors,REUSE.toml aggregate annotation
frontend/src/features/canvas/application/graphContentResolver.ts,Elastic-2.0,2026 SuperTale contributors,REUSE.toml aggregate annotation
frontend/src/features/canvas/application/graphImageResolver.ts,Elastic-2.0,2026 SuperTale contributors,REUSE.toml aggregate annotation
frontend/src/features/canvas/application/imageData.ts,Elastic-2.0,2026 SuperTale contributors,REUSE.toml aggregate annotation
frontend/src/features/canvas/application/imageNodeSizing.ts,Elastic-2.0,2026 SuperTale contributors,REUSE.toml aggregate annotation
frontend/src/features/canvas/application/matteClient.ts,Elastic-2.0,2026 SuperTale contributors,REUSE.toml aggregate annotation
frontend/src/features/canvas/application/matteWorker.ts,Elastic-2.0,2026 SuperTale contributors,REUSE.toml aggregate annotation
frontend/src/features/canvas/application/mirrorResultToOrigin.test.ts,Elastic-2.0,2026 SuperTale contributors,REUSE.toml aggregate annotation
frontend/src/features/canvas/application/mirrorResultToOrigin.ts,Elastic-2.0,2026 SuperTale contributors,REUSE.toml aggregate annotation
frontend/src/features/canvas/application/nodeCapabilityDispatch.test.ts,Elastic-2.0,2026 SuperTale contributors,REUSE.toml aggregate annotation
frontend/src/features/canvas/application/nodeCapabilityDispatch.ts,Elastic-2.0,2026 SuperTale contributors,REUSE.toml aggregate annotation
frontend/src/features/canvas/application/nodeCatalog.ts,Elastic-2.0,2026 SuperTale contributors,REUSE.toml aggregate annotation
frontend/src/features/canvas/application/nodeFactory.ts,Elastic-2.0,2026 SuperTale contributors,REUSE.toml aggregate annotation
frontend/src/features/canvas/application/nodeGenerationCancellation.test.ts,Elastic-2.0,2026 SuperTale contributors,REUSE.toml aggregate annotation
frontend/src/features/canvas/application/orphanNodes.test.ts,Elastic-2.0,2026 SuperTale contributors,REUSE.toml aggregate annotation
frontend/src/features/canvas/application/orphanNodes.ts,Elastic-2.0,2026 SuperTale contributors,REUSE.toml aggregate annotation
frontend/src/features/canvas/application/ports.ts,Elastic-2.0,2026 SuperTale contributors,REUSE.toml aggregate annotation
frontend/src/features/canvas/application/referencePick.test.ts,Elastic-2.0,2026 SuperTale contributors,REUSE.toml aggregate annotation
frontend/src/features/canvas/application/referencePick.ts,Elastic-2.0,2026 SuperTale contributors,REUSE.toml aggregate annotation
frontend/src/features/canvas/application/referencePickStore.ts,Elastic-2.0,2026 SuperTale contributors,REUSE.toml aggregate annotation
frontend/src/features/canvas/application/referenceTokenEditing.ts,Elastic-2.0,2026 SuperTale contributors,REUSE.toml aggregate annotation
frontend/src/features/canvas/application/regenerateExportNode.ts,Elastic-2.0,2026 SuperTale contributors,REUSE.toml aggregate annotation
frontend/src/features/canvas/application/resumeGeneration.ts,Elastic-2.0,2026 SuperTale contributors,REUSE.toml aggregate annotation
frontend/src/features/canvas/application/scriptRowsToText.regression.test.ts,Elastic-2.0,2026 SuperTale contributors,REUSE.toml aggregate annotation
frontend/src/features/canvas/application/scriptRowsToText.test.ts,Elastic-2.0,2026 SuperTale contributors,REUSE.toml aggregate annotation
frontend/src/features/canvas/application/scriptRowsToText.ts,Elastic-2.0,2026 SuperTale contributors,REUSE.toml aggregate annotation
frontend/src/features/canvas/application/selectedBackgroundSlot.ts,Elastic-2.0,2026 SuperTale contributors,REUSE.toml aggregate annotation
frontend/src/features/canvas/application/spawnExternalAssets.ts,Elastic-2.0,2026 SuperTale contributors,REUSE.toml aggregate annotation
frontend/src/features/canvas/application/starterWorkflowCatalog.ts,Elastic-2.0,2026 SuperTale contributors,REUSE.toml aggregate annotation
frontend/src/features/canvas/application/starterWorkflows.test.ts,Elastic-2.0,2026 SuperTale contributors,REUSE.toml aggregate annotation
frontend/src/features/canvas/application/starterWorkflows.ts,Elastic-2.0,2026 SuperTale contributors,REUSE.toml aggregate annotation
frontend/src/features/canvas/application/storyboardText.ts,Elastic-2.0,2026 SuperTale contributors,REUSE.toml aggregate annotation
frontend/src/features/canvas/application/submitScriptLocalRewrite.ts,Elastic-2.0,2026 SuperTale contributors,REUSE.toml aggregate annotation
frontend/src/features/canvas/application/toolProcessor.ts,Elastic-2.0,2026 SuperTale contributors,REUSE.toml aggregate annotation
frontend/src/features/canvas/application/uploadToolOutput.ts,Elastic-2.0,2026 SuperTale contributors,REUSE.toml aggregate annotation
frontend/src/features/canvas/application/useCancelNodeGeneration.ts,Elastic-2.0,2026 SuperTale contributors,REUSE.toml aggregate annotation
frontend/src/features/canvas/application/useCanvasUserTemplateRuntime.ts,Elastic-2.0,2026 SuperTale contributors,REUSE.toml aggregate annotation
frontend/src/features/canvas/application/useCanvasUserTemplates.ts,Elastic-2.0,2026 SuperTale contributors,REUSE.toml aggregate annotation
frontend/src/features/canvas/application/useNodeGenerationTaskState.ts,Elastic-2.0,2026 SuperTale contributors,REUSE.toml aggregate annotation
frontend/src/features/canvas/application/useUpstreamGraph.ts,Elastic-2.0,2026 SuperTale contributors,REUSE.toml aggregate annotation
frontend/src/features/canvas/application/userCanvasTemplates.test.ts,Elastic-2.0,2026 SuperTale contributors,REUSE.toml aggregate annotation
frontend/src/features/canvas/application/userCanvasTemplates.ts,Elastic-2.0,2026 SuperTale contributors,REUSE.toml aggregate annotation
frontend/src/features/canvas/application/videoFileTypes.test.ts,Elastic-2.0,2026 SuperTale contributors,REUSE.toml aggregate annotation
frontend/src/features/canvas/application/videoFileTypes.ts,Elastic-2.0,2026 SuperTale contributors,REUSE.toml aggregate annotation
frontend/src/features/canvas/application/videoFrameCapture.ts,Elastic-2.0,2026 SuperTale contributors,REUSE.toml aggregate annotation
frontend/src/features/canvas/application/videoGenerationSource.test.ts,Elastic-2.0,2026 SuperTale contributors,REUSE.toml aggregate annotation
frontend/src/features/canvas/application/videoGenerationSource.ts,Elastic-2.0,2026 SuperTale contributors,REUSE.toml aggregate annotation
frontend/src/features/canvas/application/videoStoryNormalizer.test.ts,Elastic-2.0,2026 SuperTale contributors,REUSE.toml aggregate annotation
frontend/src/features/canvas/application/videoStoryNormalizer.ts,Elastic-2.0,2026 SuperTale contributors,REUSE.toml aggregate annotation
frontend/src/features/canvas/application/videoTranscode.ts,Elastic-2.0,2026 SuperTale contributors,REUSE.toml aggregate annotation
frontend/src/features/canvas/application/videoTranscodeFfmpeg.ts,Elastic-2.0,2026 SuperTale contributors,REUSE.toml aggregate annotation
frontend/src/features/canvas/compose/CoverEditor.tsx,Elastic-2.0,2026 SuperTale contributors,REUSE.toml aggregate annotation
frontend/src/features/canvas/compose/VideoComposeModal.tsx,Elastic-2.0,2026 SuperTale contributors,REUSE.toml aggregate annotation
frontend/src/features/canvas/compose/audioPeaks.ts,Elastic-2.0,2026 SuperTale contributors,REUSE.toml aggregate annotation
frontend/src/features/canvas/compose/coverCapture.ts,Elastic-2.0,2026 SuperTale contributors,REUSE.toml aggregate annotation
frontend/src/features/canvas/compose/filmstrip.ts,Elastic-2.0,2026 SuperTale contributors,REUSE.toml aggregate annotation
frontend/src/features/canvas/compose/timelineModel.ts,Elastic-2.0,2026 SuperTale contributors,REUSE.toml aggregate annotation
frontend/src/features/canvas/compose/useComposePlayback.ts,Elastic-2.0,2026 SuperTale contributors,REUSE.toml aggregate annotation
frontend/src/features/canvas/domain/assetDrag.ts,Elastic-2.0,2026 SuperTale contributors,REUSE.toml aggregate annotation
frontend/src/features/canvas/domain/assetDragHydrate.ts,Elastic-2.0,2026 SuperTale contributors,REUSE.toml aggregate annotation
frontend/src/features/canvas/domain/cameraMovementPresets.test.ts,Elastic-2.0,2026 SuperTale contributors,REUSE.toml aggregate annotation
frontend/src/features/canvas/domain/cameraMovementPresets.ts,Elastic-2.0,2026 SuperTale contributors,REUSE.toml aggregate annotation
frontend/src/features/canvas/domain/canvasAssets.ts,Elastic-2.0,2026 SuperTale contributors,REUSE.toml aggregate annotation
frontend/src/features/canvas/domain/canvasNodes.contract.test.ts,Elastic-2.0,2026 SuperTale contributors,REUSE.toml aggregate annotation
frontend/src/features/canvas/domain/canvasNodes.ts,Elastic-2.0,2026 SuperTale contributors,REUSE.toml aggregate annotation
frontend/src/features/canvas/domain/canvasResourceMeta.ts,Elastic-2.0,2026 SuperTale contributors,REUSE.toml aggregate annotation
frontend/src/features/canvas/domain/directModelReadiness.ts,Elastic-2.0,2026 SuperTale contributors,REUSE.toml aggregate annotation
frontend/src/features/canvas/domain/directorWorldSceneSaveRegistry.ts,Elastic-2.0,2026 SuperTale contributors,REUSE.toml aggregate annotation
frontend/src/features/canvas/domain/directorWorldSources.ts,Elastic-2.0,2026 SuperTale contributors,REUSE.toml aggregate annotation
frontend/src/features/canvas/domain/durationHonesty.ts,Elastic-2.0,2026 SuperTale contributors,REUSE.toml aggregate annotation
frontend/src/features/canvas/domain/groupColors.ts,Elastic-2.0,2026 SuperTale contributors,REUSE.toml aggregate annotation
frontend/src/features/canvas/domain/groupSelectionDelete.ts,Elastic-2.0,2026 SuperTale contributors,REUSE.toml aggregate annotation
frontend/src/features/canvas/domain/imageAdvancedSettings.ts,Elastic-2.0,2026 SuperTale contributors,REUSE.toml aggregate annotation
frontend/src/features/canvas/domain/inheritMainlineFields.ts,Elastic-2.0,2026 SuperTale contributors,REUSE.toml aggregate annotation
frontend/src/features/canvas/domain/kacangVideoCapability.test.ts,Elastic-2.0,2026 SuperTale contributors,REUSE.toml aggregate annotation
frontend/src/features/canvas/domain/lastVideoModel.ts,Elastic-2.0,2026 SuperTale contributors,REUSE.toml aggregate annotation
frontend/src/features/canvas/domain/mainlineNodeFlags.ts,Elastic-2.0,2026 SuperTale contributors,REUSE.toml aggregate annotation
frontend/src/features/canvas/domain/mainlineNodeTypes.ts,Elastic-2.0,2026 SuperTale contributors,REUSE.toml aggregate annotation
frontend/src/features/canvas/domain/mediaDownloadFilename.test.ts,Elastic-2.0,2026 SuperTale contributors,REUSE.toml aggregate annotation
frontend/src/features/canvas/domain/mediaDownloadFilename.ts,Elastic-2.0,2026 SuperTale contributors,REUSE.toml aggregate annotation
frontend/src/features/canvas/domain/nodeCapabilityCatalog.test.ts,Elastic-2.0,2026 SuperTale contributors,REUSE.toml aggregate annotation
frontend/src/features/canvas/domain/nodeCapabilityCatalog.ts,Elastic-2.0,2026 SuperTale contributors,REUSE.toml aggregate annotation
frontend/src/features/canvas/domain/nodeDisplay.ts,Elastic-2.0,2026 SuperTale contributors,REUSE.toml aggregate annotation
frontend/src/features/canvas/domain/nodePlacement.test.ts,Elastic-2.0,2026 SuperTale contributors,REUSE.toml aggregate annotation
frontend/src/features/canvas/domain/nodePlacement.ts,Elastic-2.0,2026 SuperTale contributors,REUSE.toml aggregate annotation
frontend/src/features/canvas/domain/nodeRegistry.ts,Elastic-2.0,2026 SuperTale contributors,REUSE.toml aggregate annotation
frontend/src/features/canvas/domain/nodeRights.ts,Elastic-2.0,2026 SuperTale contributors,REUSE.toml aggregate annotation
frontend/src/features/canvas/domain/promptCamera.test.ts,Elastic-2.0,2026 SuperTale contributors,REUSE.toml aggregate annotation
frontend/src/features/canvas/domain/promptCamera.ts,Elastic-2.0,2026 SuperTale contributors,REUSE.toml aggregate annotation
frontend/src/features/canvas/domain/promptDialogue.ts,Elastic-2.0,2026 SuperTale contributors,REUSE.toml aggregate annotation
frontend/src/features/canvas/domain/promptSegments.test.ts,Elastic-2.0,2026 SuperTale contributors,REUSE.toml aggregate annotation
frontend/src/features/canvas/domain/promptSegments.ts,Elastic-2.0,2026 SuperTale contributors,REUSE.toml aggregate annotation
frontend/src/features/canvas/domain/resolutionHonesty.test.ts,Elastic-2.0,2026 SuperTale contributors,REUSE.toml aggregate annotation
frontend/src/features/canvas/domain/resolutionHonesty.ts,Elastic-2.0,2026 SuperTale contributors,REUSE.toml aggregate annotation
frontend/src/features/canvas/domain/scriptShotIdentity.ts,Elastic-2.0,2026 SuperTale contributors,REUSE.toml aggregate annotation
frontend/src/features/canvas/domain/skillConnectionEdges.ts,Elastic-2.0,2026 SuperTale contributors,REUSE.toml aggregate annotation
frontend/src/features/canvas/domain/storyboardCellPreview.ts,Elastic-2.0,2026 SuperTale contributors,REUSE.toml aggregate annotation
frontend/src/features/canvas/domain/storyboardGroup.ts,Elastic-2.0,2026 SuperTale contributors,REUSE.toml aggregate annotation
frontend/src/features/canvas/domain/storyboardRowSpec.test.ts,Elastic-2.0,2026 SuperTale contributors,REUSE.toml aggregate annotation
frontend/src/features/canvas/domain/storyboardRowSpec.ts,Elastic-2.0,2026 SuperTale contributors,REUSE.toml aggregate annotation
frontend/src/features/canvas/domain/uploadNodePresentation.test.ts,Elastic-2.0,2026 SuperTale contributors,REUSE.toml aggregate annotation
frontend/src/features/canvas/domain/uploadNodePresentation.ts,Elastic-2.0,2026 SuperTale contributors,REUSE.toml aggregate annotation
frontend/src/features/canvas/domain/videoAdvancedParameters.test.ts,Elastic-2.0,2026 SuperTale contributors,REUSE.toml aggregate annotation
frontend/src/features/canvas/domain/videoAdvancedParameters.ts,Elastic-2.0,2026 SuperTale contributors,REUSE.toml aggregate annotation
frontend/src/features/canvas/domain/videoCapabilityCompiler.test.ts,Elastic-2.0,2026 SuperTale contributors,REUSE.toml aggregate annotation
frontend/src/features/canvas/domain/videoCapabilityCompiler.ts,Elastic-2.0,2026 SuperTale contributors,REUSE.toml aggregate annotation
frontend/src/features/canvas/domain/videoModeTabs.test.ts,Elastic-2.0,2026 SuperTale contributors,REUSE.toml aggregate annotation
frontend/src/features/canvas/domain/videoModeTabs.ts,Elastic-2.0,2026 SuperTale contributors,REUSE.toml aggregate annotation
frontend/src/features/canvas/domain/videoModelSelection.test.ts,Elastic-2.0,2026 SuperTale contributors,REUSE.toml aggregate annotation
frontend/src/features/canvas/domain/videoModelSelection.ts,Elastic-2.0,2026 SuperTale contributors,REUSE.toml aggregate annotation
frontend/src/features/canvas/domain/videoReferenceRoles.test.ts,Elastic-2.0,2026 SuperTale contributors,REUSE.toml aggregate annotation
frontend/src/features/canvas/domain/videoReferenceRoles.ts,Elastic-2.0,2026 SuperTale contributors,REUSE.toml aggregate annotation
frontend/src/features/canvas/domain/videoResolutionSelection.test.ts,Elastic-2.0,2026 SuperTale contributors,REUSE.toml aggregate annotation
frontend/src/features/canvas/domain/viewportBookmarks.ts,Elastic-2.0,2026 SuperTale contributors,REUSE.toml aggregate annotation
frontend/src/features/canvas/domain/wokeyJimengVideoCapability.test.ts,Elastic-2.0,2026 SuperTale contributors,REUSE.toml aggregate annotation
frontend/src/features/canvas/edges/DisconnectableEdge.tsx,Elastic-2.0,2026 SuperTale contributors,REUSE.toml aggregate annotation
frontend/src/features/canvas/edges/edgeDataFlowBudget.test.ts,Elastic-2.0,2026 SuperTale contributors,REUSE.toml aggregate annotation
frontend/src/features/canvas/edges/edgeDataFlowBudget.ts,Elastic-2.0,2026 SuperTale contributors,REUSE.toml aggregate annotation
frontend/src/features/canvas/edges/edgeRouting.performance.test.ts,Elastic-2.0,2026 SuperTale contributors,REUSE.toml aggregate annotation
frontend/src/features/canvas/edges/edgeRouting.test.ts,Elastic-2.0,2026 SuperTale contributors,REUSE.toml aggregate annotation
frontend/src/features/canvas/edges/edgeRouting.ts,Elastic-2.0,2026 SuperTale contributors,REUSE.toml aggregate annotation
frontend/src/features/canvas/edges/index.ts,Elastic-2.0,2026 SuperTale contributors,REUSE.toml aggregate annotation
frontend/src/features/canvas/hooks/useCanvasGenerationHistory.ts,Elastic-2.0,2026 SuperTale contributors,REUSE.toml aggregate annotation
frontend/src/features/canvas/hooks/useDetachUpstream.ts,Elastic-2.0,2026 SuperTale contributors,REUSE.toml aggregate annotation
frontend/src/features/canvas/hooks/useDirectModelCatalog.test.ts,Elastic-2.0,2026 SuperTale contributors,REUSE.toml aggregate annotation
frontend/src/features/canvas/hooks/useDirectModelCatalog.ts,Elastic-2.0,2026 SuperTale contributors,REUSE.toml aggregate annotation
frontend/src/features/canvas/hooks/useFreezoneCameraOptions.ts,Elastic-2.0,2026 SuperTale contributors,REUSE.toml aggregate annotation
frontend/src/features/canvas/hooks/useFreezoneImageModels.ts,Elastic-2.0,2026 SuperTale contributors,REUSE.toml aggregate annotation
frontend/src/features/canvas/hooks/useFreezoneStyleTemplates.ts,Elastic-2.0,2026 SuperTale contributors,REUSE.toml aggregate annotation
frontend/src/features/canvas/hooks/useFreezoneVideoCameraTemplates.ts,Elastic-2.0,2026 SuperTale contributors,REUSE.toml aggregate annotation
frontend/src/features/canvas/hooks/useFreezoneVideoModels.test.ts,Elastic-2.0,2026 SuperTale contributors,REUSE.toml aggregate annotation
frontend/src/features/canvas/hooks/useFreezoneVideoModels.ts,Elastic-2.0,2026 SuperTale contributors,REUSE.toml aggregate annotation
frontend/src/features/canvas/hooks/useImageViewer.ts,Elastic-2.0,2026 SuperTale contributors,REUSE.toml aggregate annotation
frontend/src/features/canvas/hooks/useImageViewerTransform.ts,Elastic-2.0,2026 SuperTale contributors,REUSE.toml aggregate annotation
frontend/src/features/canvas/hooks/useNodeBodyVariantBudget.ts,Elastic-2.0,2026 SuperTale contributors,REUSE.toml aggregate annotation
frontend/src/features/canvas/hooks/useNodeGenerationHistory.ts,Elastic-2.0,2026 SuperTale contributors,REUSE.toml aggregate annotation
frontend/src/features/canvas/hooks/useVideoModeReconciliation.test.ts,Elastic-2.0,2026 SuperTale contributors,REUSE.toml aggregate annotation
frontend/src/features/canvas/hooks/useVideoModeReconciliation.ts,Elastic-2.0,2026 SuperTale contributors,REUSE.toml aggregate annotation
frontend/src/features/canvas/hooks/useVideoNodePreview.ts,Elastic-2.0,2026 SuperTale contributors,REUSE.toml aggregate annotation
frontend/src/features/canvas/hooks/useVideoReferences.ts,Elastic-2.0,2026 SuperTale contributors,REUSE.toml aggregate annotation
frontend/src/features/canvas/infrastructure/freezoneAiGateway.ts,Elastic-2.0,2026 SuperTale contributors,REUSE.toml aggregate annotation
frontend/src/features/canvas/infrastructure/idGenerator.ts,Elastic-2.0,2026 SuperTale contributors,REUSE.toml aggregate annotation
frontend/src/features/canvas/infrastructure/webImageSplitGateway.ts,Elastic-2.0,2026 SuperTale contributors,REUSE.toml aggregate annotation
frontend/src/features/canvas/models/image/huimeng/imageDefault.ts,Elastic-2.0,2026 SuperTale contributors,REUSE.toml aggregate annotation
frontend/src/features/canvas/models/image/openai/gptImage.ts,Elastic-2.0,2026 SuperTale contributors,REUSE.toml aggregate annotation
frontend/src/features/canvas/models/image/openrouter/default.ts,Elastic-2.0,2026 SuperTale contributors,REUSE.toml aggregate annotation
frontend/src/features/canvas/models/imageCapabilityValues.ts,Elastic-2.0,2026 SuperTale contributors,REUSE.toml aggregate annotation
frontend/src/features/canvas/models/index.ts,Elastic-2.0,2026 SuperTale contributors,REUSE.toml aggregate annotation
frontend/src/features/canvas/models/providers/huimeng.ts,Elastic-2.0,2026 SuperTale contributors,REUSE.toml aggregate annotation
frontend/src/features/canvas/models/providers/openai.ts,Elastic-2.0,2026 SuperTale contributors,REUSE.toml aggregate annotation
frontend/src/features/canvas/models/providers/openrouter.ts,Elastic-2.0,2026 SuperTale contributors,REUSE.toml aggregate annotation
frontend/src/features/canvas/models/registry.ts,Elastic-2.0,2026 SuperTale contributors,REUSE.toml aggregate annotation
frontend/src/features/canvas/models/runtimeImageModels.test.ts,Elastic-2.0,2026 SuperTale contributors,REUSE.toml aggregate annotation
frontend/src/features/canvas/models/runtimeImageModels.ts,Elastic-2.0,2026 SuperTale contributors,REUSE.toml aggregate annotation
frontend/src/features/canvas/models/types.ts,Elastic-2.0,2026 SuperTale contributors,REUSE.toml aggregate annotation
frontend/src/features/canvas/nodes/AudioNode.tsx,Elastic-2.0,2026 SuperTale contributors,REUSE.toml aggregate annotation
frontend/src/features/canvas/nodes/AudioOperationsPanel.tsx,Elastic-2.0,2026 SuperTale contributors,REUSE.toml aggregate annotation
frontend/src/features/canvas/nodes/BeatContextNode.tsx,Elastic-2.0,2026 SuperTale contributors,REUSE.toml aggregate annotation
frontend/src/features/canvas/nodes/CameraMovementPickerPopover.tsx,Elastic-2.0,2026 SuperTale contributors,REUSE.toml aggregate annotation
frontend/src/features/canvas/nodes/CameraPickerPopover.tsx,Elastic-2.0,2026 SuperTale contributors,REUSE.toml aggregate annotation
frontend/src/features/canvas/nodes/ContextPromptPaletteButton.tsx,Elastic-2.0,2026 SuperTale contributors,REUSE.toml aggregate annotation
frontend/src/features/canvas/nodes/GroupNode.tsx,Elastic-2.0,2026 SuperTale contributors,REUSE.toml aggregate annotation
frontend/src/features/canvas/nodes/ImageEditNode.tsx,Elastic-2.0,2026 SuperTale contributors,REUSE.toml aggregate annotation
frontend/src/features/canvas/nodes/ImageGenNode.tsx,Elastic-2.0,2026 SuperTale contributors,REUSE.toml aggregate annotation
frontend/src/features/canvas/nodes/ImageGenParameterChips.tsx,Elastic-2.0,2026 SuperTale contributors,REUSE.toml aggregate annotation
frontend/src/features/canvas/nodes/ImageNode.tsx,Elastic-2.0,2026 SuperTale contributors,REUSE.toml aggregate annotation
frontend/src/features/canvas/nodes/LodShellNode.tsx,Elastic-2.0,2026 SuperTale contributors,REUSE.toml aggregate annotation
frontend/src/features/canvas/nodes/Pano360ViewerNode.tsx,Elastic-2.0,2026 SuperTale contributors,REUSE.toml aggregate annotation
frontend/src/features/canvas/nodes/PromptMentionEditor.tsx,Elastic-2.0,2026 SuperTale contributors,REUSE.toml aggregate annotation
frontend/src/features/canvas/nodes/ScriptNode.tsx,Elastic-2.0,2026 SuperTale contributors,REUSE.toml aggregate annotation
frontend/src/features/canvas/nodes/SkillNode.tsx,Elastic-2.0,2026 SuperTale contributors,REUSE.toml aggregate annotation
frontend/src/features/canvas/nodes/StoryboardGenNode.tsx,Elastic-2.0,2026 SuperTale contributors,REUSE.toml aggregate annotation
frontend/src/features/canvas/nodes/StoryboardNode.tsx,Elastic-2.0,2026 SuperTale contributors,REUSE.toml aggregate annotation
frontend/src/features/canvas/nodes/StylePickerPopover.tsx,Elastic-2.0,2026 SuperTale contributors,REUSE.toml aggregate annotation
frontend/src/features/canvas/nodes/TextAnnotationNode.tsx,Elastic-2.0,2026 SuperTale contributors,REUSE.toml aggregate annotation
frontend/src/features/canvas/nodes/ThreeDWorldNode.tsx,Elastic-2.0,2026 SuperTale contributors,REUSE.toml aggregate annotation
frontend/src/features/canvas/nodes/UploadNode.tsx,Elastic-2.0,2026 SuperTale contributors,REUSE.toml aggregate annotation
frontend/src/features/canvas/nodes/VideoClipPanel.tsx,Elastic-2.0,2026 SuperTale contributors,REUSE.toml aggregate annotation
frontend/src/features/canvas/nodes/VideoComposeNode.tsx,Elastic-2.0,2026 SuperTale contributors,REUSE.toml aggregate annotation
frontend/src/features/canvas/nodes/VideoNode.tsx,Elastic-2.0,2026 SuperTale contributors,REUSE.toml aggregate annotation
frontend/src/features/canvas/nodes/VideoNodeControls.tsx,Elastic-2.0,2026 SuperTale contributors,REUSE.toml aggregate annotation
frontend/src/features/canvas/nodes/VideoPlaybackOverlays.tsx,Elastic-2.0,2026 SuperTale contributors,REUSE.toml aggregate annotation
frontend/src/features/canvas/nodes/VideoStoryNode.tsx,Elastic-2.0,2026 SuperTale contributors,REUSE.toml aggregate annotation
frontend/src/features/canvas/nodes/VoiceSelectionModal.tsx,Elastic-2.0,2026 SuperTale contributors,REUSE.toml aggregate annotation
frontend/src/features/canvas/nodes/config.ts,Elastic-2.0,2026 SuperTale contributors,REUSE.toml aggregate annotation
frontend/src/features/canvas/nodes/contextPromptPalette.ts,Elastic-2.0,2026 SuperTale contributors,REUSE.toml aggregate annotation
frontend/src/features/canvas/nodes/image-auto-submit.test.ts,Elastic-2.0,2026 SuperTale contributors,REUSE.toml aggregate annotation
frontend/src/features/canvas/nodes/image-auto-submit.ts,Elastic-2.0,2026 SuperTale contributors,REUSE.toml aggregate annotation
frontend/src/features/canvas/nodes/imageGenPrompt.ts,Elastic-2.0,2026 SuperTale contributors,REUSE.toml aggregate annotation
frontend/src/features/canvas/nodes/index.ts,Elastic-2.0,2026 SuperTale contributors,REUSE.toml aggregate annotation
frontend/src/features/canvas/nodes/referenceMentions.ts,Elastic-2.0,2026 SuperTale contributors,REUSE.toml aggregate annotation
frontend/src/features/canvas/nodes/referenceOrdering.ts,Elastic-2.0,2026 SuperTale contributors,REUSE.toml aggregate annotation
frontend/src/features/canvas/nodes/script/ScriptAssetGenDialog.test.tsx,Elastic-2.0,2026 SuperTale contributors,REUSE.toml aggregate annotation
frontend/src/features/canvas/nodes/script/ScriptAssetGenDialog.tsx,Elastic-2.0,2026 SuperTale contributors,REUSE.toml aggregate annotation
frontend/src/features/canvas/nodes/script/ScriptAssetReview.test.tsx,Elastic-2.0,2026 SuperTale contributors,REUSE.toml aggregate annotation
frontend/src/features/canvas/nodes/script/ScriptAssetReview.tsx,Elastic-2.0,2026 SuperTale contributors,REUSE.toml aggregate annotation
frontend/src/features/canvas/nodes/script/ScriptAssetView.tsx,Elastic-2.0,2026 SuperTale contributors,REUSE.toml aggregate annotation
frontend/src/features/canvas/nodes/script/ScriptColumnMenu.tsx,Elastic-2.0,2026 SuperTale contributors,REUSE.toml aggregate annotation
frontend/src/features/canvas/nodes/script/ScriptContractBanner.tsx,Elastic-2.0,2026 SuperTale contributors,REUSE.toml aggregate annotation
frontend/src/features/canvas/nodes/script/ScriptCreativeView.tsx,Elastic-2.0,2026 SuperTale contributors,REUSE.toml aggregate annotation
frontend/src/features/canvas/nodes/script/ScriptDirectorPlan.tsx,Elastic-2.0,2026 SuperTale contributors,REUSE.toml aggregate annotation
frontend/src/features/canvas/nodes/script/ScriptReadinessBanner.tsx,Elastic-2.0,2026 SuperTale contributors,REUSE.toml aggregate annotation
frontend/src/features/canvas/nodes/script/ScriptRoughPreview.tsx,Elastic-2.0,2026 SuperTale contributors,REUSE.toml aggregate annotation
frontend/src/features/canvas/nodes/script/ScriptShotRewriteDialog.tsx,Elastic-2.0,2026 SuperTale contributors,REUSE.toml aggregate annotation
frontend/src/features/canvas/nodes/script/ScriptShotVideoDialog.tsx,Elastic-2.0,2026 SuperTale contributors,REUSE.toml aggregate annotation
frontend/src/features/canvas/nodes/script/ScriptStatsBar.tsx,Elastic-2.0,2026 SuperTale contributors,REUSE.toml aggregate annotation
frontend/src/features/canvas/nodes/script/ScriptStoryboardDialog.tsx,Elastic-2.0,2026 SuperTale contributors,REUSE.toml aggregate annotation
frontend/src/features/canvas/nodes/script/ScriptVideoFeedback.tsx,Elastic-2.0,2026 SuperTale contributors,REUSE.toml aggregate annotation
frontend/src/features/canvas/nodes/script/ScriptVideoReview.tsx,Elastic-2.0,2026 SuperTale contributors,REUSE.toml aggregate annotation
frontend/src/features/canvas/nodes/script/ScriptViewSwitcher.tsx,Elastic-2.0,2026 SuperTale contributors,REUSE.toml aggregate annotation
frontend/src/features/canvas/nodes/script/directorSequenceCoverage.ts,Elastic-2.0,2026 SuperTale contributors,REUSE.toml aggregate annotation
frontend/src/features/canvas/nodes/script/generateScriptStoryboard.ts,Elastic-2.0,2026 SuperTale contributors,REUSE.toml aggregate annotation
frontend/src/features/canvas/nodes/script/scriptAssetAnchor.ts,Elastic-2.0,2026 SuperTale contributors,REUSE.toml aggregate annotation
frontend/src/features/canvas/nodes/script/scriptAssetGen.ts,Elastic-2.0,2026 SuperTale contributors,REUSE.toml aggregate annotation
frontend/src/features/canvas/nodes/script/scriptAssetReviewReceipt.test.ts,Elastic-2.0,2026 SuperTale contributors,REUSE.toml aggregate annotation
frontend/src/features/canvas/nodes/script/scriptAssetReviewReceipt.ts,Elastic-2.0,2026 SuperTale contributors,REUSE.toml aggregate annotation
frontend/src/features/canvas/nodes/script/scriptAssets.ts,Elastic-2.0,2026 SuperTale contributors,REUSE.toml aggregate annotation
frontend/src/features/canvas/nodes/script/scriptCameraStyle.test.ts,Elastic-2.0,2026 SuperTale contributors,REUSE.toml aggregate annotation
frontend/src/features/canvas/nodes/script/scriptColumns.ts,Elastic-2.0,2026 SuperTale contributors,REUSE.toml aggregate annotation
frontend/src/features/canvas/nodes/script/scriptContractCopy.ts,Elastic-2.0,2026 SuperTale contributors,REUSE.toml aggregate annotation
frontend/src/features/canvas/nodes/script/scriptCreativeHandoff.ts,Elastic-2.0,2026 SuperTale contributors,REUSE.toml aggregate annotation
frontend/src/features/canvas/nodes/script/scriptCsv.ts,Elastic-2.0,2026 SuperTale contributors,REUSE.toml aggregate annotation
frontend/src/features/canvas/nodes/script/scriptCutReview.ts,Elastic-2.0,2026 SuperTale contributors,REUSE.toml aggregate annotation
frontend/src/features/canvas/nodes/script/scriptEndFrameDraft.test.ts,Elastic-2.0,2026 SuperTale contributors,REUSE.toml aggregate annotation
frontend/src/features/canvas/nodes/script/scriptEndFrameDraft.ts,Elastic-2.0,2026 SuperTale contributors,REUSE.toml aggregate annotation
frontend/src/features/canvas/nodes/script/scriptFields.ts,Elastic-2.0,2026 SuperTale contributors,REUSE.toml aggregate annotation
frontend/src/features/canvas/nodes/script/scriptKeyframeImages.ts,Elastic-2.0,2026 SuperTale contributors,REUSE.toml aggregate annotation
frontend/src/features/canvas/nodes/script/scriptKeyframePlan.test.ts,Elastic-2.0,2026 SuperTale contributors,REUSE.toml aggregate annotation
frontend/src/features/canvas/nodes/script/scriptKeyframePlan.ts,Elastic-2.0,2026 SuperTale contributors,REUSE.toml aggregate annotation
frontend/src/features/canvas/nodes/script/scriptNodeLayout.ts,Elastic-2.0,2026 SuperTale contributors,REUSE.toml aggregate annotation
frontend/src/features/canvas/nodes/script/scriptPaidActionGate.ts,Elastic-2.0,2026 SuperTale contributors,REUSE.toml aggregate annotation
frontend/src/features/canvas/nodes/script/scriptPreflight.ts,Elastic-2.0,2026 SuperTale contributors,REUSE.toml aggregate annotation
frontend/src/features/canvas/nodes/script/scriptPreviewFrames.ts,Elastic-2.0,2026 SuperTale contributors,REUSE.toml aggregate annotation
frontend/src/features/canvas/nodes/script/scriptPreviewVideos.test.ts,Elastic-2.0,2026 SuperTale contributors,REUSE.toml aggregate annotation
frontend/src/features/canvas/nodes/script/scriptPreviewVideos.ts,Elastic-2.0,2026 SuperTale contributors,REUSE.toml aggregate annotation
frontend/src/features/canvas/nodes/script/scriptPromptSegments.ts,Elastic-2.0,2026 SuperTale contributors,REUSE.toml aggregate annotation
frontend/src/features/canvas/nodes/script/scriptReadiness.ts,Elastic-2.0,2026 SuperTale contributors,REUSE.toml aggregate annotation
frontend/src/features/canvas/nodes/script/scriptRenderQuality.ts,Elastic-2.0,2026 SuperTale contributors,REUSE.toml aggregate annotation
frontend/src/features/canvas/nodes/script/scriptRepair.ts,Elastic-2.0,2026 SuperTale contributors,REUSE.toml aggregate annotation
frontend/src/features/canvas/nodes/script/scriptRowFingerprint.ts,Elastic-2.0,2026 SuperTale contributors,REUSE.toml aggregate annotation
frontend/src/features/canvas/nodes/script/scriptShotCompose.ts,Elastic-2.0,2026 SuperTale contributors,REUSE.toml aggregate annotation
frontend/src/features/canvas/nodes/script/scriptShotKeyframes.test.ts,Elastic-2.0,2026 SuperTale contributors,REUSE.toml aggregate annotation
frontend/src/features/canvas/nodes/script/scriptShotKeyframes.ts,Elastic-2.0,2026 SuperTale contributors,REUSE.toml aggregate annotation
frontend/src/features/canvas/nodes/script/scriptShotRefs.ts,Elastic-2.0,2026 SuperTale contributors,REUSE.toml aggregate annotation
frontend/src/features/canvas/nodes/script/scriptShotVideoReferences.test.ts,Elastic-2.0,2026 SuperTale contributors,REUSE.toml aggregate annotation
frontend/src/features/canvas/nodes/script/scriptShotVideoReferences.ts,Elastic-2.0,2026 SuperTale contributors,REUSE.toml aggregate annotation
frontend/src/features/canvas/nodes/script/scriptShotVideos.ts,Elastic-2.0,2026 SuperTale contributors,REUSE.toml aggregate annotation
frontend/src/features/canvas/nodes/script/scriptStaleness.ts,Elastic-2.0,2026 SuperTale contributors,REUSE.toml aggregate annotation
frontend/src/features/canvas/nodes/script/scriptStats.ts,Elastic-2.0,2026 SuperTale contributors,REUSE.toml aggregate annotation
frontend/src/features/canvas/nodes/script/scriptStoryboard.ts,Elastic-2.0,2026 SuperTale contributors,REUSE.toml aggregate annotation
frontend/src/features/canvas/nodes/script/scriptStoryboardMembers.ts,Elastic-2.0,2026 SuperTale contributors,REUSE.toml aggregate annotation
frontend/src/features/canvas/nodes/script/scriptStoryboardStart.test.ts,Elastic-2.0,2026 SuperTale contributors,REUSE.toml aggregate annotation
frontend/src/features/canvas/nodes/script/scriptVideoDuration.test.ts,Elastic-2.0,2026 SuperTale contributors,REUSE.toml aggregate annotation
frontend/src/features/canvas/nodes/script/scriptVideoDuration.ts,Elastic-2.0,2026 SuperTale contributors,REUSE.toml aggregate annotation
frontend/src/features/canvas/nodes/script/scriptVideoReviewNotes.ts,Elastic-2.0,2026 SuperTale contributors,REUSE.toml aggregate annotation
frontend/src/features/canvas/nodes/script/scriptViews.ts,Elastic-2.0,2026 SuperTale contributors,REUSE.toml aggregate annotation
frontend/src/features/canvas/nodes/script/storyboardDownload.ts,Elastic-2.0,2026 SuperTale contributors,REUSE.toml aggregate annotation
frontend/src/features/canvas/nodes/script/storyboardSettle.ts,Elastic-2.0,2026 SuperTale contributors,REUSE.toml aggregate annotation
frontend/src/features/canvas/nodes/script/useScriptTableWidth.ts,Elastic-2.0,2026 SuperTale contributors,REUSE.toml aggregate annotation
frontend/src/features/canvas/nodes/shared/CanvasReferencePickChip.tsx,Elastic-2.0,2026 SuperTale contributors,REUSE.toml aggregate annotation
frontend/src/features/canvas/nodes/shared/ReferenceDetachButton.tsx,Elastic-2.0,2026 SuperTale contributors,REUSE.toml aggregate annotation
frontend/src/features/canvas/nodes/shared/ReferenceStripBadge.tsx,Elastic-2.0,2026 SuperTale contributors,REUSE.toml aggregate annotation
frontend/src/features/canvas/nodes/shared/ReferenceTextChip.tsx,Elastic-2.0,2026 SuperTale contributors,REUSE.toml aggregate annotation
frontend/src/features/canvas/nodes/shared/albumPendingTotals.ts,Elastic-2.0,2026 SuperTale contributors,REUSE.toml aggregate annotation
frontend/src/features/canvas/nodes/shared/referenceStripBadges.ts,Elastic-2.0,2026 SuperTale contributors,REUSE.toml aggregate annotation
frontend/src/features/canvas/nodes/skillNodeParameters.ts,Elastic-2.0,2026 SuperTale contributors,REUSE.toml aggregate annotation
frontend/src/features/canvas/nodes/text/textPrepare.ts,Elastic-2.0,2026 SuperTale contributors,REUSE.toml aggregate annotation
frontend/src/features/canvas/nodes/useAudioGeneration.ts,Elastic-2.0,2026 SuperTale contributors,REUSE.toml aggregate annotation
frontend/src/features/canvas/nodes/useReferenceMentionSync.ts,Elastic-2.0,2026 SuperTale contributors,REUSE.toml aggregate annotation
frontend/src/features/canvas/nodes/useVideoGenerationSubmission.ts,Elastic-2.0,2026 SuperTale contributors,REUSE.toml aggregate annotation
frontend/src/features/canvas/nodes/videoDialogueTiming.ts,Elastic-2.0,2026 SuperTale contributors,REUSE.toml aggregate annotation
frontend/src/features/canvas/nodes/videoNodeModelRules.ts,Elastic-2.0,2026 SuperTale contributors,REUSE.toml aggregate annotation
frontend/src/features/canvas/nodes/videoNodeRenderProps.test.ts,Elastic-2.0,2026 SuperTale contributors,REUSE.toml aggregate annotation
frontend/src/features/canvas/nodes/videoNodeRenderProps.ts,Elastic-2.0,2026 SuperTale contributors,REUSE.toml aggregate annotation
frontend/src/features/canvas/nodes/videoStory/VideoStoryClipDialog.tsx,Elastic-2.0,2026 SuperTale contributors,REUSE.toml aggregate annotation
frontend/src/features/canvas/nodes/videoStory/VideoStoryScatterDialog.tsx,Elastic-2.0,2026 SuperTale contributors,REUSE.toml aggregate annotation
frontend/src/features/canvas/nodes/videoStory/VideoStoryVideoDialog.tsx,Elastic-2.0,2026 SuperTale contributors,REUSE.toml aggregate annotation
frontend/src/features/canvas/nodes/videoStory/scatterVideoStoryShots.ts,Elastic-2.0,2026 SuperTale contributors,REUSE.toml aggregate annotation
frontend/src/features/canvas/nodes/videoStory/videoStoryShotClips.ts,Elastic-2.0,2026 SuperTale contributors,REUSE.toml aggregate annotation
frontend/src/features/canvas/nodes/videoStory/videoStoryShotVideos.ts,Elastic-2.0,2026 SuperTale contributors,REUSE.toml aggregate annotation
frontend/src/features/canvas/nodes/videoStory/videoStoryShots.ts,Elastic-2.0,2026 SuperTale contributors,REUSE.toml aggregate annotation
frontend/src/features/canvas/pricing/index.ts,Elastic-2.0,2026 SuperTale contributors,REUSE.toml aggregate annotation
frontend/src/features/canvas/pricing/types.ts,Elastic-2.0,2026 SuperTale contributors,REUSE.toml aggregate annotation
frontend/src/features/canvas/snap-align/CanvasSnapAlignButton.tsx,Elastic-2.0,2026 SuperTale contributors,REUSE.toml aggregate annotation
frontend/src/features/canvas/snap-align/SnapAlignGuides.tsx,Elastic-2.0,2026 SuperTale contributors,REUSE.toml aggregate annotation
frontend/src/features/canvas/snap-align/computeSnapAlign.ts,Elastic-2.0,2026 SuperTale contributors,REUSE.toml aggregate annotation
frontend/src/features/canvas/snap-align/snapAlignStore.test.ts,Elastic-2.0,2026 SuperTale contributors,REUSE.toml aggregate annotation
frontend/src/features/canvas/snap-align/snapAlignStore.ts,Elastic-2.0,2026 SuperTale contributors,REUSE.toml aggregate annotation
frontend/src/features/canvas/tools/annotation/codec.ts,Elastic-2.0,2026 SuperTale contributors,REUSE.toml aggregate annotation
frontend/src/features/canvas/tools/annotation/draw.ts,Elastic-2.0,2026 SuperTale contributors,REUSE.toml aggregate annotation
frontend/src/features/canvas/tools/annotation/index.ts,Elastic-2.0,2026 SuperTale contributors,REUSE.toml aggregate annotation
frontend/src/features/canvas/tools/annotation/types.ts,Elastic-2.0,2026 SuperTale contributors,REUSE.toml aggregate annotation
frontend/src/features/canvas/tools/builtInTools.ts,Elastic-2.0,2026 SuperTale contributors,REUSE.toml aggregate annotation
frontend/src/features/canvas/tools/index.ts,Elastic-2.0,2026 SuperTale contributors,REUSE.toml aggregate annotation
frontend/src/features/canvas/tools/registry.ts,Elastic-2.0,2026 SuperTale contributors,REUSE.toml aggregate annotation
frontend/src/features/canvas/tools/types.ts,Elastic-2.0,2026 SuperTale contributors,REUSE.toml aggregate annotation
frontend/src/features/canvas/trackpad-pan/trackpadPanStore.ts,Elastic-2.0,2026 SuperTale contributors,REUSE.toml aggregate annotation
frontend/src/features/canvas/ui/AdaptiveCanvasGrid.tsx,Elastic-2.0,2026 SuperTale contributors,REUSE.toml aggregate annotation
frontend/src/features/canvas/ui/AssetCommitHandle.tsx,Elastic-2.0,2026 SuperTale contributors,REUSE.toml aggregate annotation
frontend/src/features/canvas/ui/AssetLibraryModal.tsx,Elastic-2.0,2026 SuperTale contributors,REUSE.toml aggregate annotation
frontend/src/features/canvas/ui/AudioTrimDialog.test.tsx,Elastic-2.0,2026 SuperTale contributors,REUSE.toml aggregate annotation
frontend/src/features/canvas/ui/AudioTrimDialog.tsx,Elastic-2.0,2026 SuperTale contributors,REUSE.toml aggregate annotation
frontend/src/features/canvas/ui/AudioWaveformPlayer.tsx,Elastic-2.0,2026 SuperTale contributors,REUSE.toml aggregate annotation
frontend/src/features/canvas/ui/BackToNodesHint.tsx,Elastic-2.0,2026 SuperTale contributors,REUSE.toml aggregate annotation
frontend/src/features/canvas/ui/BackgroundCropperDialog.tsx,Elastic-2.0,2026 SuperTale contributors,REUSE.toml aggregate annotation
frontend/src/features/canvas/ui/CanvasAddNodePanel.tsx,Elastic-2.0,2026 SuperTale contributors,REUSE.toml aggregate annotation
frontend/src/features/canvas/ui/CanvasBookmarkContextMenu.tsx,Elastic-2.0,2026 SuperTale contributors,REUSE.toml aggregate annotation
frontend/src/features/canvas/ui/CanvasContextMenu.tsx,Elastic-2.0,2026 SuperTale contributors,REUSE.toml aggregate annotation
frontend/src/features/canvas/ui/CanvasFollowBar.tsx,Elastic-2.0,2026 SuperTale contributors,REUSE.toml aggregate annotation
frontend/src/features/canvas/ui/CanvasFpsMeter.tsx,Elastic-2.0,2026 SuperTale contributors,REUSE.toml aggregate annotation
frontend/src/features/canvas/ui/CanvasHistoryAssetsModal.tsx,Elastic-2.0,2026 SuperTale contributors,REUSE.toml aggregate annotation
frontend/src/features/canvas/ui/CanvasInteractionFeedback.test.tsx,Elastic-2.0,2026 SuperTale contributors,REUSE.toml aggregate annotation
frontend/src/features/canvas/ui/CanvasInteractionFeedback.tsx,Elastic-2.0,2026 SuperTale contributors,REUSE.toml aggregate annotation
frontend/src/features/canvas/ui/CanvasMinimapBookmarksOverlay.tsx,Elastic-2.0,2026 SuperTale contributors,REUSE.toml aggregate annotation
frontend/src/features/canvas/ui/CanvasMinimapButton.tsx,Elastic-2.0,2026 SuperTale contributors,REUSE.toml aggregate annotation
frontend/src/features/canvas/ui/CanvasMinimapPanel.test.tsx,Elastic-2.0,2026 SuperTale contributors,REUSE.toml aggregate annotation
frontend/src/features/canvas/ui/CanvasMinimapPanel.tsx,Elastic-2.0,2026 SuperTale contributors,REUSE.toml aggregate annotation
frontend/src/features/canvas/ui/CanvasNodeImage.tsx,Elastic-2.0,2026 SuperTale contributors,REUSE.toml aggregate annotation
frontend/src/features/canvas/ui/CanvasNodeSearchPanel.tsx,Elastic-2.0,2026 SuperTale contributors,REUSE.toml aggregate annotation
frontend/src/features/canvas/ui/CanvasOrphanNodesPanel.tsx,Elastic-2.0,2026 SuperTale contributors,REUSE.toml aggregate annotation
frontend/src/features/canvas/ui/CanvasPerformanceHud.tsx,Elastic-2.0,2026 SuperTale contributors,REUSE.toml aggregate annotation
frontend/src/features/canvas/ui/CanvasQuickActionBar.tsx,Elastic-2.0,2026 SuperTale contributors,REUSE.toml aggregate annotation
frontend/src/features/canvas/ui/CanvasSettingsPanel.tsx,Elastic-2.0,2026 SuperTale contributors,REUSE.toml aggregate annotation
frontend/src/features/canvas/ui/CanvasShortcutsPanel.tsx,Elastic-2.0,2026 SuperTale contributors,REUSE.toml aggregate annotation
frontend/src/features/canvas/ui/CanvasSkillQuickPickPanel.test.tsx,Elastic-2.0,2026 SuperTale contributors,REUSE.toml aggregate annotation
frontend/src/features/canvas/ui/CanvasSkillQuickPickPanel.tsx,Elastic-2.0,2026 SuperTale contributors,REUSE.toml aggregate annotation
frontend/src/features/canvas/ui/CanvasStarterWorkflowPanel.test.tsx,Elastic-2.0,2026 SuperTale contributors,REUSE.toml aggregate annotation
frontend/src/features/canvas/ui/CanvasStarterWorkflowPanel.tsx,Elastic-2.0,2026 SuperTale contributors,REUSE.toml aggregate annotation
frontend/src/features/canvas/ui/CanvasToolMenu.tsx,Elastic-2.0,2026 SuperTale contributors,REUSE.toml aggregate annotation
frontend/src/features/canvas/ui/CanvasViewportBookmarks.tsx,Elastic-2.0,2026 SuperTale contributors,REUSE.toml aggregate annotation
frontend/src/features/canvas/ui/CanvasZoomControl.tsx,Elastic-2.0,2026 SuperTale contributors,REUSE.toml aggregate annotation
frontend/src/features/canvas/ui/CommitTargetHint.tsx,Elastic-2.0,2026 SuperTale contributors,REUSE.toml aggregate annotation
frontend/src/features/canvas/ui/DirectModelPicker.tsx,Elastic-2.0,2026 SuperTale contributors,REUSE.toml aggregate annotation
frontend/src/features/canvas/ui/DirectorControlBundleBadge.tsx,Elastic-2.0,2026 SuperTale contributors,REUSE.toml aggregate annotation
frontend/src/features/canvas/ui/EditableTableCell.tsx,Elastic-2.0,2026 SuperTale contributors,REUSE.toml aggregate annotation
frontend/src/features/canvas/ui/EmptyCanvasStart.test.tsx,Elastic-2.0,2026 SuperTale contributors,REUSE.toml aggregate annotation
frontend/src/features/canvas/ui/EmptyCanvasStart.tsx,Elastic-2.0,2026 SuperTale contributors,REUSE.toml aggregate annotation
frontend/src/features/canvas/ui/EraseOverlay.tsx,Elastic-2.0,2026 SuperTale contributors,REUSE.toml aggregate annotation
frontend/src/features/canvas/ui/GridActionConfirmOverlay.tsx,Elastic-2.0,2026 SuperTale contributors,REUSE.toml aggregate annotation
frontend/src/features/canvas/ui/ImageModelAdvancedParams.tsx,Elastic-2.0,2026 SuperTale contributors,REUSE.toml aggregate annotation
frontend/src/features/canvas/ui/ImageViewerModal.tsx,Elastic-2.0,2026 SuperTale contributors,REUSE.toml aggregate annotation
frontend/src/features/canvas/ui/LightEditorOverlay.tsx,Elastic-2.0,2026 SuperTale contributors,REUSE.toml aggregate annotation
frontend/src/features/canvas/ui/LightEditorPanel.tsx,Elastic-2.0,2026 SuperTale contributors,REUSE.toml aggregate annotation
frontend/src/features/canvas/ui/ModelParamsControls.tsx,Elastic-2.0,2026 SuperTale contributors,REUSE.toml aggregate annotation
frontend/src/features/canvas/ui/MultiAngleEditorOverlay.tsx,Elastic-2.0,2026 SuperTale contributors,REUSE.toml aggregate annotation
frontend/src/features/canvas/ui/MultiAngleEditorPanel.tsx,Elastic-2.0,2026 SuperTale contributors,REUSE.toml aggregate annotation
frontend/src/features/canvas/ui/MultiAngleSphere.tsx,Elastic-2.0,2026 SuperTale contributors,REUSE.toml aggregate annotation
frontend/src/features/canvas/ui/MultiSelectionConnectButton.tsx,Elastic-2.0,2026 SuperTale contributors,REUSE.toml aggregate annotation
frontend/src/features/canvas/ui/MultiSelectionToolbar.tsx,Elastic-2.0,2026 SuperTale contributors,REUSE.toml aggregate annotation
frontend/src/features/canvas/ui/NodeActionToolbar.tsx,Elastic-2.0,2026 SuperTale contributors,REUSE.toml aggregate annotation
frontend/src/features/canvas/ui/NodeGenerationErrorCard.test.tsx,Elastic-2.0,2026 SuperTale contributors,REUSE.toml aggregate annotation
frontend/src/features/canvas/ui/NodeGenerationErrorCard.tsx,Elastic-2.0,2026 SuperTale contributors,REUSE.toml aggregate annotation
frontend/src/features/canvas/ui/NodeGenerationHistory.tsx,Elastic-2.0,2026 SuperTale contributors,REUSE.toml aggregate annotation
frontend/src/features/canvas/ui/NodeGenerationOverlay.test.ts,Elastic-2.0,2026 SuperTale contributors,REUSE.toml aggregate annotation
frontend/src/features/canvas/ui/NodeGenerationOverlay.test.tsx,Elastic-2.0,2026 SuperTale contributors,REUSE.toml aggregate annotation
frontend/src/features/canvas/ui/NodeGenerationOverlay.tsx,Elastic-2.0,2026 SuperTale contributors,REUSE.toml aggregate annotation
frontend/src/features/canvas/ui/NodeHeader.tsx,Elastic-2.0,2026 SuperTale contributors,REUSE.toml aggregate annotation
frontend/src/features/canvas/ui/NodePriceBadge.tsx,Elastic-2.0,2026 SuperTale contributors,REUSE.toml aggregate annotation
frontend/src/features/canvas/ui/NodeReplaceDragPreview.tsx,Elastic-2.0,2026 SuperTale contributors,REUSE.toml aggregate annotation
frontend/src/features/canvas/ui/NodeResizeHandle.tsx,Elastic-2.0,2026 SuperTale contributors,REUSE.toml aggregate annotation
frontend/src/features/canvas/ui/NodeRightsBadge.tsx,Elastic-2.0,2026 SuperTale contributors,REUSE.toml aggregate annotation
frontend/src/features/canvas/ui/NodeSideActionRail.tsx,Elastic-2.0,2026 SuperTale contributors,REUSE.toml aggregate annotation
frontend/src/features/canvas/ui/NodeSpawnPlusOverlay.test.tsx,Elastic-2.0,2026 SuperTale contributors,REUSE.toml aggregate annotation
frontend/src/features/canvas/ui/NodeSpawnPlusOverlay.tsx,Elastic-2.0,2026 SuperTale contributors,REUSE.toml aggregate annotation
frontend/src/features/canvas/ui/NodeToolDialog.tsx,Elastic-2.0,2026 SuperTale contributors,REUSE.toml aggregate annotation
frontend/src/features/canvas/ui/OperationPanelShell.tsx,Elastic-2.0,2026 SuperTale contributors,REUSE.toml aggregate annotation
frontend/src/features/canvas/ui/OutpaintEditorOverlay.tsx,Elastic-2.0,2026 SuperTale contributors,REUSE.toml aggregate annotation
frontend/src/features/canvas/ui/PanelExpandButton.tsx,Elastic-2.0,2026 SuperTale contributors,REUSE.toml aggregate annotation
frontend/src/features/canvas/ui/ProviderModelPicker.tsx,Elastic-2.0,2026 SuperTale contributors,REUSE.toml aggregate annotation
frontend/src/features/canvas/ui/RedrawOverlay.tsx,Elastic-2.0,2026 SuperTale contributors,REUSE.toml aggregate annotation
frontend/src/features/canvas/ui/ReferencePickBanner.tsx,Elastic-2.0,2026 SuperTale contributors,REUSE.toml aggregate annotation
frontend/src/features/canvas/ui/ReferencePickNodeOverlay.tsx,Elastic-2.0,2026 SuperTale contributors,REUSE.toml aggregate annotation
frontend/src/features/canvas/ui/RegenerateButton.tsx,Elastic-2.0,2026 SuperTale contributors,REUSE.toml aggregate annotation
frontend/src/features/canvas/ui/ResolutionHonestyBadge.tsx,Elastic-2.0,2026 SuperTale contributors,REUSE.toml aggregate annotation
frontend/src/features/canvas/ui/RotateEditorOverlay.tsx,Elastic-2.0,2026 SuperTale contributors,REUSE.toml aggregate annotation
frontend/src/features/canvas/ui/SaveCanvasTemplateDialog.tsx,Elastic-2.0,2026 SuperTale contributors,REUSE.toml aggregate annotation
frontend/src/features/canvas/ui/Scene360Overlay.tsx,Elastic-2.0,2026 SuperTale contributors,REUSE.toml aggregate annotation
frontend/src/features/canvas/ui/SelectedNodeOverlay.tsx,Elastic-2.0,2026 SuperTale contributors,REUSE.toml aggregate annotation
frontend/src/features/canvas/ui/StoryboardGroupToolbar.tsx,Elastic-2.0,2026 SuperTale contributors,REUSE.toml aggregate annotation
frontend/src/features/canvas/ui/UpscaleEditorOverlay.tsx,Elastic-2.0,2026 SuperTale contributors,REUSE.toml aggregate annotation
frontend/src/features/canvas/ui/VideoFrameCaptureMenu.test.tsx,Elastic-2.0,2026 SuperTale contributors,REUSE.toml aggregate annotation
frontend/src/features/canvas/ui/VideoFrameCaptureMenu.tsx,Elastic-2.0,2026 SuperTale contributors,REUSE.toml aggregate annotation
frontend/src/features/canvas/ui/VideoUpscaleEditorOverlay.tsx,Elastic-2.0,2026 SuperTale contributors,REUSE.toml aggregate annotation
frontend/src/features/canvas/ui/VideoViewerModal.tsx,Elastic-2.0,2026 SuperTale contributors,REUSE.toml aggregate annotation
frontend/src/features/canvas/ui/ZoomScaledToolbar.tsx,Elastic-2.0,2026 SuperTale contributors,REUSE.toml aggregate annotation
frontend/src/features/canvas/ui/anchoredPopover.ts,Elastic-2.0,2026 SuperTale contributors,REUSE.toml aggregate annotation
frontend/src/features/canvas/ui/canvas-node-menu-shared.tsx,Elastic-2.0,2026 SuperTale contributors,REUSE.toml aggregate annotation
frontend/src/features/canvas/ui/canvasControlStyles.ts,Elastic-2.0,2026 SuperTale contributors,REUSE.toml aggregate annotation
frontend/src/features/canvas/ui/canvasFollowStore.ts,Elastic-2.0,2026 SuperTale contributors,REUSE.toml aggregate annotation
frontend/src/features/canvas/ui/canvasNodeBorderBeam.test.ts,Elastic-2.0,2026 SuperTale contributors,REUSE.toml aggregate annotation
frontend/src/features/canvas/ui/canvasNodeBorderBeam.ts,Elastic-2.0,2026 SuperTale contributors,REUSE.toml aggregate annotation
frontend/src/features/canvas/ui/canvasToolStore.ts,Elastic-2.0,2026 SuperTale contributors,REUSE.toml aggregate annotation
frontend/src/features/canvas/ui/canvasViewSettingsStore.ts,Elastic-2.0,2026 SuperTale contributors,REUSE.toml aggregate annotation
frontend/src/features/canvas/ui/closeButtonStyles.ts,Elastic-2.0,2026 SuperTale contributors,REUSE.toml aggregate annotation
frontend/src/features/canvas/ui/edgeVisibilityStore.ts,Elastic-2.0,2026 SuperTale contributors,REUSE.toml aggregate annotation
frontend/src/features/canvas/ui/modelContractChip.ts,Elastic-2.0,2026 SuperTale contributors,REUSE.toml aggregate annotation
frontend/src/features/canvas/ui/multi-angle-sphere.css,Elastic-2.0,2026 SuperTale contributors,REUSE.toml aggregate annotation
frontend/src/features/canvas/ui/nodeControlStyles.ts,Elastic-2.0,2026 SuperTale contributors,REUSE.toml aggregate annotation
frontend/src/features/canvas/ui/nodeFrameStyles.ts,Elastic-2.0,2026 SuperTale contributors,REUSE.toml aggregate annotation
frontend/src/features/canvas/ui/nodeToolbarConfig.ts,Elastic-2.0,2026 SuperTale contributors,REUSE.toml aggregate annotation
frontend/src/features/canvas/ui/pan-shortcut-icons.tsx,Elastic-2.0,2026 SuperTale contributors,REUSE.toml aggregate annotation
frontend/src/features/canvas/ui/tool-editors/AnnotateToolEditor.tsx,Elastic-2.0,2026 SuperTale contributors,REUSE.toml aggregate annotation
frontend/src/features/canvas/ui/tool-editors/CropToolEditor.tsx,Elastic-2.0,2026 SuperTale contributors,REUSE.toml aggregate annotation
frontend/src/features/canvas/ui/tool-editors/FormToolEditor.tsx,Elastic-2.0,2026 SuperTale contributors,REUSE.toml aggregate annotation
frontend/src/features/canvas/ui/tool-editors/SplitStoryboardToolEditor.tsx,Elastic-2.0,2026 SuperTale contributors,REUSE.toml aggregate annotation
frontend/src/features/canvas/ui/tool-editors/types.ts,Elastic-2.0,2026 SuperTale contributors,REUSE.toml aggregate annotation
frontend/src/features/companion/MyBuddyCompanion.test.ts,Elastic-2.0,2026 SuperTale contributors,REUSE.toml aggregate annotation
frontend/src/features/companion/MyBuddyCompanion.tsx,Elastic-2.0,2026 SuperTale contributors,REUSE.toml aggregate annotation
frontend/src/features/companion/mybuddy-actions.ts,Elastic-2.0,2026 SuperTale contributors,REUSE.toml aggregate annotation
frontend/src/features/companion/mybuddy-companion.css,Elastic-2.0,2026 SuperTale contributors,REUSE.toml aggregate annotation
frontend/src/features/companion/petdex/PetGalleryDialog.test.tsx,Elastic-2.0,2026 SuperTale contributors,REUSE.toml aggregate annotation
frontend/src/features/companion/petdex/PetGalleryDialog.tsx,Elastic-2.0,2026 SuperTale contributors,REUSE.toml aggregate annotation
frontend/src/features/companion/petdex/PetSpriteThumbnail.tsx,Elastic-2.0,2026 SuperTale contributors,REUSE.toml aggregate annotation
frontend/src/features/companion/petdex/SpritePetCompanion.tsx,Elastic-2.0,2026 SuperTale contributors,REUSE.toml aggregate annotation
frontend/src/features/companion/petdex/petdex-pet.css,Elastic-2.0,2026 SuperTale contributors,REUSE.toml aggregate annotation
frontend/src/features/companion/petdex/petdex-pets.ts,Elastic-2.0,2026 SuperTale contributors,REUSE.toml aggregate annotation
frontend/src/features/companion/petdex/petdex-storage.ts,Elastic-2.0,2026 SuperTale contributors,REUSE.toml aggregate annotation
frontend/src/features/companion/use-mybuddy-companion-controller.ts,Elastic-2.0,2026 SuperTale contributors,REUSE.toml aggregate annotation
frontend/src/features/freezone/AssetLibraryPanel.tsx,Elastic-2.0,2026 SuperTale contributors,REUSE.toml aggregate annotation
frontend/src/features/freezone/CanvasStatusOverlays.tsx,Elastic-2.0,2026 SuperTale contributors,REUSE.toml aggregate annotation
frontend/src/features/freezone/CanvasStoryboardView.tsx,Elastic-2.0,2026 SuperTale contributors,REUSE.toml aggregate annotation
frontend/src/features/freezone/CanvasesTab.tsx,Elastic-2.0,2026 SuperTale contributors,REUSE.toml aggregate annotation
frontend/src/features/freezone/ExpressionHeadPreview.tsx,Elastic-2.0,2026 SuperTale contributors,REUSE.toml aggregate annotation
frontend/src/features/freezone/ExpressionManagerPanel.tsx,Elastic-2.0,2026 SuperTale contributors,REUSE.toml aggregate annotation
frontend/src/features/freezone/FreezoneChatToggleButton.tsx,Elastic-2.0,2026 SuperTale contributors,REUSE.toml aggregate annotation
frontend/src/features/freezone/FreezoneShell.tsx,Elastic-2.0,2026 SuperTale contributors,REUSE.toml aggregate annotation
frontend/src/features/freezone/PromptOptimizationPreview.test.tsx,Elastic-2.0,2026 SuperTale contributors,REUSE.toml aggregate annotation
frontend/src/features/freezone/PromptOptimizationPreview.tsx,Elastic-2.0,2026 SuperTale contributors,REUSE.toml aggregate annotation
frontend/src/features/freezone/agent-companion-anchor.ts,Elastic-2.0,2026 SuperTale contributors,REUSE.toml aggregate annotation
frontend/src/features/freezone/agentNodeParameters.test.ts,Elastic-2.0,2026 SuperTale contributors,REUSE.toml aggregate annotation
frontend/src/features/freezone/agentNodeParameters.ts,Elastic-2.0,2026 SuperTale contributors,REUSE.toml aggregate annotation
frontend/src/features/freezone/canvasCommandExecutor.test.ts,Elastic-2.0,2026 SuperTale contributors,REUSE.toml aggregate annotation
frontend/src/features/freezone/canvasCommandGateway.test.ts,Elastic-2.0,2026 SuperTale contributors,REUSE.toml aggregate annotation
frontend/src/features/freezone/canvasCommandGateway.ts,Elastic-2.0,2026 SuperTale contributors,REUSE.toml aggregate annotation
frontend/src/features/freezone/canvasDraftStorage.ts,Elastic-2.0,2026 SuperTale contributors,REUSE.toml aggregate annotation
frontend/src/features/freezone/canvasMetadataContext.ts,Elastic-2.0,2026 SuperTale contributors,REUSE.toml aggregate annotation
frontend/src/features/freezone/canvasSaveCoordinator.ts,Elastic-2.0,2026 SuperTale contributors,REUSE.toml aggregate annotation
frontend/src/features/freezone/canvasSyncCore.ts,Elastic-2.0,2026 SuperTale contributors,REUSE.toml aggregate annotation
frontend/src/features/freezone/canvasSyncRuntime.ts,Elastic-2.0,2026 SuperTale contributors,REUSE.toml aggregate annotation
frontend/src/features/freezone/capabilities/candidate_capabilities.ts,Elastic-2.0,2026 SuperTale contributors,REUSE.toml aggregate annotation
frontend/src/features/freezone/capabilities/capabilityRegistry.ts,Elastic-2.0,2026 SuperTale contributors,REUSE.toml aggregate annotation
frontend/src/features/freezone/capabilities/portrait_from_ref.ts,Elastic-2.0,2026 SuperTale contributors,REUSE.toml aggregate annotation
frontend/src/features/freezone/capabilities/real_scene_sketch_repair.ts,Elastic-2.0,2026 SuperTale contributors,REUSE.toml aggregate annotation
frontend/src/features/freezone/commit/BatchCommitDialog.tsx,Elastic-2.0,2026 SuperTale contributors,REUSE.toml aggregate annotation
frontend/src/features/freezone/commit/CommitDialog.tsx,Elastic-2.0,2026 SuperTale contributors,REUSE.toml aggregate annotation
frontend/src/features/freezone/commit/commitEligibility.ts,Elastic-2.0,2026 SuperTale contributors,REUSE.toml aggregate annotation
frontend/src/features/freezone/commit/committedNodePatch.ts,Elastic-2.0,2026 SuperTale contributors,REUSE.toml aggregate annotation
frontend/src/features/freezone/commit/directorRenderCommit.ts,Elastic-2.0,2026 SuperTale contributors,REUSE.toml aggregate annotation
frontend/src/features/freezone/commit/promoteToAsset.ts,Elastic-2.0,2026 SuperTale contributors,REUSE.toml aggregate annotation
frontend/src/features/freezone/commit/pushTarget.ts,Elastic-2.0,2026 SuperTale contributors,REUSE.toml aggregate annotation
frontend/src/features/freezone/commit/sceneDirectorWorldCommit.ts,Elastic-2.0,2026 SuperTale contributors,REUSE.toml aggregate annotation
frontend/src/features/freezone/context/NodeContextBadges.tsx,Elastic-2.0,2026 SuperTale contributors,REUSE.toml aggregate annotation
frontend/src/features/freezone/context/beatContextProjection.ts,Elastic-2.0,2026 SuperTale contributors,REUSE.toml aggregate annotation
frontend/src/features/freezone/context/beatContextSnapshot.ts,Elastic-2.0,2026 SuperTale contributors,REUSE.toml aggregate annotation
frontend/src/features/freezone/context/contextMatching.ts,Elastic-2.0,2026 SuperTale contributors,REUSE.toml aggregate annotation
frontend/src/features/freezone/context/contextOperations.tsx,Elastic-2.0,2026 SuperTale contributors,REUSE.toml aggregate annotation
frontend/src/features/freezone/context/contextPromptCompiler.ts,Elastic-2.0,2026 SuperTale contributors,REUSE.toml aggregate annotation
frontend/src/features/freezone/context/currentBeatContext.ts,Elastic-2.0,2026 SuperTale contributors,REUSE.toml aggregate annotation
frontend/src/features/freezone/context/inferSkillConnectionRole.ts,Elastic-2.0,2026 SuperTale contributors,REUSE.toml aggregate annotation
frontend/src/features/freezone/context/mainlineContext.ts,Elastic-2.0,2026 SuperTale contributors,REUSE.toml aggregate annotation
frontend/src/features/freezone/context/skillI18n.ts,Elastic-2.0,2026 SuperTale contributors,REUSE.toml aggregate annotation
frontend/src/features/freezone/context/skillNodeInputs.ts,Elastic-2.0,2026 SuperTale contributors,REUSE.toml aggregate annotation
frontend/src/features/freezone/context/skillNodeOutputs.ts,Elastic-2.0,2026 SuperTale contributors,REUSE.toml aggregate annotation
frontend/src/features/freezone/context/skillRoles.ts,Elastic-2.0,2026 SuperTale contributors,REUSE.toml aggregate annotation
frontend/src/features/freezone/directorPromptEngine.test.ts,Elastic-2.0,2026 SuperTale contributors,REUSE.toml aggregate annotation
frontend/src/features/freezone/directorPromptEngine.ts,Elastic-2.0,2026 SuperTale contributors,REUSE.toml aggregate annotation
frontend/src/features/freezone/directorStyleStore.test.ts,Elastic-2.0,2026 SuperTale contributors,REUSE.toml aggregate annotation
frontend/src/features/freezone/directorStyleStore.ts,Elastic-2.0,2026 SuperTale contributors,REUSE.toml aggregate annotation
frontend/src/features/freezone/emotionMoodGrid.test.ts,Elastic-2.0,2026 SuperTale contributors,REUSE.toml aggregate annotation
frontend/src/features/freezone/emotionMoodGrid.ts,Elastic-2.0,2026 SuperTale contributors,REUSE.toml aggregate annotation
frontend/src/features/freezone/expressionControlEngine.test.ts,Elastic-2.0,2026 SuperTale contributors,REUSE.toml aggregate annotation
frontend/src/features/freezone/expressionControlEngine.ts,Elastic-2.0,2026 SuperTale contributors,REUSE.toml aggregate annotation
frontend/src/features/freezone/expressionFaceDetection.test.ts,Elastic-2.0,2026 SuperTale contributors,REUSE.toml aggregate annotation
frontend/src/features/freezone/expressionFaceDetection.ts,Elastic-2.0,2026 SuperTale contributors,REUSE.toml aggregate annotation
frontend/src/features/freezone/expressionRegionSelection.test.ts,Elastic-2.0,2026 SuperTale contributors,REUSE.toml aggregate annotation
frontend/src/features/freezone/expressionRegionSelection.ts,Elastic-2.0,2026 SuperTale contributors,REUSE.toml aggregate annotation
frontend/src/features/freezone/expressionRigContract.test.ts,Elastic-2.0,2026 SuperTale contributors,REUSE.toml aggregate annotation
frontend/src/features/freezone/expressionStyleLock.test.ts,Elastic-2.0,2026 SuperTale contributors,REUSE.toml aggregate annotation
frontend/src/features/freezone/freezoneChatDock.mobile.test.tsx,Elastic-2.0,2026 SuperTale contributors,REUSE.toml aggregate annotation
frontend/src/features/freezone/freezoneChatDock.test.tsx,Elastic-2.0,2026 SuperTale contributors,REUSE.toml aggregate annotation
frontend/src/features/freezone/modelPromptOptimizer.test.ts,Elastic-2.0,2026 SuperTale contributors,REUSE.toml aggregate annotation
frontend/src/features/freezone/modelPromptOptimizer.ts,Elastic-2.0,2026 SuperTale contributors,REUSE.toml aggregate annotation
frontend/src/features/freezone/nodePowerHubStore.test.ts,Elastic-2.0,2026 SuperTale contributors,REUSE.toml aggregate annotation
frontend/src/features/freezone/nodePowerHubStore.ts,Elastic-2.0,2026 SuperTale contributors,REUSE.toml aggregate annotation
frontend/src/features/freezone/openPresetProjection.ts,Elastic-2.0,2026 SuperTale contributors,REUSE.toml aggregate annotation
frontend/src/features/freezone/projectionGraphIds.ts,Elastic-2.0,2026 SuperTale contributors,REUSE.toml aggregate annotation
frontend/src/features/freezone/projectionStatusContracts.ts,Elastic-2.0,2026 SuperTale contributors,REUSE.toml aggregate annotation
frontend/src/features/freezone/projectionStatusStore.ts,Elastic-2.0,2026 SuperTale contributors,REUSE.toml aggregate annotation
frontend/src/features/freezone/projections.ts,Elastic-2.0,2026 SuperTale contributors,REUSE.toml aggregate annotation
frontend/src/features/freezone/promptOptimizationPayload.test.ts,Elastic-2.0,2026 SuperTale contributors,REUSE.toml aggregate annotation
frontend/src/features/freezone/promptOptimizationPayload.ts,Elastic-2.0,2026 SuperTale contributors,REUSE.toml aggregate annotation
frontend/src/features/freezone/referenceRoles.ts,Elastic-2.0,2026 SuperTale contributors,REUSE.toml aggregate annotation
frontend/src/features/freezone/shotMetadataStore.ts,Elastic-2.0,2026 SuperTale contributors,REUSE.toml aggregate annotation
frontend/src/features/freezone/useCanvasSync.ts,Elastic-2.0,2026 SuperTale contributors,REUSE.toml aggregate annotation
frontend/src/features/freezone/usePromptOptimizationElapsed.test.ts,Elastic-2.0,2026 SuperTale contributors,REUSE.toml aggregate annotation
frontend/src/features/freezone/usePromptOptimizationElapsed.ts,Elastic-2.0,2026 SuperTale contributors,REUSE.toml aggregate annotation
frontend/src/features/superchat/AgentCliSkillDialog.test.tsx,Elastic-2.0,2026 SuperTale contributors,REUSE.toml aggregate annotation
frontend/src/features/superchat/AgentCliSkillDialog.tsx,Elastic-2.0,2026 SuperTale contributors,REUSE.toml aggregate annotation
frontend/src/features/superchat/AgentContextRing.test.tsx,Elastic-2.0,2026 SuperTale contributors,REUSE.toml aggregate annotation
frontend/src/features/superchat/AgentContextRing.tsx,Elastic-2.0,2026 SuperTale contributors,REUSE.toml aggregate annotation
frontend/src/features/superchat/AgentMemoryDialog.test.tsx,Elastic-2.0,2026 SuperTale contributors,REUSE.toml aggregate annotation
frontend/src/features/superchat/AgentMemoryDialog.tsx,Elastic-2.0,2026 SuperTale contributors,REUSE.toml aggregate annotation
frontend/src/features/superchat/ConversationHistoryMenu.test.tsx,Elastic-2.0,2026 SuperTale contributors,REUSE.toml aggregate annotation
frontend/src/features/superchat/ConversationHistoryMenu.tsx,Elastic-2.0,2026 SuperTale contributors,REUSE.toml aggregate annotation
frontend/src/features/superchat/SkillStoreDialog.test.tsx,Elastic-2.0,2026 SuperTale contributors,REUSE.toml aggregate annotation
frontend/src/features/superchat/SkillStoreDialog.tsx,Elastic-2.0,2026 SuperTale contributors,REUSE.toml aggregate annotation
frontend/src/features/superchat/agent-composer-action.test.ts,Elastic-2.0,2026 SuperTale contributors,REUSE.toml aggregate annotation
frontend/src/features/superchat/agent-composer-action.ts,Elastic-2.0,2026 SuperTale contributors,REUSE.toml aggregate annotation
frontend/src/features/superchat/agent-context-usage.test.ts,Elastic-2.0,2026 SuperTale contributors,REUSE.toml aggregate annotation
frontend/src/features/superchat/agent-context-usage.ts,Elastic-2.0,2026 SuperTale contributors,REUSE.toml aggregate annotation
frontend/src/features/superchat/agent-execution-timeline.test.ts,Elastic-2.0,2026 SuperTale contributors,REUSE.toml aggregate annotation
frontend/src/features/superchat/agent-execution-timeline.ts,Elastic-2.0,2026 SuperTale contributors,REUSE.toml aggregate annotation
frontend/src/features/superchat/agent-research-toggle.test.ts,Elastic-2.0,2026 SuperTale contributors,REUSE.toml aggregate annotation
frontend/src/features/superchat/agent-research-toggle.ts,Elastic-2.0,2026 SuperTale contributors,REUSE.toml aggregate annotation
frontend/src/features/superchat/agent-run-telemetry.test.ts,Elastic-2.0,2026 SuperTale contributors,REUSE.toml aggregate annotation
frontend/src/features/superchat/agent-run-telemetry.ts,Elastic-2.0,2026 SuperTale contributors,REUSE.toml aggregate annotation
frontend/src/features/superchat/ai-avatar.ts,Elastic-2.0,2026 SuperTale contributors,REUSE.toml aggregate annotation
frontend/src/features/superchat/approval-runtime.ts,Elastic-2.0,2026 SuperTale contributors,REUSE.toml aggregate annotation
frontend/src/features/superchat/canvas-agent-context.test.ts,Elastic-2.0,2026 SuperTale contributors,REUSE.toml aggregate annotation
frontend/src/features/superchat/canvas-agent-context.ts,Elastic-2.0,2026 SuperTale contributors,REUSE.toml aggregate annotation
frontend/src/features/superchat/canvas-agent-coupling.ts,Elastic-2.0,2026 SuperTale contributors,REUSE.toml aggregate annotation
frontend/src/features/superchat/canvas-agent-director-state.test.ts,Elastic-2.0,2026 SuperTale contributors,REUSE.toml aggregate annotation
frontend/src/features/superchat/canvas-agent-director-state.ts,Elastic-2.0,2026 SuperTale contributors,REUSE.toml aggregate annotation
frontend/src/features/superchat/canvas-agent-execution-router.test.ts,Elastic-2.0,2026 SuperTale contributors,REUSE.toml aggregate annotation
frontend/src/features/superchat/canvas-agent-execution-router.ts,Elastic-2.0,2026 SuperTale contributors,REUSE.toml aggregate annotation
frontend/src/features/superchat/canvas-agent-hero-skills.test.ts,Elastic-2.0,2026 SuperTale contributors,REUSE.toml aggregate annotation
frontend/src/features/superchat/canvas-agent-hero-skills.ts,Elastic-2.0,2026 SuperTale contributors,REUSE.toml aggregate annotation
frontend/src/features/superchat/canvas-agent-intelligence.ts,Elastic-2.0,2026 SuperTale contributors,REUSE.toml aggregate annotation
frontend/src/features/superchat/canvas-agent-kernel.test.ts,Elastic-2.0,2026 SuperTale contributors,REUSE.toml aggregate annotation
frontend/src/features/superchat/canvas-agent-kernel.ts,Elastic-2.0,2026 SuperTale contributors,REUSE.toml aggregate annotation
frontend/src/features/superchat/canvas-agent-pin-store.test.ts,Elastic-2.0,2026 SuperTale contributors,REUSE.toml aggregate annotation
frontend/src/features/superchat/canvas-agent-pin-store.ts,Elastic-2.0,2026 SuperTale contributors,REUSE.toml aggregate annotation
frontend/src/features/superchat/canvas-agent-references.test.ts,Elastic-2.0,2026 SuperTale contributors,REUSE.toml aggregate annotation
frontend/src/features/superchat/canvas-agent-references.ts,Elastic-2.0,2026 SuperTale contributors,REUSE.toml aggregate annotation
frontend/src/features/superchat/canvas-agent-run-mode.test.ts,Elastic-2.0,2026 SuperTale contributors,REUSE.toml aggregate annotation
frontend/src/features/superchat/canvas-agent-run-mode.ts,Elastic-2.0,2026 SuperTale contributors,REUSE.toml aggregate annotation
frontend/src/features/superchat/canvas-agent-skills.test.ts,Elastic-2.0,2026 SuperTale contributors,REUSE.toml aggregate annotation
frontend/src/features/superchat/canvas-agent-skills.ts,Elastic-2.0,2026 SuperTale contributors,REUSE.toml aggregate annotation
frontend/src/features/superchat/canvas-command-arbiter.test.ts,Elastic-2.0,2026 SuperTale contributors,REUSE.toml aggregate annotation
frontend/src/features/superchat/canvas-command-arbiter.ts,Elastic-2.0,2026 SuperTale contributors,REUSE.toml aggregate annotation
frontend/src/features/superchat/canvas-command-receipt-outbox.test.ts,Elastic-2.0,2026 SuperTale contributors,REUSE.toml aggregate annotation
frontend/src/features/superchat/canvas-command-receipt-outbox.ts,Elastic-2.0,2026 SuperTale contributors,REUSE.toml aggregate annotation
frontend/src/features/superchat/canvas-command-receipts.test.ts,Elastic-2.0,2026 SuperTale contributors,REUSE.toml aggregate annotation
frontend/src/features/superchat/canvas-command-receipts.ts,Elastic-2.0,2026 SuperTale contributors,REUSE.toml aggregate annotation
frontend/src/features/superchat/canvas-fast-command-execution.test.ts,Elastic-2.0,2026 SuperTale contributors,REUSE.toml aggregate annotation
frontend/src/features/superchat/canvas-fast-command-execution.ts,Elastic-2.0,2026 SuperTale contributors,REUSE.toml aggregate annotation
frontend/src/features/superchat/canvas-fast-command.test.ts,Elastic-2.0,2026 SuperTale contributors,REUSE.toml aggregate annotation
frontend/src/features/superchat/canvas-fast-command.ts,Elastic-2.0,2026 SuperTale contributors,REUSE.toml aggregate annotation
frontend/src/features/superchat/canvas-patch-events.test.ts,Elastic-2.0,2026 SuperTale contributors,REUSE.toml aggregate annotation
frontend/src/features/superchat/canvas-patch-events.ts,Elastic-2.0,2026 SuperTale contributors,REUSE.toml aggregate annotation
frontend/src/features/superchat/canvas-workflow-fast-start.test.ts,Elastic-2.0,2026 SuperTale contributors,REUSE.toml aggregate annotation
frontend/src/features/superchat/canvas-workflow-fast-start.ts,Elastic-2.0,2026 SuperTale contributors,REUSE.toml aggregate annotation
frontend/src/features/superchat/canvasCommandBridge.test.ts,Elastic-2.0,2026 SuperTale contributors,REUSE.toml aggregate annotation
frontend/src/features/superchat/chat-conversations.test.ts,Elastic-2.0,2026 SuperTale contributors,REUSE.toml aggregate annotation
frontend/src/features/superchat/chat-conversations.ts,Elastic-2.0,2026 SuperTale contributors,REUSE.toml aggregate annotation
frontend/src/features/superchat/composer-waiting-status.tsx,Elastic-2.0,2026 SuperTale contributors,REUSE.toml aggregate annotation
frontend/src/features/superchat/director-console-model.test.ts,Elastic-2.0,2026 SuperTale contributors,REUSE.toml aggregate annotation
frontend/src/features/superchat/director-console-model.ts,Elastic-2.0,2026 SuperTale contributors,REUSE.toml aggregate annotation
frontend/src/features/superchat/fe-tool-bridge.test.ts,Elastic-2.0,2026 SuperTale contributors,REUSE.toml aggregate annotation
frontend/src/features/superchat/fe-tool-bridge.ts,Elastic-2.0,2026 SuperTale contributors,REUSE.toml aggregate annotation
frontend/src/features/superchat/freezone-canvas-agent-ui.test.ts,Elastic-2.0,2026 SuperTale contributors,REUSE.toml aggregate annotation
frontend/src/features/superchat/freezone-canvas-agent-ui.tsx,Elastic-2.0,2026 SuperTale contributors,REUSE.toml aggregate annotation
frontend/src/features/superchat/knowledge-receipt.test.ts,Elastic-2.0,2026 SuperTale contributors,REUSE.toml aggregate annotation
frontend/src/features/superchat/knowledge-receipt.ts,Elastic-2.0,2026 SuperTale contributors,REUSE.toml aggregate annotation
frontend/src/features/superchat/message-render-window.test.ts,Elastic-2.0,2026 SuperTale contributors,REUSE.toml aggregate annotation
frontend/src/features/superchat/message-render-window.ts,Elastic-2.0,2026 SuperTale contributors,REUSE.toml aggregate annotation
frontend/src/features/superchat/message.test.ts,Elastic-2.0,2026 SuperTale contributors,REUSE.toml aggregate annotation
frontend/src/features/superchat/message.ts,Elastic-2.0,2026 SuperTale contributors,REUSE.toml aggregate annotation
frontend/src/features/superchat/optimistic-canvas-commands.ts,Elastic-2.0,2026 SuperTale contributors,REUSE.toml aggregate annotation
frontend/src/features/superchat/skill-graph-patch.test.ts,Elastic-2.0,2026 SuperTale contributors,REUSE.toml aggregate annotation
frontend/src/features/superchat/skill-graph-patch.ts,Elastic-2.0,2026 SuperTale contributors,REUSE.toml aggregate annotation
frontend/src/features/superchat/spec-extract.ts,Elastic-2.0,2026 SuperTale contributors,REUSE.toml aggregate annotation
frontend/src/features/superchat/structure-proposal-store.test.ts,Elastic-2.0,2026 SuperTale contributors,REUSE.toml aggregate annotation
frontend/src/features/superchat/structure-proposal-store.ts,Elastic-2.0,2026 SuperTale contributors,REUSE.toml aggregate annotation
frontend/src/features/superchat/superchat-ingest-context.ts,Elastic-2.0,2026 SuperTale contributors,REUSE.toml aggregate annotation
frontend/src/features/superchat/superchat-media.ts,Elastic-2.0,2026 SuperTale contributors,REUSE.toml aggregate annotation
frontend/src/features/superchat/superchat-message-actions.test.tsx,Elastic-2.0,2026 SuperTale contributors,REUSE.toml aggregate annotation
frontend/src/features/superchat/superchat-message-attachments.test.tsx,Elastic-2.0,2026 SuperTale contributors,REUSE.toml aggregate annotation
frontend/src/features/superchat/superchat-message-rendering.tsx,Elastic-2.0,2026 SuperTale contributors,REUSE.toml aggregate annotation
frontend/src/features/superchat/superchat-panel-presentation.tsx,Elastic-2.0,2026 SuperTale contributors,REUSE.toml aggregate annotation
frontend/src/features/superchat/superchat-panel.tsx,Elastic-2.0,2026 SuperTale contributors,REUSE.toml aggregate annotation
frontend/src/features/superchat/task-notification-label.ts,Elastic-2.0,2026 SuperTale contributors,REUSE.toml aggregate annotation
frontend/src/features/superchat/timeline-scroll.ts,Elastic-2.0,2026 SuperTale contributors,REUSE.toml aggregate annotation
frontend/src/features/superchat/types.ts,Elastic-2.0,2026 SuperTale contributors,REUSE.toml aggregate annotation
frontend/src/features/superchat/use-retained-composer.test.tsx,Elastic-2.0,2026 SuperTale contributors,REUSE.toml aggregate annotation
frontend/src/features/superchat/use-retained-composer.ts,Elastic-2.0,2026 SuperTale contributors,REUSE.toml aggregate annotation
frontend/src/features/superchat/use-superchat.test.ts,Elastic-2.0,2026 SuperTale contributors,REUSE.toml aggregate annotation
frontend/src/features/superchat/use-superchat.ts,Elastic-2.0,2026 SuperTale contributors,REUSE.toml aggregate annotation
frontend/src/features/superchat/use-workflow-asset-binding-repair.ts,Elastic-2.0,2026 SuperTale contributors,REUSE.toml aggregate annotation
frontend/src/features/superchat/use-workflow-canvas-recovery-actions.ts,Elastic-2.0,2026 SuperTale contributors,REUSE.toml aggregate annotation
frontend/src/features/superchat/use-workflow-recovery-authorizations.ts,Elastic-2.0,2026 SuperTale contributors,REUSE.toml aggregate annotation
frontend/src/features/superchat/useWorkflowFailureRetry.test.ts,Elastic-2.0,2026 SuperTale contributors,REUSE.toml aggregate annotation
frontend/src/features/superchat/useWorkflowFailureRetry.ts,Elastic-2.0,2026 SuperTale contributors,REUSE.toml aggregate annotation
frontend/src/features/superchat/village-agent-events.test.ts,Elastic-2.0,2026 SuperTale contributors,REUSE.toml aggregate annotation
frontend/src/features/superchat/village-agent-events.ts,Elastic-2.0,2026 SuperTale contributors,REUSE.toml aggregate annotation
frontend/src/features/superchat/village-agent-libtv-v4.css,Elastic-2.0,2026 SuperTale contributors,REUSE.toml aggregate annotation
frontend/src/features/superchat/workflow-asset-binding-recovery.test.ts,Elastic-2.0,2026 SuperTale contributors,REUSE.toml aggregate annotation
frontend/src/features/superchat/workflow-asset-binding-recovery.ts,Elastic-2.0,2026 SuperTale contributors,REUSE.toml aggregate annotation
frontend/src/features/superchat/workflow-asset-binding-repair.ts,Elastic-2.0,2026 SuperTale contributors,REUSE.toml aggregate annotation
frontend/src/features/superchat/workflow-canvas-focus.ts,Elastic-2.0,2026 SuperTale contributors,REUSE.toml aggregate annotation
frontend/src/features/superchat/workflow-compose-authorization.test.ts,Elastic-2.0,2026 SuperTale contributors,REUSE.toml aggregate annotation
frontend/src/features/superchat/workflow-compose-authorization.ts,Elastic-2.0,2026 SuperTale contributors,REUSE.toml aggregate annotation
frontend/src/features/superchat/workflow-failure-dismissal.ts,Elastic-2.0,2026 SuperTale contributors,REUSE.toml aggregate annotation
frontend/src/features/superchat/workflow-media-authorization.test.ts,Elastic-2.0,2026 SuperTale contributors,REUSE.toml aggregate annotation
frontend/src/features/superchat/workflow-media-authorization.ts,Elastic-2.0,2026 SuperTale contributors,REUSE.toml aggregate annotation
frontend/src/features/superchat/workflow-release-readiness.test.ts,Elastic-2.0,2026 SuperTale contributors,REUSE.toml aggregate annotation
frontend/src/features/superchat/workflow-release-readiness.ts,Elastic-2.0,2026 SuperTale contributors,REUSE.toml aggregate annotation
frontend/src/features/superchat/workflow-run-live.test.ts,Elastic-2.0,2026 SuperTale contributors,REUSE.toml aggregate annotation
frontend/src/features/superchat/workflow-run-live.ts,Elastic-2.0,2026 SuperTale contributors,REUSE.toml aggregate annotation
frontend/src/features/superchat/xiaoshu-agent-runtime.test.ts,Elastic-2.0,2026 SuperTale contributors,REUSE.toml aggregate annotation
frontend/src/features/superchat/xiaoshu-agent-runtime.ts,Elastic-2.0,2026 SuperTale contributors,REUSE.toml aggregate annotation
frontend/src/features/version-update/VersionUpdateDialog.tsx,Elastic-2.0,2026 SuperTale contributors,REUSE.toml aggregate annotation
frontend/src/features/version-update/version-update-events.ts,Elastic-2.0,2026 SuperTale contributors,REUSE.toml aggregate annotation
frontend/src/features/viewer-kit/pano/PanoCaptureDialog.tsx,Elastic-2.0,2026 SuperTale contributors,REUSE.toml aggregate annotation
frontend/src/features/viewer-kit/pano/PanoCaptureSurface.tsx,Elastic-2.0,2026 SuperTale contributors,REUSE.toml aggregate annotation
frontend/src/features/viewer-kit/pano/panoCapture.ts,Elastic-2.0,2026 SuperTale contributors,REUSE.toml aggregate annotation
frontend/src/features/viewer-kit/pano/panoManifest.ts,Elastic-2.0,2026 SuperTale contributors,REUSE.toml aggregate annotation
frontend/src/features/viewer-kit/three-d/ThreeDDirectorDialog.tsx,Elastic-2.0,2026 SuperTale contributors,REUSE.toml aggregate annotation
frontend/src/features/viewer-kit/three-d/ThreeDStageCanvas.tsx,Elastic-2.0,2026 SuperTale contributors,REUSE.toml aggregate annotation
frontend/src/features/viewer-kit/three-d/directorManifest.ts,Elastic-2.0,2026 SuperTale contributors,REUSE.toml aggregate annotation
frontend/src/features/viewer-kit/three-d/engine/axesGrid.ts,Elastic-2.0,2026 SuperTale contributors,REUSE.toml aggregate annotation
frontend/src/features/viewer-kit/three-d/engine/flyCamera.ts,Elastic-2.0,2026 SuperTale contributors,REUSE.toml aggregate annotation
frontend/src/features/viewer-kit/three-d/engine/poses.ts,Elastic-2.0,2026 SuperTale contributors,REUSE.toml aggregate annotation
frontend/src/features/viewer-kit/three-d/engine/shapeHints.ts,Elastic-2.0,2026 SuperTale contributors,REUSE.toml aggregate annotation
frontend/src/features/viewer-kit/three-d/engine/viewerApp.ts,Elastic-2.0,2026 SuperTale contributors,REUSE.toml aggregate annotation
frontend/src/features/viewer-kit/three-d/sourceTransform.ts,Elastic-2.0,2026 SuperTale contributors,REUSE.toml aggregate annotation
frontend/src/features/viewer-kit/useViewerImmersiveBody.ts,Elastic-2.0,2026 SuperTale contributors,REUSE.toml aggregate annotation
frontend/src/features/viewer-kit/viewerPurpose.ts,Elastic-2.0,2026 SuperTale contributors,REUSE.toml aggregate annotation
frontend/src/features/workflow-runs/workflow-run-overview-model.test.ts,Elastic-2.0,2026 SuperTale contributors,REUSE.toml aggregate annotation
frontend/src/features/workflow-runs/workflow-run-overview-model.ts,Elastic-2.0,2026 SuperTale contributors,REUSE.toml aggregate annotation
frontend/src/features/workflow-runs/workflow-run-overview.test.tsx,Elastic-2.0,2026 SuperTale contributors,REUSE.toml aggregate annotation
frontend/src/features/workflow-runs/workflow-run-overview.tsx,Elastic-2.0,2026 SuperTale contributors,REUSE.toml aggregate annotation
frontend/src/hooks/use-asset-focus.ts,Elastic-2.0,2026 SuperTale contributors,REUSE.toml aggregate annotation
frontend/src/hooks/use-assets-deep-link.ts,Elastic-2.0,2026 SuperTale contributors,REUSE.toml aggregate annotation
frontend/src/hooks/use-beat-states.ts,Elastic-2.0,2026 SuperTale contributors,REUSE.toml aggregate annotation
frontend/src/hooks/use-beats-workbench-param.ts,Elastic-2.0,2026 SuperTale contributors,REUSE.toml aggregate annotation
frontend/src/hooks/use-debounced-value.ts,Elastic-2.0,2026 SuperTale contributors,REUSE.toml aggregate annotation
frontend/src/hooks/use-episode-image-task-invalidation.ts,Elastic-2.0,2026 SuperTale contributors,REUSE.toml aggregate annotation
frontend/src/hooks/use-escape-to-close.ts,Elastic-2.0,2026 SuperTale contributors,REUSE.toml aggregate annotation
frontend/src/hooks/use-github-stars.ts,Elastic-2.0,2026 SuperTale contributors,REUSE.toml aggregate annotation
frontend/src/hooks/use-media-query.ts,Elastic-2.0,2026 SuperTale contributors,REUSE.toml aggregate annotation
frontend/src/hooks/use-now.ts,Elastic-2.0,2026 SuperTale contributors,REUSE.toml aggregate annotation
frontend/src/hooks/use-reduced-motion.ts,Elastic-2.0,2026 SuperTale contributors,REUSE.toml aggregate annotation
frontend/src/hooks/use-resizable-pane-persistence.ts,Elastic-2.0,2026 SuperTale contributors,REUSE.toml aggregate annotation
frontend/src/hooks/use-responsive-columns.ts,Elastic-2.0,2026 SuperTale contributors,REUSE.toml aggregate annotation
frontend/src/hooks/use-scoped-task-batch-invalidation.ts,Elastic-2.0,2026 SuperTale contributors,REUSE.toml aggregate annotation
frontend/src/hooks/use-selection.ts,Elastic-2.0,2026 SuperTale contributors,REUSE.toml aggregate annotation
frontend/src/hooks/use-stage-task.ts,Elastic-2.0,2026 SuperTale contributors,REUSE.toml aggregate annotation
frontend/src/hooks/use-task-controller.ts,Elastic-2.0,2026 SuperTale contributors,REUSE.toml aggregate annotation
frontend/src/hooks/use-task-stream.ts,Elastic-2.0,2026 SuperTale contributors,REUSE.toml aggregate annotation
frontend/src/hooks/use-transient-confirmation.ts,Elastic-2.0,2026 SuperTale contributors,REUSE.toml aggregate annotation
frontend/src/hooks/use-view-toggles.ts,Elastic-2.0,2026 SuperTale contributors,REUSE.toml aggregate annotation
frontend/src/i18n/index.ts,Elastic-2.0,2026 SuperTale contributors,REUSE.toml aggregate annotation
frontend/src/index.css,Elastic-2.0,2026 SuperTale contributors,REUSE.toml aggregate annotation
frontend/src/lib/api-errors.ts,Elastic-2.0,2026 SuperTale contributors,REUSE.toml aggregate annotation
frontend/src/lib/api-path.ts,Elastic-2.0,2026 SuperTale contributors,REUSE.toml aggregate annotation
frontend/src/lib/api.ts,Elastic-2.0,2026 SuperTale contributors,REUSE.toml aggregate annotation
frontend/src/lib/app-router.ts,Elastic-2.0,2026 SuperTale contributors,REUSE.toml aggregate annotation
frontend/src/lib/app-update-available.ts,Elastic-2.0,2026 SuperTale contributors,REUSE.toml aggregate annotation
frontend/src/lib/app-version.ts,Elastic-2.0,2026 SuperTale contributors,REUSE.toml aggregate annotation
frontend/src/lib/aspect-ratio.ts,Elastic-2.0,2026 SuperTale contributors,REUSE.toml aggregate annotation
frontend/src/lib/audio-type.ts,Elastic-2.0,2026 SuperTale contributors,REUSE.toml aggregate annotation
frontend/src/lib/audioTranscode.ts,Elastic-2.0,2026 SuperTale contributors,REUSE.toml aggregate annotation
frontend/src/lib/auth-mode.ts,Elastic-2.0,2026 SuperTale contributors,REUSE.toml aggregate annotation
frontend/src/lib/beat-markers.ts,Elastic-2.0,2026 SuperTale contributors,REUSE.toml aggregate annotation
frontend/src/lib/browserDownload.ts,Elastic-2.0,2026 SuperTale contributors,REUSE.toml aggregate annotation
frontend/src/lib/character-main-copy.ts,Elastic-2.0,2026 SuperTale contributors,REUSE.toml aggregate annotation
frontend/src/lib/chunk-load-recovery.ts,Elastic-2.0,2026 SuperTale contributors,REUSE.toml aggregate annotation
frontend/src/lib/cluster-config.ts,Elastic-2.0,2026 SuperTale contributors,REUSE.toml aggregate annotation
frontend/src/lib/derive-beat-states.ts,Elastic-2.0,2026 SuperTale contributors,REUSE.toml aggregate annotation
frontend/src/lib/dev-backend-watch.ts,Elastic-2.0,2026 SuperTale contributors,REUSE.toml aggregate annotation
frontend/src/lib/dialog-styles.ts,Elastic-2.0,2026 SuperTale contributors,REUSE.toml aggregate annotation
frontend/src/lib/dom-reconciliation-guard.ts,Elastic-2.0,2026 SuperTale contributors,REUSE.toml aggregate annotation
frontend/src/lib/episode-nav.ts,Elastic-2.0,2026 SuperTale contributors,REUSE.toml aggregate annotation
frontend/src/lib/episode-stage-registry.ts,Elastic-2.0,2026 SuperTale contributors,REUSE.toml aggregate annotation
frontend/src/lib/episode-stats.ts,Elastic-2.0,2026 SuperTale contributors,REUSE.toml aggregate annotation
frontend/src/lib/feature-models.ts,Elastic-2.0,2026 SuperTale contributors,REUSE.toml aggregate annotation
frontend/src/lib/format-relative-time.ts,Elastic-2.0,2026 SuperTale contributors,REUSE.toml aggregate annotation
frontend/src/lib/freezone-canvas-runtime.ts,Elastic-2.0,2026 SuperTale contributors,REUSE.toml aggregate annotation
frontend/src/lib/freezone-url.ts,Elastic-2.0,2026 SuperTale contributors,REUSE.toml aggregate annotation
frontend/src/lib/home-handoff.ts,Elastic-2.0,2026 SuperTale contributors,REUSE.toml aggregate annotation
frontend/src/lib/literal-source-text.ts,Elastic-2.0,2026 SuperTale contributors,REUSE.toml aggregate annotation
frontend/src/lib/local-browser-presence.ts,Elastic-2.0,2026 SuperTale contributors,REUSE.toml aggregate annotation
frontend/src/lib/localStorageQuota.ts,Elastic-2.0,2026 SuperTale contributors,REUSE.toml aggregate annotation
frontend/src/lib/login-community.ts,Elastic-2.0,2026 SuperTale contributors,REUSE.toml aggregate annotation
frontend/src/lib/login-posters.ts,Elastic-2.0,2026 SuperTale contributors,REUSE.toml aggregate annotation
frontend/src/lib/mask-highlight.test.ts,Elastic-2.0,2026 SuperTale contributors,REUSE.toml aggregate annotation
frontend/src/lib/mask-highlight.ts,Elastic-2.0,2026 SuperTale contributors,REUSE.toml aggregate annotation
frontend/src/lib/media-url.ts,Elastic-2.0,2026 SuperTale contributors,REUSE.toml aggregate annotation
frontend/src/lib/mention-markers.ts,Elastic-2.0,2026 SuperTale contributors,REUSE.toml aggregate annotation
frontend/src/lib/nav-lock.ts,Elastic-2.0,2026 SuperTale contributors,REUSE.toml aggregate annotation
frontend/src/lib/observability.ts,Elastic-2.0,2026 SuperTale contributors,REUSE.toml aggregate annotation
frontend/src/lib/platform.ts,Elastic-2.0,2026 SuperTale contributors,REUSE.toml aggregate annotation
frontend/src/lib/product-identity.ts,Elastic-2.0,2026 SuperTale contributors,REUSE.toml aggregate annotation
frontend/src/lib/product-manual.ts,Elastic-2.0,2026 SuperTale contributors,REUSE.toml aggregate annotation
frontend/src/lib/product-mode.ts,Elastic-2.0,2026 SuperTale contributors,REUSE.toml aggregate annotation
frontend/src/lib/project-cover.ts,Elastic-2.0,2026 SuperTale contributors,REUSE.toml aggregate annotation
frontend/src/lib/project-permissions.ts,Elastic-2.0,2026 SuperTale contributors,REUSE.toml aggregate annotation
frontend/src/lib/project-route.ts,Elastic-2.0,2026 SuperTale contributors,REUSE.toml aggregate annotation
frontend/src/lib/queries/asset-references.ts,Elastic-2.0,2026 SuperTale contributors,REUSE.toml aggregate annotation
frontend/src/lib/queries/audio.ts,Elastic-2.0,2026 SuperTale contributors,REUSE.toml aggregate annotation
frontend/src/lib/queries/auth.ts,Elastic-2.0,2026 SuperTale contributors,REUSE.toml aggregate annotation
frontend/src/lib/queries/character-image-selection.ts,Elastic-2.0,2026 SuperTale contributors,REUSE.toml aggregate annotation
frontend/src/lib/queries/characters.ts,Elastic-2.0,2026 SuperTale contributors,REUSE.toml aggregate annotation
frontend/src/lib/queries/episodes.ts,Elastic-2.0,2026 SuperTale contributors,REUSE.toml aggregate annotation
frontend/src/lib/queries/freezone.ts,Elastic-2.0,2026 SuperTale contributors,REUSE.toml aggregate annotation
frontend/src/lib/queries/generation-credit-cost.ts,Elastic-2.0,2026 SuperTale contributors,REUSE.toml aggregate annotation
frontend/src/lib/queries/ingest.ts,Elastic-2.0,2026 SuperTale contributors,REUSE.toml aggregate annotation
frontend/src/lib/queries/model-gateway.ts,Elastic-2.0,2026 SuperTale contributors,REUSE.toml aggregate annotation
frontend/src/lib/queries/production.test.ts,Elastic-2.0,2026 SuperTale contributors,REUSE.toml aggregate annotation
frontend/src/lib/queries/production.ts,Elastic-2.0,2026 SuperTale contributors,REUSE.toml aggregate annotation
frontend/src/lib/queries/projects.ts,Elastic-2.0,2026 SuperTale contributors,REUSE.toml aggregate annotation
frontend/src/lib/queries/props.ts,Elastic-2.0,2026 SuperTale contributors,REUSE.toml aggregate annotation
frontend/src/lib/queries/release-notifications.ts,Elastic-2.0,2026 SuperTale contributors,REUSE.toml aggregate annotation
frontend/src/lib/queries/render-plan.ts,Elastic-2.0,2026 SuperTale contributors,REUSE.toml aggregate annotation
frontend/src/lib/queries/render-settings.ts,Elastic-2.0,2026 SuperTale contributors,REUSE.toml aggregate annotation
frontend/src/lib/queries/scenes.ts,Elastic-2.0,2026 SuperTale contributors,REUSE.toml aggregate annotation
frontend/src/lib/queries/scripts.ts,Elastic-2.0,2026 SuperTale contributors,REUSE.toml aggregate annotation
frontend/src/lib/queries/sketch-image-usage.ts,Elastic-2.0,2026 SuperTale contributors,REUSE.toml aggregate annotation
frontend/src/lib/queries/sketch-pose-editor.ts,Elastic-2.0,2026 SuperTale contributors,REUSE.toml aggregate annotation
frontend/src/lib/queries/sketch-regen-queue.ts,Elastic-2.0,2026 SuperTale contributors,REUSE.toml aggregate annotation
frontend/src/lib/queries/sketch-settings.ts,Elastic-2.0,2026 SuperTale contributors,REUSE.toml aggregate annotation
frontend/src/lib/queries/sketches.ts,Elastic-2.0,2026 SuperTale contributors,REUSE.toml aggregate annotation
frontend/src/lib/queries/story-lab.ts,Elastic-2.0,2026 SuperTale contributors,REUSE.toml aggregate annotation
frontend/src/lib/queries/styles.ts,Elastic-2.0,2026 SuperTale contributors,REUSE.toml aggregate annotation
frontend/src/lib/queries/tasks.ts,Elastic-2.0,2026 SuperTale contributors,REUSE.toml aggregate annotation
frontend/src/lib/queries/verification.ts,Elastic-2.0,2026 SuperTale contributors,REUSE.toml aggregate annotation
frontend/src/lib/queries/video.ts,Elastic-2.0,2026 SuperTale contributors,REUSE.toml aggregate annotation
frontend/src/lib/queries/workflow-runs.ts,Elastic-2.0,2026 SuperTale contributors,REUSE.toml aggregate annotation
frontend/src/lib/query-keys.ts,Elastic-2.0,2026 SuperTale contributors,REUSE.toml aggregate annotation
frontend/src/lib/react-root.ts,Elastic-2.0,2026 SuperTale contributors,REUSE.toml aggregate annotation
frontend/src/lib/regen-modes.ts,Elastic-2.0,2026 SuperTale contributors,REUSE.toml aggregate annotation
frontend/src/lib/region-abort.ts,Elastic-2.0,2026 SuperTale contributors,REUSE.toml aggregate annotation
frontend/src/lib/region-cookie.ts,Elastic-2.0,2026 SuperTale contributors,REUSE.toml aggregate annotation
frontend/src/lib/region-switch.ts,Elastic-2.0,2026 SuperTale contributors,REUSE.toml aggregate annotation
frontend/src/lib/region-tab-sync.ts,Elastic-2.0,2026 SuperTale contributors,REUSE.toml aggregate annotation
frontend/src/lib/relative-time.ts,Elastic-2.0,2026 SuperTale contributors,REUSE.toml aggregate annotation
frontend/src/lib/release-notification-state.ts,Elastic-2.0,2026 SuperTale contributors,REUSE.toml aggregate annotation
frontend/src/lib/reset-region-state.ts,Elastic-2.0,2026 SuperTale contributors,REUSE.toml aggregate annotation
frontend/src/lib/resolve-image.ts,Elastic-2.0,2026 SuperTale contributors,REUSE.toml aggregate annotation
frontend/src/lib/runtime-config.ts,Elastic-2.0,2026 SuperTale contributors,REUSE.toml aggregate annotation
frontend/src/lib/scene-ref.ts,Elastic-2.0,2026 SuperTale contributors,REUSE.toml aggregate annotation
frontend/src/lib/scene-type.ts,Elastic-2.0,2026 SuperTale contributors,REUSE.toml aggregate annotation
frontend/src/lib/script-feedback.ts,Elastic-2.0,2026 SuperTale contributors,REUSE.toml aggregate annotation
frontend/src/lib/session-expiry.ts,Elastic-2.0,2026 SuperTale contributors,REUSE.toml aggregate annotation
frontend/src/lib/sha1.ts,Elastic-2.0,2026 SuperTale contributors,REUSE.toml aggregate annotation
frontend/src/lib/sketch-colors.ts,Elastic-2.0,2026 SuperTale contributors,REUSE.toml aggregate annotation
frontend/src/lib/sketch-pose-editor-model.ts,Elastic-2.0,2026 SuperTale contributors,REUSE.toml aggregate annotation
frontend/src/lib/spec-render/SpecRenderer.tsx,Elastic-2.0,2026 SuperTale contributors,REUSE.toml aggregate annotation
frontend/src/lib/spec-render/assets/loading.mp4,Elastic-2.0,2026 SuperTale contributors,REUSE.toml aggregate annotation
frontend/src/lib/spec-render/cast-list.tsx,Elastic-2.0,2026 SuperTale contributors,REUSE.toml aggregate annotation
frontend/src/lib/spec-render/components.tsx,Elastic-2.0,2026 SuperTale contributors,REUSE.toml aggregate annotation
frontend/src/lib/spec-render/context.tsx,Elastic-2.0,2026 SuperTale contributors,REUSE.toml aggregate annotation
frontend/src/lib/spec-render/core.tsx,Elastic-2.0,2026 SuperTale contributors,REUSE.toml aggregate annotation
frontend/src/lib/spec-render/dialog.tsx,Elastic-2.0,2026 SuperTale contributors,REUSE.toml aggregate annotation
frontend/src/lib/spec-render/index.ts,Elastic-2.0,2026 SuperTale contributors,REUSE.toml aggregate annotation
frontend/src/lib/spec-render/loading-video.ts,Elastic-2.0,2026 SuperTale contributors,REUSE.toml aggregate annotation
frontend/src/lib/spec-render/media-utils.tsx,Elastic-2.0,2026 SuperTale contributors,REUSE.toml aggregate annotation
frontend/src/lib/spec-render/modals/image-detail-modal.tsx,Elastic-2.0,2026 SuperTale contributors,REUSE.toml aggregate annotation
frontend/src/lib/spec-render/modals/video-detail-modal.tsx,Elastic-2.0,2026 SuperTale contributors,REUSE.toml aggregate annotation
frontend/src/lib/spec-render/renderers/character-showcase.tsx,Elastic-2.0,2026 SuperTale contributors,REUSE.toml aggregate annotation
frontend/src/lib/spec-render/renderers/episode-breakdown.tsx,Elastic-2.0,2026 SuperTale contributors,REUSE.toml aggregate annotation
frontend/src/lib/spec-render/renderers/keyframe-video.tsx,Elastic-2.0,2026 SuperTale contributors,REUSE.toml aggregate annotation
frontend/src/lib/spec-render/renderers/longform-story.tsx,Elastic-2.0,2026 SuperTale contributors,REUSE.toml aggregate annotation
frontend/src/lib/spec-render/renderers/script-overview.tsx,Elastic-2.0,2026 SuperTale contributors,REUSE.toml aggregate annotation
frontend/src/lib/spec-render/renderers/shared.tsx,Elastic-2.0,2026 SuperTale contributors,REUSE.toml aggregate annotation
frontend/src/lib/spec-render/renderers/sketch-gallery.test.tsx,Elastic-2.0,2026 SuperTale contributors,REUSE.toml aggregate annotation
frontend/src/lib/spec-render/renderers/sketch-gallery.tsx,Elastic-2.0,2026 SuperTale contributors,REUSE.toml aggregate annotation
frontend/src/lib/spec-render/root-renderers.tsx,Elastic-2.0,2026 SuperTale contributors,REUSE.toml aggregate annotation
frontend/src/lib/spec-render/showcase-components.tsx,Elastic-2.0,2026 SuperTale contributors,REUSE.toml aggregate annotation
frontend/src/lib/spec-render/spec-helpers.ts,Elastic-2.0,2026 SuperTale contributors,REUSE.toml aggregate annotation
frontend/src/lib/spec-render/spec.ts,Elastic-2.0,2026 SuperTale contributors,REUSE.toml aggregate annotation
frontend/src/lib/spec-render/styles.css,Elastic-2.0,2026 SuperTale contributors,REUSE.toml aggregate annotation
frontend/src/lib/spec-render/tailwind.css,Elastic-2.0,2026 SuperTale contributors,REUSE.toml aggregate annotation
frontend/src/lib/spec-render/tilt-card.tsx,Elastic-2.0,2026 SuperTale contributors,REUSE.toml aggregate annotation
frontend/src/lib/spec-render/types.ts,Elastic-2.0,2026 SuperTale contributors,REUSE.toml aggregate annotation
frontend/src/lib/spec-render/utils.ts,Elastic-2.0,2026 SuperTale contributors,REUSE.toml aggregate annotation
frontend/src/lib/style-preview-url.ts,Elastic-2.0,2026 SuperTale contributors,REUSE.toml aggregate annotation
frontend/src/lib/task-scope.test.ts,Elastic-2.0,2026 SuperTale contributors,REUSE.toml aggregate annotation
frontend/src/lib/task-scope.ts,Elastic-2.0,2026 SuperTale contributors,REUSE.toml aggregate annotation
frontend/src/lib/task-types.ts,Elastic-2.0,2026 SuperTale contributors,REUSE.toml aggregate annotation
frontend/src/lib/time-of-day.ts,Elastic-2.0,2026 SuperTale contributors,REUSE.toml aggregate annotation
frontend/src/lib/url-params.ts,Elastic-2.0,2026 SuperTale contributors,REUSE.toml aggregate annotation
frontend/src/lib/useDevicePixelRatio.ts,Elastic-2.0,2026 SuperTale contributors,REUSE.toml aggregate annotation
frontend/src/lib/utils.ts,Elastic-2.0,2026 SuperTale contributors,REUSE.toml aggregate annotation
frontend/src/lib/version-update-watch.ts,Elastic-2.0,2026 SuperTale contributors,REUSE.toml aggregate annotation
frontend/src/login-posters.json,Elastic-2.0,2026 SuperTale contributors,REUSE.toml aggregate annotation
frontend/src/main.tsx,Elastic-2.0,2026 SuperTale contributors,REUSE.toml aggregate annotation
frontend/src/pipeline-import/CompareDialog.tsx,Elastic-2.0,2026 SuperTale contributors,REUSE.toml aggregate annotation
frontend/src/pipeline-import/CreateIdentityDialog.tsx,Elastic-2.0,2026 SuperTale contributors,REUSE.toml aggregate annotation
frontend/src/pipeline-import/ExtractFramesDialog.tsx,Elastic-2.0,2026 SuperTale contributors,REUSE.toml aggregate annotation
frontend/src/pipeline-import/ImportPanel.tsx,Elastic-2.0,2026 SuperTale contributors,REUSE.toml aggregate annotation
frontend/src/pipeline-import/MaskEditor.tsx,Elastic-2.0,2026 SuperTale contributors,REUSE.toml aggregate annotation
frontend/src/pipeline-import/VideoReferenceDialog.tsx,Elastic-2.0,2026 SuperTale contributors,REUSE.toml aggregate annotation
frontend/src/pipeline-import/importToCanvas.ts,Elastic-2.0,2026 SuperTale contributors,REUSE.toml aggregate annotation
frontend/src/routeTree.gen.ts,Elastic-2.0,2026 SuperTale contributors,REUSE.toml aggregate annotation
frontend/src/routes/__root.tsx,Elastic-2.0,2026 SuperTale contributors,REUSE.toml aggregate annotation
frontend/src/routes/_app.tsx,Elastic-2.0,2026 SuperTale contributors,REUSE.toml aggregate annotation
frontend/src/routes/_app/index.tsx,Elastic-2.0,2026 SuperTale contributors,REUSE.toml aggregate annotation
frontend/src/routes/_app/projects.$project/assistant.tsx,Elastic-2.0,2026 SuperTale contributors,REUSE.toml aggregate annotation
frontend/src/routes/_app/projects.$project/characters.lazy.tsx,Elastic-2.0,2026 SuperTale contributors,REUSE.toml aggregate annotation
frontend/src/routes/_app/projects.$project/episodes.$episode/audio.lazy.tsx,Elastic-2.0,2026 SuperTale contributors,REUSE.toml aggregate annotation
frontend/src/routes/_app/projects.$project/episodes.$episode/beats.lazy.tsx,Elastic-2.0,2026 SuperTale contributors,REUSE.toml aggregate annotation
frontend/src/routes/_app/projects.$project/episodes.$episode/compose.lazy.tsx,Elastic-2.0,2026 SuperTale contributors,REUSE.toml aggregate annotation
frontend/src/routes/_app/projects.$project/episodes.$episode/index.lazy.tsx,Elastic-2.0,2026 SuperTale contributors,REUSE.toml aggregate annotation
frontend/src/routes/_app/projects.$project/episodes.$episode/overview.lazy.tsx,Elastic-2.0,2026 SuperTale contributors,REUSE.toml aggregate annotation
frontend/src/routes/_app/projects.$project/episodes.$episode/script.lazy.tsx,Elastic-2.0,2026 SuperTale contributors,REUSE.toml aggregate annotation
frontend/src/routes/_app/projects.$project/episodes.$episode/sketches.lazy.tsx,Elastic-2.0,2026 SuperTale contributors,REUSE.toml aggregate annotation
frontend/src/routes/_app/projects.$project/episodes.$episode/video.lazy.tsx,Elastic-2.0,2026 SuperTale contributors,REUSE.toml aggregate annotation
frontend/src/routes/_app/projects.$project/episodes.tsx,Elastic-2.0,2026 SuperTale contributors,REUSE.toml aggregate annotation
frontend/src/routes/_app/projects.$project/freezone.lazy.tsx,Elastic-2.0,2026 SuperTale contributors,REUSE.toml aggregate annotation
frontend/src/routes/_app/projects.$project/ingest.tsx,Elastic-2.0,2026 SuperTale contributors,REUSE.toml aggregate annotation
frontend/src/routes/_app/projects.$project/making.tsx,Elastic-2.0,2026 SuperTale contributors,REUSE.toml aggregate annotation
frontend/src/routes/_app/projects.$project/production.tsx,Elastic-2.0,2026 SuperTale contributors,REUSE.toml aggregate annotation
frontend/src/routes/_app/projects.$project/story-lab.tsx,Elastic-2.0,2026 SuperTale contributors,REUSE.toml aggregate annotation
frontend/src/routes/_app/projects.$project/styles.tsx,Elastic-2.0,2026 SuperTale contributors,REUSE.toml aggregate annotation
frontend/src/routes/_app/projects.$project/tasks.tsx,Elastic-2.0,2026 SuperTale contributors,REUSE.toml aggregate annotation
frontend/src/routes/login.tsx,Elastic-2.0,2026 SuperTale contributors,REUSE.toml aggregate annotation
frontend/src/routes/watch.$work.tsx,Elastic-2.0,2026 SuperTale contributors,REUSE.toml aggregate annotation
frontend/src/stores/app-store.ts,Elastic-2.0,2026 SuperTale contributors,REUSE.toml aggregate annotation
frontend/src/stores/aspect-ratio-store.ts,Elastic-2.0,2026 SuperTale contributors,REUSE.toml aggregate annotation
frontend/src/stores/assetDropStore.ts,Elastic-2.0,2026 SuperTale contributors,REUSE.toml aggregate annotation
frontend/src/stores/auth-store.ts,Elastic-2.0,2026 SuperTale contributors,REUSE.toml aggregate annotation
frontend/src/stores/canvasStore.ts,Elastic-2.0,2026 SuperTale contributors,REUSE.toml aggregate annotation
frontend/src/stores/episode-workbench-store.ts,Elastic-2.0,2026 SuperTale contributors,REUSE.toml aggregate annotation
frontend/src/stores/project-nav-store.ts,Elastic-2.0,2026 SuperTale contributors,REUSE.toml aggregate annotation
frontend/src/stores/region-store.ts,Elastic-2.0,2026 SuperTale contributors,REUSE.toml aggregate annotation
frontend/src/stores/save-status-store.ts,Elastic-2.0,2026 SuperTale contributors,REUSE.toml aggregate annotation
frontend/src/stores/seen-pool-store.ts,Elastic-2.0,2026 SuperTale contributors,REUSE.toml aggregate annotation
frontend/src/stores/settingsStore.ts,Elastic-2.0,2026 SuperTale contributors,REUSE.toml aggregate annotation
frontend/src/stores/themeStore.ts,Elastic-2.0,2026 SuperTale contributors,REUSE.toml aggregate annotation
frontend/src/task-center/canvas-task-projection.test.ts,Elastic-2.0,2026 SuperTale contributors,REUSE.toml aggregate annotation
frontend/src/task-center/canvas-task-projection.ts,Elastic-2.0,2026 SuperTale contributors,REUSE.toml aggregate annotation
frontend/src/task-center/derivations.ts,Elastic-2.0,2026 SuperTale contributors,REUSE.toml aggregate annotation
frontend/src/task-center/event-bus-context.ts,Elastic-2.0,2026 SuperTale contributors,REUSE.toml aggregate annotation
frontend/src/task-center/event-bus.ts,Elastic-2.0,2026 SuperTale contributors,REUSE.toml aggregate annotation
frontend/src/task-center/matchers.ts,Elastic-2.0,2026 SuperTale contributors,REUSE.toml aggregate annotation
frontend/src/task-center/provider.tsx,Elastic-2.0,2026 SuperTale contributors,REUSE.toml aggregate annotation
frontend/src/task-center/store.ts,Elastic-2.0,2026 SuperTale contributors,REUSE.toml aggregate annotation
frontend/src/task-center/stream-client.ts,Elastic-2.0,2026 SuperTale contributors,REUSE.toml aggregate annotation
frontend/src/task-center/task-errors.ts,Elastic-2.0,2026 SuperTale contributors,REUSE.toml aggregate annotation
frontend/src/task-center/types.ts,Elastic-2.0,2026 SuperTale contributors,REUSE.toml aggregate annotation
frontend/src/task-center/use-task-activity.ts,Elastic-2.0,2026 SuperTale contributors,REUSE.toml aggregate annotation
frontend/src/task-center/use-task-subscribe.ts,Elastic-2.0,2026 SuperTale contributors,REUSE.toml aggregate annotation
frontend/src/types/api.ts,Elastic-2.0,2026 SuperTale contributors,REUSE.toml aggregate annotation
frontend/src/types/beat-state.ts,Elastic-2.0,2026 SuperTale contributors,REUSE.toml aggregate annotation
frontend/src/types/character.ts,Elastic-2.0,2026 SuperTale contributors,REUSE.toml aggregate annotation
frontend/src/types/chat-attachment.ts,Elastic-2.0,2026 SuperTale contributors,REUSE.toml aggregate annotation
frontend/src/types/episode.ts,Elastic-2.0,2026 SuperTale contributors,REUSE.toml aggregate annotation
frontend/src/types/generation.ts,Elastic-2.0,2026 SuperTale contributors,REUSE.toml aggregate annotation
frontend/src/types/login.ts,Elastic-2.0,2026 SuperTale contributors,REUSE.toml aggregate annotation
frontend/src/types/production.ts,Elastic-2.0,2026 SuperTale contributors,REUSE.toml aggregate annotation
frontend/src/types/project.ts,Elastic-2.0,2026 SuperTale contributors,REUSE.toml aggregate annotation
frontend/src/types/prop.ts,Elastic-2.0,2026 SuperTale contributors,REUSE.toml aggregate annotation
frontend/src/types/render-plan.ts,Elastic-2.0,2026 SuperTale contributors,REUSE.toml aggregate annotation
frontend/src/types/scene.ts,Elastic-2.0,2026 SuperTale contributors,REUSE.toml aggregate annotation
frontend/src/types/script.ts,Elastic-2.0,2026 SuperTale contributors,REUSE.toml aggregate annotation
frontend/src/types/story-lab.ts,Elastic-2.0,2026 SuperTale contributors,REUSE.toml aggregate annotation
frontend/src/types/style.ts,Elastic-2.0,2026 SuperTale contributors,REUSE.toml aggregate annotation
frontend/src/types/task.ts,Elastic-2.0,2026 SuperTale contributors,REUSE.toml aggregate annotation
frontend/src/types/workflow-runtime.ts,Elastic-2.0,2026 SuperTale contributors,REUSE.toml aggregate annotation
frontend/src/vite-env.d.ts,Elastic-2.0,2026 SuperTale contributors,REUSE.toml aggregate annotation
frontend/tsconfig.app.json,Elastic-2.0,2026 SuperTale contributors,REUSE.toml aggregate annotation
frontend/tsconfig.json,Elastic-2.0,2026 SuperTale contributors,REUSE.toml aggregate annotation
frontend/tsconfig.node.json,Elastic-2.0,2026 SuperTale contributors,REUSE.toml aggregate annotation
frontend/vite.config.ts,Elastic-2.0,2026 SuperTale contributors,REUSE.toml aggregate annotation
frontend/vitest.config.ts,Elastic-2.0,2026 SuperTale contributors,REUSE.toml aggregate annotation
license-inventory.csv,Elastic-2.0,2026 SuperTale contributors,REUSE.toml aggregate annotation
pyproject.toml,Elastic-2.0,2026 SuperTale contributors,REUSE.toml aggregate annotation
readme/README_zh.md,Elastic-2.0,2026 SuperTale contributors,REUSE.toml aggregate annotation
sbom.spdx.json,Elastic-2.0,2026 SuperTale contributors,REUSE.toml aggregate annotation
scripts/Deploy-VillageInfiniteCanvas.ps1,Elastic-2.0,2026 SuperTale contributors,REUSE.toml aggregate annotation
scripts/Protect-LocalGatewaySecrets.ps1,Elastic-2.0,2026 SuperTale contributors,REUSE.toml aggregate annotation
scripts/Rollback-VillageInfiniteCanvas.ps1,Elastic-2.0,2026 SuperTale contributors,REUSE.toml aggregate annotation
scripts/acceptance/api_coverage_report.py,Elastic-2.0,2026 SuperTale contributors,REUSE.toml aggregate annotation
scripts/acceptance/chain_doctor.py,Elastic-2.0,2026 SuperTale contributors,REUSE.toml aggregate annotation
scripts/acceptance/checks/m05.sh,Elastic-2.0,2026 SuperTale contributors,REUSE.toml aggregate annotation
scripts/acceptance/compose_audio_preview_smoke.py,Elastic-2.0,2026 SuperTale contributors,REUSE.toml aggregate annotation
scripts/acceptance/direct_video_family_probe.py,Elastic-2.0,2026 SuperTale contributors,REUSE.toml aggregate annotation
scripts/acceptance/direct_video_h3_smoke.py,Elastic-2.0,2026 SuperTale contributors,REUSE.toml aggregate annotation
scripts/acceptance/film_cut_windows.py,Elastic-2.0,2026 SuperTale contributors,REUSE.toml aggregate annotation
scripts/acceptance/fixtures/current-film-ending-notes-20261007.json,Elastic-2.0,2026 SuperTale contributors,REUSE.toml aggregate annotation
scripts/acceptance/fixtures/last_ferry_continuity_plan.json,Elastic-2.0,2026 SuperTale contributors,REUSE.toml aggregate annotation
scripts/acceptance/fixtures/last_ferry_director_treatment.md,Elastic-2.0,2026 SuperTale contributors,REUSE.toml aggregate annotation
scripts/acceptance/fixtures/last_ferry_h3_long_dialogue_plan.json,Elastic-2.0,2026 SuperTale contributors,REUSE.toml aggregate annotation
scripts/acceptance/fixtures/last_ferry_native_dialogue_plan.json,Elastic-2.0,2026 SuperTale contributors,REUSE.toml aggregate annotation
scripts/acceptance/fixtures/last_ferry_native_dialogue_plan_v2.json,Elastic-2.0,2026 SuperTale contributors,REUSE.toml aggregate annotation
scripts/acceptance/fixtures/parkour-screening-notes-20261007.json,Elastic-2.0,2026 SuperTale contributors,REUSE.toml aggregate annotation
scripts/acceptance/fixtures/second-film-screening-notes-20261007.json,Elastic-2.0,2026 SuperTale contributors,REUSE.toml aggregate annotation
scripts/acceptance/foss_only_e2e.sh,Elastic-2.0,2026 SuperTale contributors,REUSE.toml aggregate annotation
scripts/acceptance/freezone_continuity_film_smoke.py,Elastic-2.0,2026 SuperTale contributors,REUSE.toml aggregate annotation
scripts/acceptance/freezone_continuity_post_dialogue.py,Elastic-2.0,2026 SuperTale contributors,REUSE.toml aggregate annotation
scripts/acceptance/freezone_full_film_smoke.py,Elastic-2.0,2026 SuperTale contributors,REUSE.toml aggregate annotation
scripts/acceptance/freezone_h3_native_dialogue_batch.py,Elastic-2.0,2026 SuperTale contributors,REUSE.toml aggregate annotation
scripts/acceptance/freezone_h3_native_dialogue_probe.py,Elastic-2.0,2026 SuperTale contributors,REUSE.toml aggregate annotation
scripts/acceptance/hollywood_60s_fixture.py,Elastic-2.0,2026 SuperTale contributors,REUSE.toml aggregate annotation
scripts/acceptance/manual/README.md,Elastic-2.0,2026 SuperTale contributors,REUSE.toml aggregate annotation
scripts/acceptance/manual/paid_agent_video_ab.py,Elastic-2.0,2026 SuperTale contributors,REUSE.toml aggregate annotation
scripts/acceptance/model_input_quality_readonly_smoke.py,Elastic-2.0,2026 SuperTale contributors,REUSE.toml aggregate annotation
scripts/acceptance/original_mode_no_paid_smoke.py,Elastic-2.0,2026 SuperTale contributors,REUSE.toml aggregate annotation
scripts/acceptance/rq004_video_capability_mapping_live_http.py,Elastic-2.0,2026 SuperTale contributors,REUSE.toml aggregate annotation
scripts/acceptance/rq005_shot_scoped_retry_live_http.py,Elastic-2.0,2026 SuperTale contributors,REUSE.toml aggregate annotation
scripts/acceptance/rq006_runtime_resume_no_paid.py,Elastic-2.0,2026 SuperTale contributors,REUSE.toml aggregate annotation
scripts/acceptance/rq006_runtime_resume_smoke.py,Elastic-2.0,2026 SuperTale contributors,REUSE.toml aggregate annotation
scripts/acceptance/run.sh,Elastic-2.0,2026 SuperTale contributors,REUSE.toml aggregate annotation
scripts/acceptance/script_asset_review_live_smoke.py,Elastic-2.0,2026 SuperTale contributors,REUSE.toml aggregate annotation
scripts/acceptance/script_asset_review_smoke.py,Elastic-2.0,2026 SuperTale contributors,REUSE.toml aggregate annotation
scripts/acceptance/script_director_ui_smoke.py,Elastic-2.0,2026 SuperTale contributors,REUSE.toml aggregate annotation
scripts/acceptance/script_rough_media_smoke.py,Elastic-2.0,2026 SuperTale contributors,REUSE.toml aggregate annotation
scripts/acceptance/script_video_review_smoke.py,Elastic-2.0,2026 SuperTale contributors,REUSE.toml aggregate annotation
scripts/acceptance/skill_boundaries_paid_probe.py,Elastic-2.0,2026 SuperTale contributors,REUSE.toml aggregate annotation
scripts/acceptance/t049_gemini_image_live.py,Elastic-2.0,2026 SuperTale contributors,REUSE.toml aggregate annotation
scripts/acceptance/t094_asset_binding_repair_live_http.py,Elastic-2.0,2026 SuperTale contributors,REUSE.toml aggregate annotation
scripts/acceptance/t095_asset_binding_readiness_live_http.py,Elastic-2.0,2026 SuperTale contributors,REUSE.toml aggregate annotation
scripts/acceptance/t096_asset_binding_repair_ui.cjs,Elastic-2.0,2026 SuperTale contributors,REUSE.toml aggregate annotation
scripts/acceptance/t097_media_authorization_ui.cjs,Elastic-2.0,2026 SuperTale contributors,REUSE.toml aggregate annotation
scripts/acceptance/t098_shot_video_authorization_ui.py,Elastic-2.0,2026 SuperTale contributors,REUSE.toml aggregate annotation
scripts/acceptance/t100_canvas_script_reuse_ui.cjs,Elastic-2.0,2026 SuperTale contributors,REUSE.toml aggregate annotation
scripts/acceptance/t106_one_turn_one_authorization_browser_film.cjs,Elastic-2.0,2026 SuperTale contributors,REUSE.toml aggregate annotation
scripts/acceptance/t107_atomic_paid_start_budget.py,Elastic-2.0,2026 SuperTale contributors,REUSE.toml aggregate annotation
scripts/acceptance/t111_real_execution_bridge.py,Elastic-2.0,2026 SuperTale contributors,REUSE.toml aggregate annotation
scripts/acceptance/t112_real_execution_adapter.cjs,Elastic-2.0,2026 SuperTale contributors,REUSE.toml aggregate annotation
scripts/acceptance/t112_real_execution_adapter.py,Elastic-2.0,2026 SuperTale contributors,REUSE.toml aggregate annotation
scripts/acceptance/t113_paid_sample_runner.py,Elastic-2.0,2026 SuperTale contributors,REUSE.toml aggregate annotation
scripts/acceptance/t113_production_8784.cjs,Elastic-2.0,2026 SuperTale contributors,REUSE.toml aggregate annotation
scripts/acceptance/t113_production_8784_runner.py,Elastic-2.0,2026 SuperTale contributors,REUSE.toml aggregate annotation
scripts/acceptance/t113_real_provider_proxy.py,Elastic-2.0,2026 SuperTale contributors,REUSE.toml aggregate annotation
scripts/acceptance/t113_single_shot_paid_l3.py,Elastic-2.0,2026 SuperTale contributors,REUSE.toml aggregate annotation
scripts/acceptance/t135_startup_receipt_recovery.py,Elastic-2.0,2026 SuperTale contributors,REUSE.toml aggregate annotation
scripts/acceptance/t151_production_plan_8784_smoke.py,Elastic-2.0,2026 SuperTale contributors,REUSE.toml aggregate annotation
scripts/acceptance/t152_scene_audio_8784_smoke.py,Elastic-2.0,2026 SuperTale contributors,REUSE.toml aggregate annotation
scripts/acceptance/t153_shot_continuity_8784.py,Elastic-2.0,2026 SuperTale contributors,REUSE.toml aggregate annotation
scripts/acceptance/t154_camera_direction_8784.py,Elastic-2.0,2026 SuperTale contributors,REUSE.toml aggregate annotation
scripts/acceptance/t156_state_sql_8784.py,Elastic-2.0,2026 SuperTale contributors,REUSE.toml aggregate annotation
scripts/acceptance/t157_account_avatar_8784.py,Elastic-2.0,2026 SuperTale contributors,REUSE.toml aggregate annotation
scripts/acceptance/t157_avatar_ui_8784.py,Elastic-2.0,2026 SuperTale contributors,REUSE.toml aggregate annotation
scripts/acceptance/t170_scene_alias_judgment_live.py,Elastic-2.0,2026 SuperTale contributors,REUSE.toml aggregate annotation
scripts/acceptance/t219_agent_ledger_resume_no_paid.py,Elastic-2.0,2026 SuperTale contributors,REUSE.toml aggregate annotation
scripts/acceptance/tour_8784.py,Elastic-2.0,2026 SuperTale contributors,REUSE.toml aggregate annotation
scripts/ai_project_snapshot.py,Elastic-2.0,2026 SuperTale contributors,REUSE.toml aggregate annotation
scripts/architecture/agent_tool_surface.json,Elastic-2.0,2026 SuperTale contributors,REUSE.toml aggregate annotation
scripts/architecture/aggregate_canvas_ab.py,Elastic-2.0,2026 SuperTale contributors,REUSE.toml aggregate annotation
scripts/architecture/architecture_manifest.json,Elastic-2.0,2026 SuperTale contributors,REUSE.toml aggregate annotation
scripts/architecture/architecture_manifest.py,Elastic-2.0,2026 SuperTale contributors,REUSE.toml aggregate annotation
scripts/architecture/audit_execution_entrypoints.py,Elastic-2.0,2026 SuperTale contributors,REUSE.toml aggregate annotation
scripts/architecture/audit_layer_closure.py,Elastic-2.0,2026 SuperTale contributors,REUSE.toml aggregate annotation
scripts/architecture/check_agent_tool_surface.py,Elastic-2.0,2026 SuperTale contributors,REUSE.toml aggregate annotation
scripts/architecture/check_feature_boundaries.py,Elastic-2.0,2026 SuperTale contributors,REUSE.toml aggregate annotation
scripts/architecture/check_file_sizes.py,Elastic-2.0,2026 SuperTale contributors,REUSE.toml aggregate annotation
scripts/architecture/check_import_boundaries.py,Elastic-2.0,2026 SuperTale contributors,REUSE.toml aggregate annotation
scripts/architecture/compare_canvas_ab.py,Elastic-2.0,2026 SuperTale contributors,REUSE.toml aggregate annotation
scripts/architecture/domain_boundaries.json,Elastic-2.0,2026 SuperTale contributors,REUSE.toml aggregate annotation
scripts/architecture/export_ai_change_context.py,Elastic-2.0,2026 SuperTale contributors,REUSE.toml aggregate annotation
scripts/architecture/export_archify_snapshot.py,Elastic-2.0,2026 SuperTale contributors,REUSE.toml aggregate annotation
scripts/architecture/feature_boundaries.json,Elastic-2.0,2026 SuperTale contributors,REUSE.toml aggregate annotation
scripts/architecture/file_size_baseline.json,Elastic-2.0,2026 SuperTale contributors,REUSE.toml aggregate annotation
scripts/architecture/measure_canvas_browser_interaction.py,Elastic-2.0,2026 SuperTale contributors,REUSE.toml aggregate annotation
scripts/architecture/measure_canvas_build_pair.py,Elastic-2.0,2026 SuperTale contributors,REUSE.toml aggregate annotation
scripts/architecture/measure_cross_process_resume.py,Elastic-2.0,2026 SuperTale contributors,REUSE.toml aggregate annotation
scripts/architecture/measure_task_browser_observation.py,Elastic-2.0,2026 SuperTale contributors,REUSE.toml aggregate annotation
scripts/architecture/measure_task_historical_pair.py,Elastic-2.0,2026 SuperTale contributors,REUSE.toml aggregate annotation
scripts/architecture/measure_task_read_contention.py,Elastic-2.0,2026 SuperTale contributors,REUSE.toml aggregate annotation
scripts/architecture/measure_task_read_pair.py,Elastic-2.0,2026 SuperTale contributors,REUSE.toml aggregate annotation
scripts/architecture/measure_task_writer_historical_pair.py,Elastic-2.0,2026 SuperTale contributors,REUSE.toml aggregate annotation
scripts/architecture/measure_video_submission_io.py,Elastic-2.0,2026 SuperTale contributors,REUSE.toml aggregate annotation
scripts/architecture/measure_websocket_frames.py,Elastic-2.0,2026 SuperTale contributors,REUSE.toml aggregate annotation
scripts/architecture/measure_workflow_run_runtime_io.py,Elastic-2.0,2026 SuperTale contributors,REUSE.toml aggregate annotation
scripts/architecture/measure_workflow_scope_index.py,Elastic-2.0,2026 SuperTale contributors,REUSE.toml aggregate annotation
scripts/architecture/measure_workflow_sse_http_pair.py,Elastic-2.0,2026 SuperTale contributors,REUSE.toml aggregate annotation
scripts/architecture/measure_workflow_sse_read_pair.py,Elastic-2.0,2026 SuperTale contributors,REUSE.toml aggregate annotation
scripts/architecture/measure_workflow_task_io_runtime.py,Elastic-2.0,2026 SuperTale contributors,REUSE.toml aggregate annotation
scripts/architecture/probe_durable_process_restart.py,Elastic-2.0,2026 SuperTale contributors,REUSE.toml aggregate annotation
scripts/architecture/probe_paid_video_resume.py,Elastic-2.0,2026 SuperTale contributors,REUSE.toml aggregate annotation
scripts/architecture/profile_canvas_gesture.py,Elastic-2.0,2026 SuperTale contributors,REUSE.toml aggregate annotation
scripts/architecture/rehearse_deploy_rollback.py,Elastic-2.0,2026 SuperTale contributors,REUSE.toml aggregate annotation
scripts/architecture/serve_spa.py,Elastic-2.0,2026 SuperTale contributors,REUSE.toml aggregate annotation
scripts/architecture/validate_architecture_manifest.py,Elastic-2.0,2026 SuperTale contributors,REUSE.toml aggregate annotation
scripts/architecture/validate_capability_register.py,Elastic-2.0,2026 SuperTale contributors,REUSE.toml aggregate annotation
scripts/architecture/verify_deploy_rollback.py,Elastic-2.0,2026 SuperTale contributors,REUSE.toml aggregate annotation
scripts/ce_allowlist.py,Elastic-2.0,2026 SuperTale contributors,REUSE.toml aggregate annotation
scripts/check_ce_port_closure.py,Elastic-2.0,2026 SuperTale contributors,REUSE.toml aggregate annotation
scripts/check_dco.py,Elastic-2.0,2026 SuperTale contributors,REUSE.toml aggregate annotation
scripts/check_dependency_licenses.py,Elastic-2.0,2026 SuperTale contributors,REUSE.toml aggregate annotation
scripts/check_env_config.py,Elastic-2.0,2026 SuperTale contributors,REUSE.toml aggregate annotation
scripts/check_product_identity.py,Elastic-2.0,2026 SuperTale contributors,REUSE.toml aggregate annotation
scripts/ci/generate_verified_snapshot.py,Elastic-2.0,2026 SuperTale contributors,REUSE.toml aggregate annotation
scripts/ci/quality_targets.json,Elastic-2.0,2026 SuperTale contributors,REUSE.toml aggregate annotation
scripts/ci/validate_node_capability_parity.py,Elastic-2.0,2026 SuperTale contributors,REUSE.toml aggregate annotation
scripts/ci/validate_quality_targets.py,Elastic-2.0,2026 SuperTale contributors,REUSE.toml aggregate annotation
scripts/codex_checkpoint.ps1,Elastic-2.0,2026 SuperTale contributors,REUSE.toml aggregate annotation
scripts/codex_continuity_common.ps1,Elastic-2.0,2026 SuperTale contributors,REUSE.toml aggregate annotation
scripts/codex_resume.ps1,Elastic-2.0,2026 SuperTale contributors,REUSE.toml aggregate annotation
scripts/codex_start.ps1,Elastic-2.0,2026 SuperTale contributors,REUSE.toml aggregate annotation
scripts/codex_stop.ps1,Elastic-2.0,2026 SuperTale contributors,REUSE.toml aggregate annotation
scripts/codex_task_new.ps1,Elastic-2.0,2026 SuperTale contributors,REUSE.toml aggregate annotation
scripts/codex_verify_handoff.ps1,Elastic-2.0,2026 SuperTale contributors,REUSE.toml aggregate annotation
scripts/compliance/generate_p0b_artifacts.py,Elastic-2.0,2026 SuperTale contributors,REUSE.toml aggregate annotation
scripts/diagnostics/README.md,Elastic-2.0,2026 SuperTale contributors,REUSE.toml aggregate annotation
scripts/diagnostics/story/find_story_schema_fields.py,Elastic-2.0,2026 SuperTale contributors,REUSE.toml aggregate annotation
scripts/diagnostics/story/read_production_form_fields.py,Elastic-2.0,2026 SuperTale contributors,REUSE.toml aggregate annotation
scripts/diagnostics/story/read_story_input_normalizer.py,Elastic-2.0,2026 SuperTale contributors,REUSE.toml aggregate annotation
scripts/evaluate_agent_fixtures.py,Elastic-2.0,2026 SuperTale contributors,REUSE.toml aggregate annotation
scripts/evaluate_agent_live.py,Elastic-2.0,2026 SuperTale contributors,REUSE.toml aggregate annotation
scripts/film_studio.py,Elastic-2.0,2026 SuperTale contributors,REUSE.toml aggregate annotation
scripts/generate_style_previews.py,Elastic-2.0,2026 SuperTale contributors,REUSE.toml aggregate annotation
scripts/lint_banned_words.py,Elastic-2.0,2026 SuperTale contributors,REUSE.toml aggregate annotation
scripts/lint_ce_imports.py,Elastic-2.0,2026 SuperTale contributors,REUSE.toml aggregate annotation
scripts/lint_ee_terms.py,Elastic-2.0,2026 SuperTale contributors,REUSE.toml aggregate annotation
scripts/maintenance/_restore_status_batch.py,Elastic-2.0,2026 SuperTale contributors,REUSE.toml aggregate annotation
scripts/maintenance/archive_retired_backups.ps1,Elastic-2.0,2026 SuperTale contributors,REUSE.toml aggregate annotation
scripts/maintenance/audit_project_assets.py,Elastic-2.0,2026 SuperTale contributors,REUSE.toml aggregate annotation
scripts/maintenance/cleanup_local_generated.ps1,Elastic-2.0,2026 SuperTale contributors,REUSE.toml aggregate annotation
scripts/maintenance/import_community_assets.py,Elastic-2.0,2026 SuperTale contributors,REUSE.toml aggregate annotation
scripts/maintenance/recycle_deployment_backups.ps1,Elastic-2.0,2026 SuperTale contributors,REUSE.toml aggregate annotation
scripts/memory_runtime_smoke.py,Elastic-2.0,2026 SuperTale contributors,REUSE.toml aggregate annotation
scripts/migrate_identity_data.py,Elastic-2.0,2026 SuperTale contributors,REUSE.toml aggregate annotation
scripts/organize_workspace.ps1,Elastic-2.0,2026 SuperTale contributors,REUSE.toml aggregate annotation
scripts/package_village_canvas.ps1,Elastic-2.0,2026 SuperTale contributors,REUSE.toml aggregate annotation
scripts/production/one_person_lifetime_film.py,Elastic-2.0,2026 SuperTale contributors,REUSE.toml aggregate annotation
scripts/recompile_agent_memory.py,Elastic-2.0,2026 SuperTale contributors,REUSE.toml aggregate annotation
scripts/reference_distill/__init__.py,Elastic-2.0,2026 SuperTale contributors,REUSE.toml aggregate annotation
scripts/reference_distill/__main__.py,Elastic-2.0,2026 SuperTale contributors,REUSE.toml aggregate annotation
scripts/reference_distill/cli.py,Elastic-2.0,2026 SuperTale contributors,REUSE.toml aggregate annotation
scripts/reference_distill/core.py,Elastic-2.0,2026 SuperTale contributors,REUSE.toml aggregate annotation
scripts/research/reference_file_map.py,Elastic-2.0,2026 SuperTale contributors,REUSE.toml aggregate annotation
scripts/research/reference_inventory.py,Elastic-2.0,2026 SuperTale contributors,REUSE.toml aggregate annotation
scripts/research_skill_comparison.py,Elastic-2.0,2026 SuperTale contributors,REUSE.toml aggregate annotation
scripts/start-ce.sh,Elastic-2.0,2026 SuperTale contributors,REUSE.toml aggregate annotation
scripts/taste_audit.py,Elastic-2.0,2026 SuperTale contributors,REUSE.toml aggregate annotation
scripts/verify_film_sync.py,Elastic-2.0,2026 SuperTale contributors,REUSE.toml aggregate annotation
scripts/verify_village_canvas_package.ps1,Elastic-2.0,2026 SuperTale contributors,REUSE.toml aggregate annotation
skills/village-canvas-cli/SKILL.md,Elastic-2.0,2026 SuperTale contributors,REUSE.toml aggregate annotation
skills/village-canvas-cli/commands/api.md,Elastic-2.0,2026 SuperTale contributors,REUSE.toml aggregate annotation
skills/village-canvas-cli/commands/asset.md,Elastic-2.0,2026 SuperTale contributors,REUSE.toml aggregate annotation
skills/village-canvas-cli/commands/canvas.md,Elastic-2.0,2026 SuperTale contributors,REUSE.toml aggregate annotation
skills/village-canvas-cli/commands/gen.md,Elastic-2.0,2026 SuperTale contributors,REUSE.toml aggregate annotation
skills/village-canvas-cli/commands/model.md,Elastic-2.0,2026 SuperTale contributors,REUSE.toml aggregate annotation
skills/village-canvas-cli/commands/node.md,Elastic-2.0,2026 SuperTale contributors,REUSE.toml aggregate annotation
skills/village-canvas-cli/commands/project.md,Elastic-2.0,2026 SuperTale contributors,REUSE.toml aggregate annotation
skills/village-canvas-cli/commands/serve-and-mcp.md,Elastic-2.0,2026 SuperTale contributors,REUSE.toml aggregate annotation
skills/village-canvas-cli/commands/task.md,Elastic-2.0,2026 SuperTale contributors,REUSE.toml aggregate annotation
skills/village-canvas-cli/commands/workflow.md,Elastic-2.0,2026 SuperTale contributors,REUSE.toml aggregate annotation
skills/village-canvas-cli/examples/README.md,Elastic-2.0,2026 SuperTale contributors,REUSE.toml aggregate annotation
skills/village-canvas-cli/examples/commands.json,Elastic-2.0,2026 SuperTale contributors,REUSE.toml aggregate annotation
skills/village-canvas-cli/examples/workflow/bind-and-inspect.md,Elastic-2.0,2026 SuperTale contributors,REUSE.toml aggregate annotation
skills/village-canvas-cli/examples/workflow/common-errors.md,Elastic-2.0,2026 SuperTale contributors,REUSE.toml aggregate annotation
skills/village-canvas-cli/examples/workflow/one-shot-film.md,Elastic-2.0,2026 SuperTale contributors,REUSE.toml aggregate annotation
skills/village-canvas-cli/examples/workflow/temp-canvas-edit-loop.md,Elastic-2.0,2026 SuperTale contributors,REUSE.toml aggregate annotation
skills/village-canvas-cli/manifest.json,Elastic-2.0,2026 SuperTale contributors,REUSE.toml aggregate annotation
skills/village-canvas-cli/schemas/canvas-context.schema.json,Elastic-2.0,2026 SuperTale contributors,REUSE.toml aggregate annotation
skills/village-canvas-cli/schemas/command-receipt.schema.json,Elastic-2.0,2026 SuperTale contributors,REUSE.toml aggregate annotation
skills/village-canvas-cli/schemas/model-capabilities.schema.json,Elastic-2.0,2026 SuperTale contributors,REUSE.toml aggregate annotation
skills/village-canvas-cli/schemas/workflow-event.schema.json,Elastic-2.0,2026 SuperTale contributors,REUSE.toml aggregate annotation
src/novelvideo/__init__.py,Elastic-2.0,2026 SuperTale contributors,REUSE.toml aggregate annotation
src/novelvideo/account_avatar.py,Elastic-2.0,2026 SuperTale contributors,REUSE.toml aggregate annotation
src/novelvideo/agent_plugins/__init__.py,Elastic-2.0,2026 SuperTale contributors,REUSE.toml aggregate annotation
src/novelvideo/agent_plugins/registry.py,Elastic-2.0,2026 SuperTale contributors,REUSE.toml aggregate annotation
src/novelvideo/agent_tools/__init__.py,Elastic-2.0,2026 SuperTale contributors,REUSE.toml aggregate annotation
src/novelvideo/agent_tools/native_registry.py,Elastic-2.0,2026 SuperTale contributors,REUSE.toml aggregate annotation
src/novelvideo/agent_tools/skills.py,Elastic-2.0,2026 SuperTale contributors,REUSE.toml aggregate annotation
src/novelvideo/agent_tools/tool_contract.py,Elastic-2.0,2026 SuperTale contributors,REUSE.toml aggregate annotation
src/novelvideo/agent_tools/turn_intent.py,Elastic-2.0,2026 SuperTale contributors,REUSE.toml aggregate annotation
src/novelvideo/agent_tools/village_canvas/__init__.py,Elastic-2.0,2026 SuperTale contributors,REUSE.toml aggregate annotation
src/novelvideo/agent_tools/village_canvas/canvas_reads.py,Elastic-2.0,2026 SuperTale contributors,REUSE.toml aggregate annotation
src/novelvideo/agent_tools/village_canvas/canvas_reads_vision.py,Elastic-2.0,2026 SuperTale contributors,REUSE.toml aggregate annotation
src/novelvideo/agent_tools/village_canvas/canvas_writes_impl.py,Elastic-2.0,2026 SuperTale contributors,REUSE.toml aggregate annotation
src/novelvideo/agent_tools/village_canvas/capability_broker.py,Elastic-2.0,2026 SuperTale contributors,REUSE.toml aggregate annotation
src/novelvideo/agent_tools/village_canvas/contracts.py,Elastic-2.0,2026 SuperTale contributors,REUSE.toml aggregate annotation
src/novelvideo/agent_tools/village_canvas/core.py,Elastic-2.0,2026 SuperTale contributors,REUSE.toml aggregate annotation
src/novelvideo/agent_tools/village_canvas/judgment_impl.py,Elastic-2.0,2026 SuperTale contributors,REUSE.toml aggregate annotation
src/novelvideo/agent_tools/village_canvas/native_registry.py,Elastic-2.0,2026 SuperTale contributors,REUSE.toml aggregate annotation
src/novelvideo/agent_tools/village_canvas/runtime.py,Elastic-2.0,2026 SuperTale contributors,REUSE.toml aggregate annotation
src/novelvideo/agent_tools/village_canvas/tools/__init__.py,Elastic-2.0,2026 SuperTale contributors,REUSE.toml aggregate annotation
src/novelvideo/agent_tools/village_canvas/tools/api.py,Elastic-2.0,2026 SuperTale contributors,REUSE.toml aggregate annotation
src/novelvideo/agent_tools/village_canvas/tools/camera.py,Elastic-2.0,2026 SuperTale contributors,REUSE.toml aggregate annotation
src/novelvideo/agent_tools/village_canvas/tools/canvas.py,Elastic-2.0,2026 SuperTale contributors,REUSE.toml aggregate annotation
src/novelvideo/agent_tools/village_canvas/tools/canvas_writes.py,Elastic-2.0,2026 SuperTale contributors,REUSE.toml aggregate annotation
src/novelvideo/agent_tools/village_canvas/tools/creative_media.py,Elastic-2.0,2026 SuperTale contributors,REUSE.toml aggregate annotation
src/novelvideo/agent_tools/village_canvas/tools/creative_planning.py,Elastic-2.0,2026 SuperTale contributors,REUSE.toml aggregate annotation
src/novelvideo/agent_tools/village_canvas/tools/creative_video.py,Elastic-2.0,2026 SuperTale contributors,REUSE.toml aggregate annotation
src/novelvideo/agent_tools/village_canvas/tools/director.py,Elastic-2.0,2026 SuperTale contributors,REUSE.toml aggregate annotation
src/novelvideo/agent_tools/village_canvas/tools/frontend_ui.py,Elastic-2.0,2026 SuperTale contributors,REUSE.toml aggregate annotation
src/novelvideo/agent_tools/village_canvas/tools/judgment.py,Elastic-2.0,2026 SuperTale contributors,REUSE.toml aggregate annotation
src/novelvideo/agent_tools/village_canvas/tools/order.py,Elastic-2.0,2026 SuperTale contributors,REUSE.toml aggregate annotation
src/novelvideo/agent_tools/village_canvas/tools/production.py,Elastic-2.0,2026 SuperTale contributors,REUSE.toml aggregate annotation
src/novelvideo/agent_tools/village_canvas/tools/project.py,Elastic-2.0,2026 SuperTale contributors,REUSE.toml aggregate annotation
src/novelvideo/agent_tools/village_canvas/tools/research.py,Elastic-2.0,2026 SuperTale contributors,REUSE.toml aggregate annotation
src/novelvideo/agent_tools/village_canvas/tools/spec.py,Elastic-2.0,2026 SuperTale contributors,REUSE.toml aggregate annotation
src/novelvideo/agent_tools/village_canvas/tools/state.py,Elastic-2.0,2026 SuperTale contributors,REUSE.toml aggregate annotation
src/novelvideo/agent_tools/village_canvas/tools/story_lab.py,Elastic-2.0,2026 SuperTale contributors,REUSE.toml aggregate annotation
src/novelvideo/agent_tools/village_canvas/tools/tasks.py,Elastic-2.0,2026 SuperTale contributors,REUSE.toml aggregate annotation
src/novelvideo/agent_tools/village_canvas/tools/ui.py,Elastic-2.0,2026 SuperTale contributors,REUSE.toml aggregate annotation
src/novelvideo/agent_tools/village_canvas/tools/video_operations.py,Elastic-2.0,2026 SuperTale contributors,REUSE.toml aggregate annotation
src/novelvideo/agent_tools/village_canvas/tools/vision.py,Elastic-2.0,2026 SuperTale contributors,REUSE.toml aggregate annotation
src/novelvideo/agent_tools/village_canvas/tools/workflow.py,Elastic-2.0,2026 SuperTale contributors,REUSE.toml aggregate annotation
src/novelvideo/agent_tools/village_canvas/tools/workflow_runs.py,Elastic-2.0,2026 SuperTale contributors,REUSE.toml aggregate annotation
src/novelvideo/agent_tools/village_canvas/workflow_dispatch.py,Elastic-2.0,2026 SuperTale contributors,REUSE.toml aggregate annotation
src/novelvideo/agent_tools/village_canvas/workflow_execution.py,Elastic-2.0,2026 SuperTale contributors,REUSE.toml aggregate annotation
src/novelvideo/agents/__init__.py,Elastic-2.0,2026 SuperTale contributors,REUSE.toml aggregate annotation
src/novelvideo/agents/asset_compiler.py,Elastic-2.0,2026 SuperTale contributors,REUSE.toml aggregate annotation
src/novelvideo/agents/beat_shot_contracts.py,Elastic-2.0,2026 SuperTale contributors,REUSE.toml aggregate annotation
src/novelvideo/agents/character_fixer.py,Elastic-2.0,2026 SuperTale contributors,REUSE.toml aggregate annotation
src/novelvideo/agents/character_reviewer.py,Elastic-2.0,2026 SuperTale contributors,REUSE.toml aggregate annotation
src/novelvideo/agents/content_rewriter.py,Elastic-2.0,2026 SuperTale contributors,REUSE.toml aggregate annotation
src/novelvideo/agents/episode_fixer.py,Elastic-2.0,2026 SuperTale contributors,REUSE.toml aggregate annotation
src/novelvideo/agents/episode_planner.py,Elastic-2.0,2026 SuperTale contributors,REUSE.toml aggregate annotation
src/novelvideo/agents/episode_reviewer.py,Elastic-2.0,2026 SuperTale contributors,REUSE.toml aggregate annotation
src/novelvideo/agents/global_video_optimizer.py,Elastic-2.0,2026 SuperTale contributors,REUSE.toml aggregate annotation
src/novelvideo/agents/identity_planner.py,Elastic-2.0,2026 SuperTale contributors,REUSE.toml aggregate annotation
src/novelvideo/agents/keyframe_prompt_builder.py,Elastic-2.0,2026 SuperTale contributors,REUSE.toml aggregate annotation
src/novelvideo/agents/video_prompt_builder.py,Elastic-2.0,2026 SuperTale contributors,REUSE.toml aggregate annotation
src/novelvideo/api/__init__.py,Elastic-2.0,2026 SuperTale contributors,REUSE.toml aggregate annotation
src/novelvideo/api/app.py,Elastic-2.0,2026 SuperTale contributors,REUSE.toml aggregate annotation
src/novelvideo/api/asset_metadata.py,Elastic-2.0,2026 SuperTale contributors,REUSE.toml aggregate annotation
src/novelvideo/api/auth.py,Elastic-2.0,2026 SuperTale contributors,REUSE.toml aggregate annotation
src/novelvideo/api/browser_presence.py,Elastic-2.0,2026 SuperTale contributors,REUSE.toml aggregate annotation
src/novelvideo/api/chapter_preview.py,Elastic-2.0,2026 SuperTale contributors,REUSE.toml aggregate annotation
src/novelvideo/api/deps.py,Elastic-2.0,2026 SuperTale contributors,REUSE.toml aggregate annotation
src/novelvideo/api/production_orchestrator.py,Elastic-2.0,2026 SuperTale contributors,REUSE.toml aggregate annotation
src/novelvideo/api/routes/__init__.py,Elastic-2.0,2026 SuperTale contributors,REUSE.toml aggregate annotation
src/novelvideo/api/routes/_freezone_parts/__init__.py,Elastic-2.0,2026 SuperTale contributors,REUSE.toml aggregate annotation
src/novelvideo/api/routes/_freezone_parts/_freezone_routes_assets.py,Elastic-2.0,2026 SuperTale contributors,REUSE.toml aggregate annotation
src/novelvideo/api/routes/_freezone_parts/_freezone_routes_canvas.py,Elastic-2.0,2026 SuperTale contributors,REUSE.toml aggregate annotation
src/novelvideo/api/routes/_freezone_parts/_freezone_routes_jobs_canvas.py,Elastic-2.0,2026 SuperTale contributors,REUSE.toml aggregate annotation
src/novelvideo/api/routes/_freezone_parts/_freezone_routes_media_skills.py,Elastic-2.0,2026 SuperTale contributors,REUSE.toml aggregate annotation
src/novelvideo/api/routes/_freezone_parts/_freezone_routes_text_video.py,Elastic-2.0,2026 SuperTale contributors,REUSE.toml aggregate annotation
src/novelvideo/api/routes/_freezone_parts/_freezone_routes_video_audio.py,Elastic-2.0,2026 SuperTale contributors,REUSE.toml aggregate annotation
src/novelvideo/api/routes/_freezone_parts/_freezone_support.py,Elastic-2.0,2026 SuperTale contributors,REUSE.toml aggregate annotation
src/novelvideo/api/routes/_freezone_parts/_freezone_support_assets.py,Elastic-2.0,2026 SuperTale contributors,REUSE.toml aggregate annotation
src/novelvideo/api/routes/_freezone_parts/_freezone_support_canvas.py,Elastic-2.0,2026 SuperTale contributors,REUSE.toml aggregate annotation
src/novelvideo/api/routes/_freezone_parts/_freezone_support_core.py,Elastic-2.0,2026 SuperTale contributors,REUSE.toml aggregate annotation
src/novelvideo/api/routes/_freezone_parts/_freezone_support_jobs.py,Elastic-2.0,2026 SuperTale contributors,REUSE.toml aggregate annotation
src/novelvideo/api/routes/_freezone_parts/_freezone_support_media.py,Elastic-2.0,2026 SuperTale contributors,REUSE.toml aggregate annotation
src/novelvideo/api/routes/_generation_parts/__init__.py,Elastic-2.0,2026 SuperTale contributors,REUSE.toml aggregate annotation
src/novelvideo/api/routes/_generation_parts/director_stage.py,Elastic-2.0,2026 SuperTale contributors,REUSE.toml aggregate annotation
src/novelvideo/api/routes/_project_audit.py,Elastic-2.0,2026 SuperTale contributors,REUSE.toml aggregate annotation
src/novelvideo/api/routes/account.py,Elastic-2.0,2026 SuperTale contributors,REUSE.toml aggregate annotation
src/novelvideo/api/routes/agent_memory.py,Elastic-2.0,2026 SuperTale contributors,REUSE.toml aggregate annotation
src/novelvideo/api/routes/assets.py,Elastic-2.0,2026 SuperTale contributors,REUSE.toml aggregate annotation
src/novelvideo/api/routes/auth.py,Elastic-2.0,2026 SuperTale contributors,REUSE.toml aggregate annotation
src/novelvideo/api/routes/canvas_templates.py,Elastic-2.0,2026 SuperTale contributors,REUSE.toml aggregate annotation
src/novelvideo/api/routes/characters.py,Elastic-2.0,2026 SuperTale contributors,REUSE.toml aggregate annotation
src/novelvideo/api/routes/chat.py,Elastic-2.0,2026 SuperTale contributors,REUSE.toml aggregate annotation
src/novelvideo/api/routes/chat_paid_media_grants.py,Elastic-2.0,2026 SuperTale contributors,REUSE.toml aggregate annotation
src/novelvideo/api/routes/config.py,Elastic-2.0,2026 SuperTale contributors,REUSE.toml aggregate annotation
src/novelvideo/api/routes/content.py,Elastic-2.0,2026 SuperTale contributors,REUSE.toml aggregate annotation
src/novelvideo/api/routes/episodes.py,Elastic-2.0,2026 SuperTale contributors,REUSE.toml aggregate annotation
src/novelvideo/api/routes/files.py,Elastic-2.0,2026 SuperTale contributors,REUSE.toml aggregate annotation
src/novelvideo/api/routes/freezone.py,Elastic-2.0,2026 SuperTale contributors,REUSE.toml aggregate annotation
src/novelvideo/api/routes/generation.py,Elastic-2.0,2026 SuperTale contributors,REUSE.toml aggregate annotation
src/novelvideo/api/routes/ingest.py,Elastic-2.0,2026 SuperTale contributors,REUSE.toml aggregate annotation
src/novelvideo/api/routes/model_credits.py,Elastic-2.0,2026 SuperTale contributors,REUSE.toml aggregate annotation
src/novelvideo/api/routes/model_gateway.py,Elastic-2.0,2026 SuperTale contributors,REUSE.toml aggregate annotation
src/novelvideo/api/routes/pipeline.py,Elastic-2.0,2026 SuperTale contributors,REUSE.toml aggregate annotation
src/novelvideo/api/routes/production.py,Elastic-2.0,2026 SuperTale contributors,REUSE.toml aggregate annotation
src/novelvideo/api/routes/projects.py,Elastic-2.0,2026 SuperTale contributors,REUSE.toml aggregate annotation
src/novelvideo/api/routes/props.py,Elastic-2.0,2026 SuperTale contributors,REUSE.toml aggregate annotation
src/novelvideo/api/routes/release_notifications.py,Elastic-2.0,2026 SuperTale contributors,REUSE.toml aggregate annotation
src/novelvideo/api/routes/runtime.py,Elastic-2.0,2026 SuperTale contributors,REUSE.toml aggregate annotation
src/novelvideo/api/routes/scenes.py,Elastic-2.0,2026 SuperTale contributors,REUSE.toml aggregate annotation
src/novelvideo/api/routes/scripts.py,Elastic-2.0,2026 SuperTale contributors,REUSE.toml aggregate annotation
src/novelvideo/api/routes/skills.py,Elastic-2.0,2026 SuperTale contributors,REUSE.toml aggregate annotation
src/novelvideo/api/routes/state.py,Elastic-2.0,2026 SuperTale contributors,REUSE.toml aggregate annotation
src/novelvideo/api/routes/story_lab.py,Elastic-2.0,2026 SuperTale contributors,REUSE.toml aggregate annotation
src/novelvideo/api/routes/styles.py,Elastic-2.0,2026 SuperTale contributors,REUSE.toml aggregate annotation
src/novelvideo/api/routes/tasks.py,Elastic-2.0,2026 SuperTale contributors,REUSE.toml aggregate annotation
src/novelvideo/api/routes/village_canvas_capabilities.py,Elastic-2.0,2026 SuperTale contributors,REUSE.toml aggregate annotation
src/novelvideo/api/routes/workflows.py,Elastic-2.0,2026 SuperTale contributors,REUSE.toml aggregate annotation
src/novelvideo/api/schemas.py,Elastic-2.0,2026 SuperTale contributors,REUSE.toml aggregate annotation
src/novelvideo/api/viewer_manifests.py,Elastic-2.0,2026 SuperTale contributors,REUSE.toml aggregate annotation
src/novelvideo/api/wsgi.py,Elastic-2.0,2026 SuperTale contributors,REUSE.toml aggregate annotation
src/novelvideo/assets/__init__.py,Elastic-2.0,2026 SuperTale contributors,REUSE.toml aggregate annotation
src/novelvideo/assets/canvas_starter_workflows.json,Elastic-2.0,2026 SuperTale contributors,REUSE.toml aggregate annotation
src/novelvideo/assets/community_starter_workflows.json,Elastic-2.0,2026 SuperTale contributors,REUSE.toml aggregate annotation
src/novelvideo/assets/login_bg.png,Elastic-2.0,2026 SuperTale contributors,REUSE.toml aggregate annotation
src/novelvideo/assets/login_bg_v1.mp4,Elastic-2.0,2026 SuperTale contributors,REUSE.toml aggregate annotation; owner confirmed self-authorship or redistribution authorization on 2026-10-09; see docs/PUBLIC_SOURCE_RELEASE.md; original notices prevail
src/novelvideo/assets/login_bg_v2.mp4,Elastic-2.0,2026 SuperTale contributors,REUSE.toml aggregate annotation; owner confirmed self-authorship or redistribution authorization on 2026-10-09; see docs/PUBLIC_SOURCE_RELEASE.md; original notices prevail
src/novelvideo/assets/login_bg_v3.mp4,Elastic-2.0,2026 SuperTale contributors,REUSE.toml aggregate annotation; owner confirmed self-authorship or redistribution authorization on 2026-10-09; see docs/PUBLIC_SOURCE_RELEASE.md; original notices prevail
src/novelvideo/assets/to_be_continued.png,Elastic-2.0,2026 SuperTale contributors,REUSE.toml aggregate annotation
src/novelvideo/audio/__init__.py,Elastic-2.0,2026 SuperTale contributors,REUSE.toml aggregate annotation
src/novelvideo/audio/indextts2_beat_audio_task.py,Elastic-2.0,2026 SuperTale contributors,REUSE.toml aggregate annotation
src/novelvideo/audio/model_contract.py,Elastic-2.0,2026 SuperTale contributors,REUSE.toml aggregate annotation
src/novelvideo/audio/video_reference_policy.py,Elastic-2.0,2026 SuperTale contributors,REUSE.toml aggregate annotation
src/novelvideo/audio_request_usage.py,Elastic-2.0,2026 SuperTale contributors,REUSE.toml aggregate annotation
src/novelvideo/backup/__init__.py,Elastic-2.0,2026 SuperTale contributors,REUSE.toml aggregate annotation
src/novelvideo/backup/cli.py,Elastic-2.0,2026 SuperTale contributors,REUSE.toml aggregate annotation
src/novelvideo/backup/db_daily.py,Elastic-2.0,2026 SuperTale contributors,REUSE.toml aggregate annotation
src/novelvideo/backup/files_sync.py,Elastic-2.0,2026 SuperTale contributors,REUSE.toml aggregate annotation
src/novelvideo/backup/wal_migrator.py,Elastic-2.0,2026 SuperTale contributors,REUSE.toml aggregate annotation
src/novelvideo/canvas_cli.py,Elastic-2.0,2026 SuperTale contributors,REUSE.toml aggregate annotation
src/novelvideo/chat/__init__.py,Elastic-2.0,2026 SuperTale contributors,REUSE.toml aggregate annotation
src/novelvideo/chat/_service_parts/__init__.py,Elastic-2.0,2026 SuperTale contributors,REUSE.toml aggregate annotation
src/novelvideo/chat/_service_parts/_service_backend.py,Elastic-2.0,2026 SuperTale contributors,REUSE.toml aggregate annotation
src/novelvideo/chat/_service_parts/_service_context.py,Elastic-2.0,2026 SuperTale contributors,REUSE.toml aggregate annotation
src/novelvideo/chat/_service_parts/_service_dispatch.py,Elastic-2.0,2026 SuperTale contributors,REUSE.toml aggregate annotation
src/novelvideo/chat/_service_parts/_service_growth.py,Elastic-2.0,2026 SuperTale contributors,REUSE.toml aggregate annotation
src/novelvideo/chat/_service_parts/_service_render.py,Elastic-2.0,2026 SuperTale contributors,REUSE.toml aggregate annotation
src/novelvideo/chat/_service_parts/_service_shared.py,Elastic-2.0,2026 SuperTale contributors,REUSE.toml aggregate annotation
src/novelvideo/chat/_service_parts/_service_state.py,Elastic-2.0,2026 SuperTale contributors,REUSE.toml aggregate annotation
src/novelvideo/chat/_service_parts/_service_village.py,Elastic-2.0,2026 SuperTale contributors,REUSE.toml aggregate annotation
src/novelvideo/chat/agent_eval_fixtures.py,Elastic-2.0,2026 SuperTale contributors,REUSE.toml aggregate annotation
src/novelvideo/chat/agent_evals.py,Elastic-2.0,2026 SuperTale contributors,REUSE.toml aggregate annotation
src/novelvideo/chat/agent_events.py,Elastic-2.0,2026 SuperTale contributors,REUSE.toml aggregate annotation
src/novelvideo/chat/agent_fleet.py,Elastic-2.0,2026 SuperTale contributors,REUSE.toml aggregate annotation
src/novelvideo/chat/agent_log.py,Elastic-2.0,2026 SuperTale contributors,REUSE.toml aggregate annotation
src/novelvideo/chat/agent_models.py,Elastic-2.0,2026 SuperTale contributors,REUSE.toml aggregate annotation
src/novelvideo/chat/agent_runtime.py,Elastic-2.0,2026 SuperTale contributors,REUSE.toml aggregate annotation
src/novelvideo/chat/agent_turn_contract.py,Elastic-2.0,2026 SuperTale contributors,REUSE.toml aggregate annotation
src/novelvideo/chat/approval_store.py,Elastic-2.0,2026 SuperTale contributors,REUSE.toml aggregate annotation
src/novelvideo/chat/backend_sdk.py,Elastic-2.0,2026 SuperTale contributors,REUSE.toml aggregate annotation
src/novelvideo/chat/context_budget.py,Elastic-2.0,2026 SuperTale contributors,REUSE.toml aggregate annotation
src/novelvideo/chat/context_checkpoint.py,Elastic-2.0,2026 SuperTale contributors,REUSE.toml aggregate annotation
src/novelvideo/chat/engine.py,Elastic-2.0,2026 SuperTale contributors,REUSE.toml aggregate annotation
src/novelvideo/chat/evidence.py,Elastic-2.0,2026 SuperTale contributors,REUSE.toml aggregate annotation
src/novelvideo/chat/execution_checkpoint.py,Elastic-2.0,2026 SuperTale contributors,REUSE.toml aggregate annotation
src/novelvideo/chat/execution_context.py,Elastic-2.0,2026 SuperTale contributors,REUSE.toml aggregate annotation
src/novelvideo/chat/expert_arbitration.py,Elastic-2.0,2026 SuperTale contributors,REUSE.toml aggregate annotation
src/novelvideo/chat/fe_tool_bridge.py,Elastic-2.0,2026 SuperTale contributors,REUSE.toml aggregate annotation
src/novelvideo/chat/growth_distiller.py,Elastic-2.0,2026 SuperTale contributors,REUSE.toml aggregate annotation
src/novelvideo/chat/identity_compat.py,Elastic-2.0,2026 SuperTale contributors,REUSE.toml aggregate annotation
src/novelvideo/chat/intent_contract.py,Elastic-2.0,2026 SuperTale contributors,REUSE.toml aggregate annotation
src/novelvideo/chat/knowledge_router.py,Elastic-2.0,2026 SuperTale contributors,REUSE.toml aggregate annotation
src/novelvideo/chat/memory_compiler.py,Elastic-2.0,2026 SuperTale contributors,REUSE.toml aggregate annotation
src/novelvideo/chat/memory_feedback.py,Elastic-2.0,2026 SuperTale contributors,REUSE.toml aggregate annotation
src/novelvideo/chat/memory_hooks.py,Elastic-2.0,2026 SuperTale contributors,REUSE.toml aggregate annotation
src/novelvideo/chat/memory_index.py,Elastic-2.0,2026 SuperTale contributors,REUSE.toml aggregate annotation
src/novelvideo/chat/memory_migration.py,Elastic-2.0,2026 SuperTale contributors,REUSE.toml aggregate annotation
src/novelvideo/chat/memory_relevance.py,Elastic-2.0,2026 SuperTale contributors,REUSE.toml aggregate annotation
src/novelvideo/chat/project_stage_skill_routing.py,Elastic-2.0,2026 SuperTale contributors,REUSE.toml aggregate annotation
src/novelvideo/chat/project_work_ledger_runtime.py,Elastic-2.0,2026 SuperTale contributors,REUSE.toml aggregate annotation
src/novelvideo/chat/recovery_policy.py,Elastic-2.0,2026 SuperTale contributors,REUSE.toml aggregate annotation
src/novelvideo/chat/recovery_store.py,Elastic-2.0,2026 SuperTale contributors,REUSE.toml aggregate annotation
src/novelvideo/chat/research_contract.py,Elastic-2.0,2026 SuperTale contributors,REUSE.toml aggregate annotation
src/novelvideo/chat/research_runtime.py,Elastic-2.0,2026 SuperTale contributors,REUSE.toml aggregate annotation
src/novelvideo/chat/service.py,Elastic-2.0,2026 SuperTale contributors,REUSE.toml aggregate annotation
src/novelvideo/chat/shared_context.py,Elastic-2.0,2026 SuperTale contributors,REUSE.toml aggregate annotation
src/novelvideo/chat/skill_fence.py,Elastic-2.0,2026 SuperTale contributors,REUSE.toml aggregate annotation
src/novelvideo/chat/skill_routing.py,Elastic-2.0,2026 SuperTale contributors,REUSE.toml aggregate annotation
src/novelvideo/chat/skill_routing_cases.py,Elastic-2.0,2026 SuperTale contributors,REUSE.toml aggregate annotation
src/novelvideo/chat/store.py,Elastic-2.0,2026 SuperTale contributors,REUSE.toml aggregate annotation
src/novelvideo/chat/taste_graph.py,Elastic-2.0,2026 SuperTale contributors,REUSE.toml aggregate annotation
src/novelvideo/chat/tavily_pool.py,Elastic-2.0,2026 SuperTale contributors,REUSE.toml aggregate annotation
src/novelvideo/chat/tool_allowlist.py,Elastic-2.0,2026 SuperTale contributors,REUSE.toml aggregate annotation
src/novelvideo/chat/tool_events.py,Elastic-2.0,2026 SuperTale contributors,REUSE.toml aggregate annotation
src/novelvideo/chat/turn_delivery.py,Elastic-2.0,2026 SuperTale contributors,REUSE.toml aggregate annotation
src/novelvideo/chat/turn_intent.py,Elastic-2.0,2026 SuperTale contributors,REUSE.toml aggregate annotation
src/novelvideo/chat/village_canvas_mcp.py,Elastic-2.0,2026 SuperTale contributors,REUSE.toml aggregate annotation
src/novelvideo/chat/village_harness.py,Elastic-2.0,2026 SuperTale contributors,REUSE.toml aggregate annotation
src/novelvideo/chat/village_turn_policy.py,Elastic-2.0,2026 SuperTale contributors,REUSE.toml aggregate annotation
src/novelvideo/chat/workflow_stage_receipts.py,Elastic-2.0,2026 SuperTale contributors,REUSE.toml aggregate annotation
src/novelvideo/chat/workflow_turn_receipts.py,Elastic-2.0,2026 SuperTale contributors,REUSE.toml aggregate annotation
src/novelvideo/cli.py,Elastic-2.0,2026 SuperTale contributors,REUSE.toml aggregate annotation
src/novelvideo/cognee/__init__.py,Elastic-2.0,2026 SuperTale contributors,REUSE.toml aggregate annotation
src/novelvideo/cognee/chapter_detector.py,Elastic-2.0,2026 SuperTale contributors,REUSE.toml aggregate annotation
src/novelvideo/cognee/concurrency.py,Elastic-2.0,2026 SuperTale contributors,REUSE.toml aggregate annotation
src/novelvideo/cognee/config.py,Elastic-2.0,2026 SuperTale contributors,REUSE.toml aggregate annotation
src/novelvideo/cognee/context_gate.py,Elastic-2.0,2026 SuperTale contributors,REUSE.toml aggregate annotation
src/novelvideo/cognee/event_extractor.py,Elastic-2.0,2026 SuperTale contributors,REUSE.toml aggregate annotation
src/novelvideo/cognee/gateway_health.py,Elastic-2.0,2026 SuperTale contributors,REUSE.toml aggregate annotation
src/novelvideo/cognee/model_binding.py,Elastic-2.0,2026 SuperTale contributors,REUSE.toml aggregate annotation
src/novelvideo/cognee/pipeline.py,Elastic-2.0,2026 SuperTale contributors,REUSE.toml aggregate annotation
src/novelvideo/cognee/scene_name_migration.py,Elastic-2.0,2026 SuperTale contributors,REUSE.toml aggregate annotation
src/novelvideo/cognee/screenplay_normalizer.py,Elastic-2.0,2026 SuperTale contributors,REUSE.toml aggregate annotation
src/novelvideo/cognee/script_parser.py,Elastic-2.0,2026 SuperTale contributors,REUSE.toml aggregate annotation
src/novelvideo/cognee/store.py,Elastic-2.0,2026 SuperTale contributors,REUSE.toml aggregate annotation
src/novelvideo/cognee/tools.py,Elastic-2.0,2026 SuperTale contributors,REUSE.toml aggregate annotation
src/novelvideo/config.py,Elastic-2.0,2026 SuperTale contributors,REUSE.toml aggregate annotation
src/novelvideo/creative_execution/__init__.py,Elastic-2.0,2026 SuperTale contributors,REUSE.toml aggregate annotation
src/novelvideo/creative_execution/creative_contract.py,Elastic-2.0,2026 SuperTale contributors,REUSE.toml aggregate annotation
src/novelvideo/creative_execution/director_clarification.py,Elastic-2.0,2026 SuperTale contributors,REUSE.toml aggregate annotation
src/novelvideo/director_rhythm.py,Elastic-2.0,2026 SuperTale contributors,REUSE.toml aggregate annotation
src/novelvideo/director_world/__init__.py,Elastic-2.0,2026 SuperTale contributors,REUSE.toml aggregate annotation
src/novelvideo/director_world/block_world_builder.py,Elastic-2.0,2026 SuperTale contributors,REUSE.toml aggregate annotation
src/novelvideo/director_world/control_frame_compose.py,Elastic-2.0,2026 SuperTale contributors,REUSE.toml aggregate annotation
src/novelvideo/director_world/control_frame_layers.py,Elastic-2.0,2026 SuperTale contributors,REUSE.toml aggregate annotation
src/novelvideo/director_world/control_frame_to_sketch.py,Elastic-2.0,2026 SuperTale contributors,REUSE.toml aggregate annotation
src/novelvideo/director_world/libtv_scene_asset_library.json,Elastic-2.0,2026 SuperTale contributors,REUSE.toml aggregate annotation
src/novelvideo/director_world/libtv_scene_contract.py,Elastic-2.0,2026 SuperTale contributors,REUSE.toml aggregate annotation
src/novelvideo/director_world/models.py,Elastic-2.0,2026 SuperTale contributors,REUSE.toml aggregate annotation
src/novelvideo/director_world/object_type_registry.json,Elastic-2.0,2026 SuperTale contributors,REUSE.toml aggregate annotation
src/novelvideo/director_world/pano_sharp.py,Elastic-2.0,2026 SuperTale contributors,REUSE.toml aggregate annotation
src/novelvideo/director_world/pano_views.py,Elastic-2.0,2026 SuperTale contributors,REUSE.toml aggregate annotation
src/novelvideo/director_world/paths.py,Elastic-2.0,2026 SuperTale contributors,REUSE.toml aggregate annotation
src/novelvideo/director_world/scene_360_builder.py,Elastic-2.0,2026 SuperTale contributors,REUSE.toml aggregate annotation
src/novelvideo/director_world/scene_overlap_analyzer.py,Elastic-2.0,2026 SuperTale contributors,REUSE.toml aggregate annotation
src/novelvideo/director_world/scene_spatial_contract.py,Elastic-2.0,2026 SuperTale contributors,REUSE.toml aggregate annotation
src/novelvideo/director_world/service.py,Elastic-2.0,2026 SuperTale contributors,REUSE.toml aggregate annotation
src/novelvideo/director_world/shape_hints/box.json,Elastic-2.0,2026 SuperTale contributors,REUSE.toml aggregate annotation
src/novelvideo/director_world/shape_hints/flying_craft.json,Elastic-2.0,2026 SuperTale contributors,REUSE.toml aggregate annotation
src/novelvideo/director_world/shape_hints/generic_large.json,Elastic-2.0,2026 SuperTale contributors,REUSE.toml aggregate annotation
src/novelvideo/director_world/shape_hints/long_vehicle.json,Elastic-2.0,2026 SuperTale contributors,REUSE.toml aggregate annotation
src/novelvideo/director_world/shape_hints/pile.json,Elastic-2.0,2026 SuperTale contributors,REUSE.toml aggregate annotation
src/novelvideo/director_world/shape_hints/quadruped_mount.json,Elastic-2.0,2026 SuperTale contributors,REUSE.toml aggregate annotation
src/novelvideo/director_world/shape_hints/registry.json,Elastic-2.0,2026 SuperTale contributors,REUSE.toml aggregate annotation
src/novelvideo/director_world/shape_hints/sports_car.json,Elastic-2.0,2026 SuperTale contributors,REUSE.toml aggregate annotation
src/novelvideo/director_world/shape_hints/wheeled_artillery.json,Elastic-2.0,2026 SuperTale contributors,REUSE.toml aggregate annotation
src/novelvideo/director_world/stage_manifest.py,Elastic-2.0,2026 SuperTale contributors,REUSE.toml aggregate annotation
src/novelvideo/director_world/staging_prop_ai.py,Elastic-2.0,2026 SuperTale contributors,REUSE.toml aggregate annotation
src/novelvideo/director_world/states/mounted.json,Elastic-2.0,2026 SuperTale contributors,REUSE.toml aggregate annotation
src/novelvideo/director_world/states/registry.json,Elastic-2.0,2026 SuperTale contributors,REUSE.toml aggregate annotation
src/novelvideo/director_world/store.py,Elastic-2.0,2026 SuperTale contributors,REUSE.toml aggregate annotation
src/novelvideo/director_world/sync_global_props.py,Elastic-2.0,2026 SuperTale contributors,REUSE.toml aggregate annotation
src/novelvideo/director_world/village_block_world_demo.py,Elastic-2.0,2026 SuperTale contributors,REUSE.toml aggregate annotation
src/novelvideo/director_world/village_voxel_palette.py,Elastic-2.0,2026 SuperTale contributors,REUSE.toml aggregate annotation
src/novelvideo/embedding_models.py,Elastic-2.0,2026 SuperTale contributors,REUSE.toml aggregate annotation
src/novelvideo/env.py,Elastic-2.0,2026 SuperTale contributors,REUSE.toml aggregate annotation
src/novelvideo/export/__init__.py,Elastic-2.0,2026 SuperTale contributors,REUSE.toml aggregate annotation
src/novelvideo/export/episode_export.py,Elastic-2.0,2026 SuperTale contributors,REUSE.toml aggregate annotation
src/novelvideo/freezone/__init__.py,Elastic-2.0,2026 SuperTale contributors,REUSE.toml aggregate annotation
src/novelvideo/freezone/audio_node.py,Elastic-2.0,2026 SuperTale contributors,REUSE.toml aggregate annotation
src/novelvideo/freezone/camera_catalog.py,Elastic-2.0,2026 SuperTale contributors,REUSE.toml aggregate annotation
src/novelvideo/freezone/camera_optics.py,Elastic-2.0,2026 SuperTale contributors,REUSE.toml aggregate annotation
src/novelvideo/freezone/canvas_agent_ids.py,Elastic-2.0,2026 SuperTale contributors,REUSE.toml aggregate annotation
src/novelvideo/freezone/canvas_command_gateway.py,Elastic-2.0,2026 SuperTale contributors,REUSE.toml aggregate annotation
src/novelvideo/freezone/canvas_lock.py,Elastic-2.0,2026 SuperTale contributors,REUSE.toml aggregate annotation
src/novelvideo/freezone/canvas_static_urls.py,Elastic-2.0,2026 SuperTale contributors,REUSE.toml aggregate annotation
src/novelvideo/freezone/canvas_store.py,Elastic-2.0,2026 SuperTale contributors,REUSE.toml aggregate annotation
src/novelvideo/freezone/canvas_template_store.py,Elastic-2.0,2026 SuperTale contributors,REUSE.toml aggregate annotation
src/novelvideo/freezone/clip_contract.py,Elastic-2.0,2026 SuperTale contributors,REUSE.toml aggregate annotation
src/novelvideo/freezone/film_prompt_contract.py,Elastic-2.0,2026 SuperTale contributors,REUSE.toml aggregate annotation
src/novelvideo/freezone/history.py,Elastic-2.0,2026 SuperTale contributors,REUSE.toml aggregate annotation
src/novelvideo/freezone/image_node.py,Elastic-2.0,2026 SuperTale contributors,REUSE.toml aggregate annotation
src/novelvideo/freezone/jobs.py,Elastic-2.0,2026 SuperTale contributors,REUSE.toml aggregate annotation
src/novelvideo/freezone/mark_node.py,Elastic-2.0,2026 SuperTale contributors,REUSE.toml aggregate annotation
src/novelvideo/freezone/paths.py,Elastic-2.0,2026 SuperTale contributors,REUSE.toml aggregate annotation
src/novelvideo/freezone/presets.py,Elastic-2.0,2026 SuperTale contributors,REUSE.toml aggregate annotation
src/novelvideo/freezone/prompt_optimizer.py,Elastic-2.0,2026 SuperTale contributors,REUSE.toml aggregate annotation
src/novelvideo/freezone/provenance.py,Elastic-2.0,2026 SuperTale contributors,REUSE.toml aggregate annotation
src/novelvideo/freezone/reference_manifest.py,Elastic-2.0,2026 SuperTale contributors,REUSE.toml aggregate annotation
src/novelvideo/freezone/route_helpers.py,Elastic-2.0,2026 SuperTale contributors,REUSE.toml aggregate annotation
src/novelvideo/freezone/script_contract.py,Elastic-2.0,2026 SuperTale contributors,REUSE.toml aggregate annotation
src/novelvideo/freezone/script_director_validation.py,Elastic-2.0,2026 SuperTale contributors,REUSE.toml aggregate annotation
src/novelvideo/freezone/script_media_gateway.py,Elastic-2.0,2026 SuperTale contributors,REUSE.toml aggregate annotation
src/novelvideo/freezone/script_repair.py,Elastic-2.0,2026 SuperTale contributors,REUSE.toml aggregate annotation
src/novelvideo/freezone/script_video_duration.py,Elastic-2.0,2026 SuperTale contributors,REUSE.toml aggregate annotation
src/novelvideo/freezone/script_video_feedback.py,Elastic-2.0,2026 SuperTale contributors,REUSE.toml aggregate annotation
src/novelvideo/freezone/sequence_rewrite.py,Elastic-2.0,2026 SuperTale contributors,REUSE.toml aggregate annotation
src/novelvideo/freezone/skill_registry.py,Elastic-2.0,2026 SuperTale contributors,REUSE.toml aggregate annotation
src/novelvideo/freezone/slots.py,Elastic-2.0,2026 SuperTale contributors,REUSE.toml aggregate annotation
src/novelvideo/freezone/stale.py,Elastic-2.0,2026 SuperTale contributors,REUSE.toml aggregate annotation
src/novelvideo/freezone/starter_workflow_contract.py,Elastic-2.0,2026 SuperTale contributors,REUSE.toml aggregate annotation
src/novelvideo/freezone/text_node.py,Elastic-2.0,2026 SuperTale contributors,REUSE.toml aggregate annotation
src/novelvideo/freezone/text_prepare.py,Elastic-2.0,2026 SuperTale contributors,REUSE.toml aggregate annotation
src/novelvideo/freezone/video_helpers.py,Elastic-2.0,2026 SuperTale contributors,REUSE.toml aggregate annotation
src/novelvideo/freezone/video_node.py,Elastic-2.0,2026 SuperTale contributors,REUSE.toml aggregate annotation
src/novelvideo/freezone/video_request_contract.py,Elastic-2.0,2026 SuperTale contributors,REUSE.toml aggregate annotation
src/novelvideo/freezone/video_submission_contract.py,Elastic-2.0,2026 SuperTale contributors,REUSE.toml aggregate annotation
src/novelvideo/freezone/vision_gateway.py,Elastic-2.0,2026 SuperTale contributors,REUSE.toml aggregate annotation
src/novelvideo/gateway_transport.py,Elastic-2.0,2026 SuperTale contributors,REUSE.toml aggregate annotation
src/novelvideo/generators/__init__.py,Elastic-2.0,2026 SuperTale contributors,REUSE.toml aggregate annotation
src/novelvideo/generators/autodl_audio_adapter.py,Elastic-2.0,2026 SuperTale contributors,REUSE.toml aggregate annotation
src/novelvideo/generators/direct_image_capabilities.py,Elastic-2.0,2026 SuperTale contributors,REUSE.toml aggregate annotation
src/novelvideo/generators/direct_image_models.py,Elastic-2.0,2026 SuperTale contributors,REUSE.toml aggregate annotation
src/novelvideo/generators/direct_image_openapi_discovery.py,Elastic-2.0,2026 SuperTale contributors,REUSE.toml aggregate annotation
src/novelvideo/generators/direct_model_capabilities.py,Elastic-2.0,2026 SuperTale contributors,REUSE.toml aggregate annotation
src/novelvideo/generators/direct_model_capability_cache.py,Elastic-2.0,2026 SuperTale contributors,REUSE.toml aggregate annotation
src/novelvideo/generators/direct_model_probe.py,Elastic-2.0,2026 SuperTale contributors,REUSE.toml aggregate annotation
src/novelvideo/generators/direct_models.py,Elastic-2.0,2026 SuperTale contributors,REUSE.toml aggregate annotation
src/novelvideo/generators/episode_optimizer.py,Elastic-2.0,2026 SuperTale contributors,REUSE.toml aggregate annotation
src/novelvideo/generators/grid_splitter.py,Elastic-2.0,2026 SuperTale contributors,REUSE.toml aggregate annotation
src/novelvideo/generators/huimengi.py,Elastic-2.0,2026 SuperTale contributors,REUSE.toml aggregate annotation
src/novelvideo/generators/image_generator.py,Elastic-2.0,2026 SuperTale contributors,REUSE.toml aggregate annotation
src/novelvideo/generators/image_request_diagnostics.py,Elastic-2.0,2026 SuperTale contributors,REUSE.toml aggregate annotation
src/novelvideo/generators/image_request_policy.py,Elastic-2.0,2026 SuperTale contributors,REUSE.toml aggregate annotation
src/novelvideo/generators/image_upstream_profiles.py,Elastic-2.0,2026 SuperTale contributors,REUSE.toml aggregate annotation
src/novelvideo/generators/indextts2_fal.py,Elastic-2.0,2026 SuperTale contributors,REUSE.toml aggregate annotation
src/novelvideo/generators/ltx2-3-I2V.json,Elastic-2.0,2026 SuperTale contributors,REUSE.toml aggregate annotation
src/novelvideo/generators/model_contracts.py,Elastic-2.0,2026 SuperTale contributors,REUSE.toml aggregate annotation
src/novelvideo/generators/nanobanana_character.py,Elastic-2.0,2026 SuperTale contributors,REUSE.toml aggregate annotation
src/novelvideo/generators/nanobanana_grid.py,Elastic-2.0,2026 SuperTale contributors,REUSE.toml aggregate annotation
src/novelvideo/generators/nanobanana_prop.py,Elastic-2.0,2026 SuperTale contributors,REUSE.toml aggregate annotation
src/novelvideo/generators/newapi_image_models.py,Elastic-2.0,2026 SuperTale contributors,REUSE.toml aggregate annotation
src/novelvideo/generators/newapi_image_uplink.py,Elastic-2.0,2026 SuperTale contributors,REUSE.toml aggregate annotation
src/novelvideo/generators/pool_indexer.py,Elastic-2.0,2026 SuperTale contributors,REUSE.toml aggregate annotation
src/novelvideo/generators/prompt_builder.py,Elastic-2.0,2026 SuperTale contributors,REUSE.toml aggregate annotation
src/novelvideo/generators/render_identity_guard.py,Elastic-2.0,2026 SuperTale contributors,REUSE.toml aggregate annotation
src/novelvideo/generators/scene_reference_images.py,Elastic-2.0,2026 SuperTale contributors,REUSE.toml aggregate annotation
src/novelvideo/generators/scene_voxel/__init__.py,Elastic-2.0,2026 SuperTale contributors,REUSE.toml aggregate annotation
src/novelvideo/generators/scene_voxel/codegen_agent.py,Elastic-2.0,2026 SuperTale contributors,REUSE.toml aggregate annotation
src/novelvideo/generators/scene_voxel/palette.py,Elastic-2.0,2026 SuperTale contributors,REUSE.toml aggregate annotation
src/novelvideo/generators/scene_voxel/primitives.py,Elastic-2.0,2026 SuperTale contributors,REUSE.toml aggregate annotation
src/novelvideo/generators/scene_voxel/voxconvert.py,Elastic-2.0,2026 SuperTale contributors,REUSE.toml aggregate annotation
src/novelvideo/generators/scene_world.py,Elastic-2.0,2026 SuperTale contributors,REUSE.toml aggregate annotation
src/novelvideo/generators/sketch_color_detector.py,Elastic-2.0,2026 SuperTale contributors,REUSE.toml aggregate annotation
src/novelvideo/generators/style_analyzer.py,Elastic-2.0,2026 SuperTale contributors,REUSE.toml aggregate annotation
src/novelvideo/generators/tts_generator.py,Elastic-2.0,2026 SuperTale contributors,REUSE.toml aggregate annotation
src/novelvideo/generators/video/__init__.py,Elastic-2.0,2026 SuperTale contributors,REUSE.toml aggregate annotation
src/novelvideo/generators/video/base.py,Elastic-2.0,2026 SuperTale contributors,REUSE.toml aggregate annotation
src/novelvideo/generators/video/builtin_catalog.py,Elastic-2.0,2026 SuperTale contributors,REUSE.toml aggregate annotation
src/novelvideo/generators/video/capabilities.py,Elastic-2.0,2026 SuperTale contributors,REUSE.toml aggregate annotation
src/novelvideo/generators/video/catalog.py,Elastic-2.0,2026 SuperTale contributors,REUSE.toml aggregate annotation
src/novelvideo/generators/video/channel_wire_contract.py,Elastic-2.0,2026 SuperTale contributors,REUSE.toml aggregate annotation
src/novelvideo/generators/video/comfyui.py,Elastic-2.0,2026 SuperTale contributors,REUSE.toml aggregate annotation
src/novelvideo/generators/video/contract_packages.py,Elastic-2.0,2026 SuperTale contributors,REUSE.toml aggregate annotation
src/novelvideo/generators/video/contracts/happyhorse.json,Elastic-2.0,2026 SuperTale contributors,REUSE.toml aggregate annotation
src/novelvideo/generators/video/contracts/huabu-sd2.json,Elastic-2.0,2026 SuperTale contributors,REUSE.toml aggregate annotation
src/novelvideo/generators/video/contracts/kacang-933-fast.json,Elastic-2.0,2026 SuperTale contributors,REUSE.toml aggregate annotation
src/novelvideo/generators/video/contracts/prompt-hubs-firefly.json,Elastic-2.0,2026 SuperTale contributors,REUSE.toml aggregate annotation
src/novelvideo/generators/video/contracts/prompt-hubs-flex.json,Elastic-2.0,2026 SuperTale contributors,REUSE.toml aggregate annotation
src/novelvideo/generators/video/contracts/prompt-hubs-sd.json,Elastic-2.0,2026 SuperTale contributors,REUSE.toml aggregate annotation
src/novelvideo/generators/video/contracts/sd2-5-m-full.json,Elastic-2.0,2026 SuperTale contributors,REUSE.toml aggregate annotation
src/novelvideo/generators/video/contracts/seedance2-native.json,Elastic-2.0,2026 SuperTale contributors,REUSE.toml aggregate annotation
src/novelvideo/generators/video/direct_models.py,Elastic-2.0,2026 SuperTale contributors,REUSE.toml aggregate annotation
src/novelvideo/generators/video/direct_video_capability_cache.py,Elastic-2.0,2026 SuperTale contributors,REUSE.toml aggregate annotation
src/novelvideo/generators/video/direct_video_h3_routing.py,Elastic-2.0,2026 SuperTale contributors,REUSE.toml aggregate annotation
src/novelvideo/generators/video/direct_video_probe.py,Elastic-2.0,2026 SuperTale contributors,REUSE.toml aggregate annotation
src/novelvideo/generators/video/direct_video_profiles.py,Elastic-2.0,2026 SuperTale contributors,REUSE.toml aggregate annotation
src/novelvideo/generators/video/direct_video_protocol_contracts.py,Elastic-2.0,2026 SuperTale contributors,REUSE.toml aggregate annotation
src/novelvideo/generators/video/factory.py,Elastic-2.0,2026 SuperTale contributors,REUSE.toml aggregate annotation
src/novelvideo/generators/video/generic_video_adapter.py,Elastic-2.0,2026 SuperTale contributors,REUSE.toml aggregate annotation
src/novelvideo/generators/video/grok.py,Elastic-2.0,2026 SuperTale contributors,REUSE.toml aggregate annotation
src/novelvideo/generators/video/h3_body_translation.py,Elastic-2.0,2026 SuperTale contributors,REUSE.toml aggregate annotation
src/novelvideo/generators/video/huimeng.py,Elastic-2.0,2026 SuperTale contributors,REUSE.toml aggregate annotation
src/novelvideo/generators/video/mock.py,Elastic-2.0,2026 SuperTale contributors,REUSE.toml aggregate annotation
src/novelvideo/generators/video/model_name_capabilities.py,Elastic-2.0,2026 SuperTale contributors,REUSE.toml aggregate annotation
src/novelvideo/generators/video/newapi.py,Elastic-2.0,2026 SuperTale contributors,REUSE.toml aggregate annotation
src/novelvideo/generators/video/newapi_generate.py,Elastic-2.0,2026 SuperTale contributors,REUSE.toml aggregate annotation
src/novelvideo/generators/video/newapi_video_diagnostics.py,Elastic-2.0,2026 SuperTale contributors,REUSE.toml aggregate annotation
src/novelvideo/generators/video/newapi_video_result_recovery.py,Elastic-2.0,2026 SuperTale contributors,REUSE.toml aggregate annotation
src/novelvideo/generators/video/newapi_video_routing.py,Elastic-2.0,2026 SuperTale contributors,REUSE.toml aggregate annotation
src/novelvideo/generators/video/prompt_compiler.py,Elastic-2.0,2026 SuperTale contributors,REUSE.toml aggregate annotation
src/novelvideo/generators/video/prompt_translation.py,Elastic-2.0,2026 SuperTale contributors,REUSE.toml aggregate annotation
src/novelvideo/generators/video/request.py,Elastic-2.0,2026 SuperTale contributors,REUSE.toml aggregate annotation
src/novelvideo/generators/video/result_provenance.py,Elastic-2.0,2026 SuperTale contributors,REUSE.toml aggregate annotation
src/novelvideo/generators/video/runtime.py,Elastic-2.0,2026 SuperTale contributors,REUSE.toml aggregate annotation
src/novelvideo/generators/video/runtime_contract.py,Elastic-2.0,2026 SuperTale contributors,REUSE.toml aggregate annotation
src/novelvideo/generators/video/seedance.py,Elastic-2.0,2026 SuperTale contributors,REUSE.toml aggregate annotation
src/novelvideo/generators/video/seedance2.py,Elastic-2.0,2026 SuperTale contributors,REUSE.toml aggregate annotation
src/novelvideo/generators/video/upstream_profiles.py,Elastic-2.0,2026 SuperTale contributors,REUSE.toml aggregate annotation
src/novelvideo/generators/video/video_capability_envelope.py,Elastic-2.0,2026 SuperTale contributors,REUSE.toml aggregate annotation
src/novelvideo/generators/video/video_openapi_discovery.py,Elastic-2.0,2026 SuperTale contributors,REUSE.toml aggregate annotation
src/novelvideo/generators/video/video_provider_adapters.py,Elastic-2.0,2026 SuperTale contributors,REUSE.toml aggregate annotation
src/novelvideo/generators/video/wan26.py,Elastic-2.0,2026 SuperTale contributors,REUSE.toml aggregate annotation
src/novelvideo/generators/video_composer.py,Elastic-2.0,2026 SuperTale contributors,REUSE.toml aggregate annotation
src/novelvideo/generators/video_dispatcher.py,Elastic-2.0,2026 SuperTale contributors,REUSE.toml aggregate annotation
src/novelvideo/generators/video_generator.py,Elastic-2.0,2026 SuperTale contributors,REUSE.toml aggregate annotation
src/novelvideo/generators/video_pool_indexer.py,Elastic-2.0,2026 SuperTale contributors,REUSE.toml aggregate annotation
src/novelvideo/generators/voxel_restyle.py,Elastic-2.0,2026 SuperTale contributors,REUSE.toml aggregate annotation
src/novelvideo/generators/wan2-2-FLF-LightX2V.json,Elastic-2.0,2026 SuperTale contributors,REUSE.toml aggregate annotation
src/novelvideo/generators/wan2-2-I2V-GGUF-LightX2V.json,Elastic-2.0,2026 SuperTale contributors,REUSE.toml aggregate annotation
src/novelvideo/generators/wan2-2-I2V-LightX2V.json,Elastic-2.0,2026 SuperTale contributors,REUSE.toml aggregate annotation
src/novelvideo/image_request_usage.py,Elastic-2.0,2026 SuperTale contributors,REUSE.toml aggregate annotation
src/novelvideo/llm_instrumentation.py,Elastic-2.0,2026 SuperTale contributors,REUSE.toml aggregate annotation
src/novelvideo/manual_shots.py,Elastic-2.0,2026 SuperTale contributors,REUSE.toml aggregate annotation
src/novelvideo/media_binaries.py,Elastic-2.0,2026 SuperTale contributors,REUSE.toml aggregate annotation
src/novelvideo/model_catalog.py,Elastic-2.0,2026 SuperTale contributors,REUSE.toml aggregate annotation
src/novelvideo/model_gateway_runtime.py,Elastic-2.0,2026 SuperTale contributors,REUSE.toml aggregate annotation
src/novelvideo/model_gateway_settings.py,Elastic-2.0,2026 SuperTale contributors,REUSE.toml aggregate annotation
src/novelvideo/models.py,Elastic-2.0,2026 SuperTale contributors,REUSE.toml aggregate annotation
src/novelvideo/newapi_provisioner.py,Elastic-2.0,2026 SuperTale contributors,REUSE.toml aggregate annotation
src/novelvideo/novel_source.py,Elastic-2.0,2026 SuperTale contributors,REUSE.toml aggregate annotation
src/novelvideo/official_defaults.py,Elastic-2.0,2026 SuperTale contributors,REUSE.toml aggregate annotation
src/novelvideo/ports/__init__.py,Elastic-2.0,2026 SuperTale contributors,REUSE.toml aggregate annotation
src/novelvideo/ports/audit.py,Elastic-2.0,2026 SuperTale contributors,REUSE.toml aggregate annotation
src/novelvideo/ports/auth.py,Elastic-2.0,2026 SuperTale contributors,REUSE.toml aggregate annotation
src/novelvideo/ports/auth_contract.py,Elastic-2.0,2026 SuperTale contributors,REUSE.toml aggregate annotation
src/novelvideo/ports/canvas_commands.py,Elastic-2.0,2026 SuperTale contributors,REUSE.toml aggregate annotation
src/novelvideo/ports/credit_quote.py,Elastic-2.0,2026 SuperTale contributors,REUSE.toml aggregate annotation
src/novelvideo/ports/freezone_requests.py,Elastic-2.0,2026 SuperTale contributors,REUSE.toml aggregate annotation
src/novelvideo/ports/lifecycle.py,Elastic-2.0,2026 SuperTale contributors,REUSE.toml aggregate annotation
src/novelvideo/ports/local/__init__.py,Elastic-2.0,2026 SuperTale contributors,REUSE.toml aggregate annotation
src/novelvideo/ports/local/audit.py,Elastic-2.0,2026 SuperTale contributors,REUSE.toml aggregate annotation
src/novelvideo/ports/local/auth.py,Elastic-2.0,2026 SuperTale contributors,REUSE.toml aggregate annotation
src/novelvideo/ports/local/credit_quote.py,Elastic-2.0,2026 SuperTale contributors,REUSE.toml aggregate annotation
src/novelvideo/ports/local/durable_queue.py,Elastic-2.0,2026 SuperTale contributors,REUSE.toml aggregate annotation
src/novelvideo/ports/local/lifecycle.py,Elastic-2.0,2026 SuperTale contributors,REUSE.toml aggregate annotation
src/novelvideo/ports/local/project.py,Elastic-2.0,2026 SuperTale contributors,REUSE.toml aggregate annotation
src/novelvideo/ports/local/release_feed.py,Elastic-2.0,2026 SuperTale contributors,REUSE.toml aggregate annotation
src/novelvideo/ports/local/tasks.py,Elastic-2.0,2026 SuperTale contributors,REUSE.toml aggregate annotation
src/novelvideo/ports/local/usage.py,Elastic-2.0,2026 SuperTale contributors,REUSE.toml aggregate annotation
src/novelvideo/ports/production_control.py,Elastic-2.0,2026 SuperTale contributors,REUSE.toml aggregate annotation
src/novelvideo/ports/project.py,Elastic-2.0,2026 SuperTale contributors,REUSE.toml aggregate annotation
src/novelvideo/ports/registry.py,Elastic-2.0,2026 SuperTale contributors,REUSE.toml aggregate annotation
src/novelvideo/ports/release_feed.py,Elastic-2.0,2026 SuperTale contributors,REUSE.toml aggregate annotation
src/novelvideo/ports/script_video_feedback.py,Elastic-2.0,2026 SuperTale contributors,REUSE.toml aggregate annotation
src/novelvideo/ports/story_script.py,Elastic-2.0,2026 SuperTale contributors,REUSE.toml aggregate annotation
src/novelvideo/ports/tasks.py,Elastic-2.0,2026 SuperTale contributors,REUSE.toml aggregate annotation
src/novelvideo/ports/usage.py,Elastic-2.0,2026 SuperTale contributors,REUSE.toml aggregate annotation
src/novelvideo/product_identity.py,Elastic-2.0,2026 SuperTale contributors,REUSE.toml aggregate annotation
src/novelvideo/production/__init__.py,Elastic-2.0,2026 SuperTale contributors,REUSE.toml aggregate annotation
src/novelvideo/production/asset_passport.py,Elastic-2.0,2026 SuperTale contributors,REUSE.toml aggregate annotation
src/novelvideo/production/character_assets.py,Elastic-2.0,2026 SuperTale contributors,REUSE.toml aggregate annotation
src/novelvideo/production/cinematic_contract.py,Elastic-2.0,2026 SuperTale contributors,REUSE.toml aggregate annotation
src/novelvideo/production/combat_film_contract.py,Elastic-2.0,2026 SuperTale contributors,REUSE.toml aggregate annotation
src/novelvideo/production/combat_prompt_kb.py,Elastic-2.0,2026 SuperTale contributors,REUSE.toml aggregate annotation
src/novelvideo/production/continuity_contract.py,Elastic-2.0,2026 SuperTale contributors,REUSE.toml aggregate annotation
src/novelvideo/production/control_projection.py,Elastic-2.0,2026 SuperTale contributors,REUSE.toml aggregate annotation
src/novelvideo/production/control_service.py,Elastic-2.0,2026 SuperTale contributors,REUSE.toml aggregate annotation
src/novelvideo/production/control_store.py,Elastic-2.0,2026 SuperTale contributors,REUSE.toml aggregate annotation
src/novelvideo/production/cost_receipt.py,Elastic-2.0,2026 SuperTale contributors,REUSE.toml aggregate annotation
src/novelvideo/production/delivery_qc_contract.py,Elastic-2.0,2026 SuperTale contributors,REUSE.toml aggregate annotation
src/novelvideo/production/dialogue_sound_contract.py,Elastic-2.0,2026 SuperTale contributors,REUSE.toml aggregate annotation
src/novelvideo/production/director_clarification.py,Elastic-2.0,2026 SuperTale contributors,REUSE.toml aggregate annotation
src/novelvideo/production/director_evaluator.py,Elastic-2.0,2026 SuperTale contributors,REUSE.toml aggregate annotation
src/novelvideo/production/director_intent.py,Elastic-2.0,2026 SuperTale contributors,REUSE.toml aggregate annotation
src/novelvideo/production/director_plan.py,Elastic-2.0,2026 SuperTale contributors,REUSE.toml aggregate annotation
src/novelvideo/production/director_vision.py,Elastic-2.0,2026 SuperTale contributors,REUSE.toml aggregate annotation
src/novelvideo/production/emotion_direction.py,Elastic-2.0,2026 SuperTale contributors,REUSE.toml aggregate annotation
src/novelvideo/production/evidence_graph.py,Elastic-2.0,2026 SuperTale contributors,REUSE.toml aggregate annotation
src/novelvideo/production/film_production_contract.py,Elastic-2.0,2026 SuperTale contributors,REUSE.toml aggregate annotation
src/novelvideo/production/filmcraft_kb.py,Elastic-2.0,2026 SuperTale contributors,REUSE.toml aggregate annotation
src/novelvideo/production/foundation_evidence.py,Elastic-2.0,2026 SuperTale contributors,REUSE.toml aggregate annotation
src/novelvideo/production/libtv_connector.py,Elastic-2.0,2026 SuperTale contributors,REUSE.toml aggregate annotation
src/novelvideo/production/metadata.py,Elastic-2.0,2026 SuperTale contributors,REUSE.toml aggregate annotation
src/novelvideo/production/original_seed.py,Elastic-2.0,2026 SuperTale contributors,REUSE.toml aggregate annotation
src/novelvideo/production/pipeline_contract.py,Elastic-2.0,2026 SuperTale contributors,REUSE.toml aggregate annotation
src/novelvideo/production/production_estimator.py,Elastic-2.0,2026 SuperTale contributors,REUSE.toml aggregate annotation
src/novelvideo/production/project_dna.py,Elastic-2.0,2026 SuperTale contributors,REUSE.toml aggregate annotation
src/novelvideo/production/registry.py,Elastic-2.0,2026 SuperTale contributors,REUSE.toml aggregate annotation
src/novelvideo/production/scene_assets.py,Elastic-2.0,2026 SuperTale contributors,REUSE.toml aggregate annotation
src/novelvideo/production/schemas.py,Elastic-2.0,2026 SuperTale contributors,REUSE.toml aggregate annotation
src/novelvideo/production/screening_repair.py,Elastic-2.0,2026 SuperTale contributors,REUSE.toml aggregate annotation
src/novelvideo/production/shot_contract.py,Elastic-2.0,2026 SuperTale contributors,REUSE.toml aggregate annotation
src/novelvideo/production/stage_evidence.py,Elastic-2.0,2026 SuperTale contributors,REUSE.toml aggregate annotation
src/novelvideo/production/story_contract.py,Elastic-2.0,2026 SuperTale contributors,REUSE.toml aggregate annotation
src/novelvideo/production/taste_engines.py,Elastic-2.0,2026 SuperTale contributors,REUSE.toml aggregate annotation
src/novelvideo/production/taste_kb.py,Elastic-2.0,2026 SuperTale contributors,REUSE.toml aggregate annotation
src/novelvideo/production/visual_bible.py,Elastic-2.0,2026 SuperTale contributors,REUSE.toml aggregate annotation
src/novelvideo/project_config.py,Elastic-2.0,2026 SuperTale contributors,REUSE.toml aggregate annotation
src/novelvideo/project_context.py,Elastic-2.0,2026 SuperTale contributors,REUSE.toml aggregate annotation
src/novelvideo/release-notes.md,Elastic-2.0,2026 SuperTale contributors,REUSE.toml aggregate annotation
src/novelvideo/release_notes.py,Elastic-2.0,2026 SuperTale contributors,REUSE.toml aggregate annotation
src/novelvideo/render_plan/__init__.py,Elastic-2.0,2026 SuperTale contributors,REUSE.toml aggregate annotation
src/novelvideo/render_plan/ref_image_hash.py,Elastic-2.0,2026 SuperTale contributors,REUSE.toml aggregate annotation
src/novelvideo/research/__init__.py,Elastic-2.0,2026 SuperTale contributors,REUSE.toml aggregate annotation
src/novelvideo/research/aigc_director_recipes.py,Elastic-2.0,2026 SuperTale contributors,REUSE.toml aggregate annotation
src/novelvideo/research/provenance.py,Elastic-2.0,2026 SuperTale contributors,REUSE.toml aggregate annotation
src/novelvideo/security/__init__.py,Elastic-2.0,2026 SuperTale contributors,REUSE.toml aggregate annotation
src/novelvideo/security/operator_auth.py,Elastic-2.0,2026 SuperTale contributors,REUSE.toml aggregate annotation
src/novelvideo/security/sandbox_wrap.py,Elastic-2.0,2026 SuperTale contributors,REUSE.toml aggregate annotation
src/novelvideo/seedance2_i2v/__init__.py,Elastic-2.0,2026 SuperTale contributors,REUSE.toml aggregate annotation
src/novelvideo/seedance2_i2v/assets.py,Elastic-2.0,2026 SuperTale contributors,REUSE.toml aggregate annotation
src/novelvideo/seedance2_i2v/character_voice_storage.py,Elastic-2.0,2026 SuperTale contributors,REUSE.toml aggregate annotation
src/novelvideo/seedance2_i2v/models.py,Elastic-2.0,2026 SuperTale contributors,REUSE.toml aggregate annotation
src/novelvideo/seedance2_i2v/narration_audio_task.py,Elastic-2.0,2026 SuperTale contributors,REUSE.toml aggregate annotation
src/novelvideo/seedance2_i2v/panel_service.py,Elastic-2.0,2026 SuperTale contributors,REUSE.toml aggregate annotation
src/novelvideo/seedance2_i2v/pipeline.py,Elastic-2.0,2026 SuperTale contributors,REUSE.toml aggregate annotation
src/novelvideo/seedance2_i2v/prompt.py,Elastic-2.0,2026 SuperTale contributors,REUSE.toml aggregate annotation
src/novelvideo/seedance2_i2v/request.py,Elastic-2.0,2026 SuperTale contributors,REUSE.toml aggregate annotation
src/novelvideo/seedance2_i2v/spoken_dialogue.py,Elastic-2.0,2026 SuperTale contributors,REUSE.toml aggregate annotation
src/novelvideo/seedance2_i2v/voice_audio_records.py,Elastic-2.0,2026 SuperTale contributors,REUSE.toml aggregate annotation
src/novelvideo/seedance2_i2v/voice_audio_task.py,Elastic-2.0,2026 SuperTale contributors,REUSE.toml aggregate annotation
src/novelvideo/seedance2_i2v/voice_clone.py,Elastic-2.0,2026 SuperTale contributors,REUSE.toml aggregate annotation
src/novelvideo/seedance2_i2v/voice_reference_service.py,Elastic-2.0,2026 SuperTale contributors,REUSE.toml aggregate annotation
src/novelvideo/services/__init__.py,Elastic-2.0,2026 SuperTale contributors,REUSE.toml aggregate annotation
src/novelvideo/services/_video_request_contract.py,Elastic-2.0,2026 SuperTale contributors,REUSE.toml aggregate annotation
src/novelvideo/services/asset_provenance.py,Elastic-2.0,2026 SuperTale contributors,REUSE.toml aggregate annotation
src/novelvideo/services/background_anchor_service.py,Elastic-2.0,2026 SuperTale contributors,REUSE.toml aggregate annotation
src/novelvideo/services/beat_relay.py,Elastic-2.0,2026 SuperTale contributors,REUSE.toml aggregate annotation
src/novelvideo/services/beat_video_prompts.py,Elastic-2.0,2026 SuperTale contributors,REUSE.toml aggregate annotation
src/novelvideo/services/canvas_assets.py,Elastic-2.0,2026 SuperTale contributors,REUSE.toml aggregate annotation
src/novelvideo/services/canvas_commands.py,Elastic-2.0,2026 SuperTale contributors,REUSE.toml aggregate annotation
src/novelvideo/services/character_promotion_service.py,Elastic-2.0,2026 SuperTale contributors,REUSE.toml aggregate annotation
src/novelvideo/services/character_ref_service.py,Elastic-2.0,2026 SuperTale contributors,REUSE.toml aggregate annotation
src/novelvideo/services/content_rewrite.py,Elastic-2.0,2026 SuperTale contributors,REUSE.toml aggregate annotation
src/novelvideo/services/continuity_contract.py,Elastic-2.0,2026 SuperTale contributors,REUSE.toml aggregate annotation
src/novelvideo/services/delivery_audio.py,Elastic-2.0,2026 SuperTale contributors,REUSE.toml aggregate annotation
src/novelvideo/services/delivery_fps.py,Elastic-2.0,2026 SuperTale contributors,REUSE.toml aggregate annotation
src/novelvideo/services/delivery_video.py,Elastic-2.0,2026 SuperTale contributors,REUSE.toml aggregate annotation
src/novelvideo/services/director_sketch.py,Elastic-2.0,2026 SuperTale contributors,REUSE.toml aggregate annotation
src/novelvideo/services/film_production.py,Elastic-2.0,2026 SuperTale contributors,REUSE.toml aggregate annotation
src/novelvideo/services/freezone_content.py,Elastic-2.0,2026 SuperTale contributors,REUSE.toml aggregate annotation
src/novelvideo/services/freezone_jobs.py,Elastic-2.0,2026 SuperTale contributors,REUSE.toml aggregate annotation
src/novelvideo/services/judgment.py,Elastic-2.0,2026 SuperTale contributors,REUSE.toml aggregate annotation
src/novelvideo/services/mainline_generation_context.py,Elastic-2.0,2026 SuperTale contributors,REUSE.toml aggregate annotation
src/novelvideo/services/media_provider.py,Elastic-2.0,2026 SuperTale contributors,REUSE.toml aggregate annotation
src/novelvideo/services/production_contracts.py,Elastic-2.0,2026 SuperTale contributors,REUSE.toml aggregate annotation
src/novelvideo/services/production_control.py,Elastic-2.0,2026 SuperTale contributors,REUSE.toml aggregate annotation
src/novelvideo/services/production_foundation.py,Elastic-2.0,2026 SuperTale contributors,REUSE.toml aggregate annotation
src/novelvideo/services/project_resources.py,Elastic-2.0,2026 SuperTale contributors,REUSE.toml aggregate annotation
src/novelvideo/services/prop_promotion_service.py,Elastic-2.0,2026 SuperTale contributors,REUSE.toml aggregate annotation
src/novelvideo/services/prop_ref_service.py,Elastic-2.0,2026 SuperTale contributors,REUSE.toml aggregate annotation
src/novelvideo/services/single_video_request_fields.py,Elastic-2.0,2026 SuperTale contributors,REUSE.toml aggregate annotation
src/novelvideo/services/sketch_pose_service.py,Elastic-2.0,2026 SuperTale contributors,REUSE.toml aggregate annotation
src/novelvideo/services/starter_workflows.py,Elastic-2.0,2026 SuperTale contributors,REUSE.toml aggregate annotation
src/novelvideo/services/story_pipeline.py,Elastic-2.0,2026 SuperTale contributors,REUSE.toml aggregate annotation
src/novelvideo/services/style_service.py,Elastic-2.0,2026 SuperTale contributors,REUSE.toml aggregate annotation
src/novelvideo/services/task_failures.py,Elastic-2.0,2026 SuperTale contributors,REUSE.toml aggregate annotation
src/novelvideo/services/task_runtime.py,Elastic-2.0,2026 SuperTale contributors,REUSE.toml aggregate annotation
src/novelvideo/services/video_dispatch.py,Elastic-2.0,2026 SuperTale contributors,REUSE.toml aggregate annotation
src/novelvideo/services/video_generation_request.py,Elastic-2.0,2026 SuperTale contributors,REUSE.toml aggregate annotation
src/novelvideo/services/video_generation_source.py,Elastic-2.0,2026 SuperTale contributors,REUSE.toml aggregate annotation
src/novelvideo/services/video_request_contract.py,Elastic-2.0,2026 SuperTale contributors,REUSE.toml aggregate annotation
src/novelvideo/services/video_submission_keys.py,Elastic-2.0,2026 SuperTale contributors,REUSE.toml aggregate annotation
src/novelvideo/services/video_tasks.py,Elastic-2.0,2026 SuperTale contributors,REUSE.toml aggregate annotation
src/novelvideo/services/vision_gateway.py,Elastic-2.0,2026 SuperTale contributors,REUSE.toml aggregate annotation
src/novelvideo/shared/__init__.py,Elastic-2.0,2026 SuperTale contributors,REUSE.toml aggregate annotation
src/novelvideo/shared/api_coverage.py,Elastic-2.0,2026 SuperTale contributors,REUSE.toml aggregate annotation
src/novelvideo/shared/billing_errors.py,Elastic-2.0,2026 SuperTale contributors,REUSE.toml aggregate annotation
src/novelvideo/shared/env_guard.py,Elastic-2.0,2026 SuperTale contributors,REUSE.toml aggregate annotation
src/novelvideo/shared/node_identity.py,Elastic-2.0,2026 SuperTale contributors,REUSE.toml aggregate annotation
src/novelvideo/shared/paid_media_limits.py,Elastic-2.0,2026 SuperTale contributors,REUSE.toml aggregate annotation
src/novelvideo/shared/project_dirs.py,Elastic-2.0,2026 SuperTale contributors,REUSE.toml aggregate annotation
src/novelvideo/shared/provider_cost.py,Elastic-2.0,2026 SuperTale contributors,REUSE.toml aggregate annotation
src/novelvideo/shared/provider_errors.py,Elastic-2.0,2026 SuperTale contributors,REUSE.toml aggregate annotation
src/novelvideo/shared/runtime_env.py,Elastic-2.0,2026 SuperTale contributors,REUSE.toml aggregate annotation
src/novelvideo/skills/__init__.py,Elastic-2.0,2026 SuperTale contributors,REUSE.toml aggregate annotation
src/novelvideo/skills/director_scene_catalog.py,Elastic-2.0,2026 SuperTale contributors,REUSE.toml aggregate annotation
src/novelvideo/skills/director_skill.py,Elastic-2.0,2026 SuperTale contributors,REUSE.toml aggregate annotation
src/novelvideo/skills_distill/__init__.py,Elastic-2.0,2026 SuperTale contributors,REUSE.toml aggregate annotation
src/novelvideo/skills_distill/admission.py,Elastic-2.0,2026 SuperTale contributors,REUSE.toml aggregate annotation
src/novelvideo/skills_distill/catalog/libtv_skills.json,Elastic-2.0,2026 SuperTale contributors,REUSE.toml aggregate annotation
src/novelvideo/skills_distill/catalog/tapnow_skills.json,Elastic-2.0,2026 SuperTale contributors,REUSE.toml aggregate annotation
src/novelvideo/skills_distill/install.py,Elastic-2.0,2026 SuperTale contributors,REUSE.toml aggregate annotation
src/novelvideo/skills_distill/llm.py,Elastic-2.0,2026 SuperTale contributors,REUSE.toml aggregate annotation
src/novelvideo/skills_distill/pipeline.py,Elastic-2.0,2026 SuperTale contributors,REUSE.toml aggregate annotation
src/novelvideo/skills_distill/store.py,Elastic-2.0,2026 SuperTale contributors,REUSE.toml aggregate annotation
src/novelvideo/sqlite_pragmas.py,Elastic-2.0,2026 SuperTale contributors,REUSE.toml aggregate annotation
src/novelvideo/sqlite_store.py,Elastic-2.0,2026 SuperTale contributors,REUSE.toml aggregate annotation
src/novelvideo/stage_asset_tasks.py,Elastic-2.0,2026 SuperTale contributors,REUSE.toml aggregate annotation
src/novelvideo/state_sql.py,Elastic-2.0,2026 SuperTale contributors,REUSE.toml aggregate annotation
src/novelvideo/storage/__init__.py,Elastic-2.0,2026 SuperTale contributors,REUSE.toml aggregate annotation
src/novelvideo/storage/media_relay.py,Elastic-2.0,2026 SuperTale contributors,REUSE.toml aggregate annotation
src/novelvideo/story_input_normalizer.py,Elastic-2.0,2026 SuperTale contributors,REUSE.toml aggregate annotation
src/novelvideo/story_lab/__init__.py,Elastic-2.0,2026 SuperTale contributors,REUSE.toml aggregate annotation
src/novelvideo/story_lab/models.py,Elastic-2.0,2026 SuperTale contributors,REUSE.toml aggregate annotation
src/novelvideo/story_lab/persistence.py,Elastic-2.0,2026 SuperTale contributors,REUSE.toml aggregate annotation
src/novelvideo/story_lab/prompts.py,Elastic-2.0,2026 SuperTale contributors,REUSE.toml aggregate annotation
src/novelvideo/story_lab/service.py,Elastic-2.0,2026 SuperTale contributors,REUSE.toml aggregate annotation
src/novelvideo/styles/gpt_image_case_library.py,Elastic-2.0,2026 SuperTale contributors,REUSE.toml aggregate annotation
src/novelvideo/styles/presets/STYLE_DESIGN.md,Elastic-2.0,2026 SuperTale contributors,REUSE.toml aggregate annotation
src/novelvideo/styles/presets/STYLE_RESEARCH_2026.md,Elastic-2.0,2026 SuperTale contributors,REUSE.toml aggregate annotation
src/novelvideo/styles/presets/afrofuturist_epic.json,Elastic-2.0,2026 SuperTale contributors,REUSE.toml aggregate annotation
src/novelvideo/styles/presets/afrofuturist_epic.webp,Elastic-2.0,2026 SuperTale contributors,REUSE.toml aggregate annotation
src/novelvideo/styles/presets/analog_retro_future.json,Elastic-2.0,2026 SuperTale contributors,REUSE.toml aggregate annotation
src/novelvideo/styles/presets/analog_retro_future.webp,Elastic-2.0,2026 SuperTale contributors,REUSE.toml aggregate annotation
src/novelvideo/styles/presets/anime.json,Elastic-2.0,2026 SuperTale contributors,REUSE.toml aggregate annotation
src/novelvideo/styles/presets/anime.webp,Elastic-2.0,2026 SuperTale contributors,REUSE.toml aggregate annotation
src/novelvideo/styles/presets/anime_cel_premium.json,Elastic-2.0,2026 SuperTale contributors,REUSE.toml aggregate annotation
src/novelvideo/styles/presets/anime_cel_premium.webp,Elastic-2.0,2026 SuperTale contributors,REUSE.toml aggregate annotation
src/novelvideo/styles/presets/art_deco_metropolis.json,Elastic-2.0,2026 SuperTale contributors,REUSE.toml aggregate annotation
src/novelvideo/styles/presets/art_deco_metropolis.webp,Elastic-2.0,2026 SuperTale contributors,REUSE.toml aggregate annotation
src/novelvideo/styles/presets/arthouse_naturalism.json,Elastic-2.0,2026 SuperTale contributors,REUSE.toml aggregate annotation
src/novelvideo/styles/presets/arthouse_naturalism.webp,Elastic-2.0,2026 SuperTale contributors,REUSE.toml aggregate annotation
src/novelvideo/styles/presets/brutalist_future.json,Elastic-2.0,2026 SuperTale contributors,REUSE.toml aggregate annotation
src/novelvideo/styles/presets/brutalist_future.webp,Elastic-2.0,2026 SuperTale contributors,REUSE.toml aggregate annotation
src/novelvideo/styles/presets/chinese_opera_stage.json,Elastic-2.0,2026 SuperTale contributors,REUSE.toml aggregate annotation
src/novelvideo/styles/presets/chinese_opera_stage.webp,Elastic-2.0,2026 SuperTale contributors,REUSE.toml aggregate annotation
src/novelvideo/styles/presets/chinese_period_drama.json,Elastic-2.0,2026 SuperTale contributors,REUSE.toml aggregate annotation
src/novelvideo/styles/presets/chinese_period_drama.png,Elastic-2.0,2026 SuperTale contributors,REUSE.toml aggregate annotation
src/novelvideo/styles/presets/chinese_shadow_puppet.json,Elastic-2.0,2026 SuperTale contributors,REUSE.toml aggregate annotation
src/novelvideo/styles/presets/chinese_shadow_puppet.webp,Elastic-2.0,2026 SuperTale contributors,REUSE.toml aggregate annotation
src/novelvideo/styles/presets/clay_stop_motion.json,Elastic-2.0,2026 SuperTale contributors,REUSE.toml aggregate annotation
src/novelvideo/styles/presets/clay_stop_motion.webp,Elastic-2.0,2026 SuperTale contributors,REUSE.toml aggregate annotation
src/novelvideo/styles/presets/cosmic_sci_fi.json,Elastic-2.0,2026 SuperTale contributors,REUSE.toml aggregate annotation
src/novelvideo/styles/presets/cosmic_sci_fi.webp,Elastic-2.0,2026 SuperTale contributors,REUSE.toml aggregate annotation
src/novelvideo/styles/presets/cyanotype_photography.json,Elastic-2.0,2026 SuperTale contributors,REUSE.toml aggregate annotation
src/novelvideo/styles/presets/cyanotype_photography.webp,Elastic-2.0,2026 SuperTale contributors,REUSE.toml aggregate annotation
src/novelvideo/styles/presets/cyberpunk_neon.json,Elastic-2.0,2026 SuperTale contributors,REUSE.toml aggregate annotation
src/novelvideo/styles/presets/cyberpunk_neon.webp,Elastic-2.0,2026 SuperTale contributors,REUSE.toml aggregate annotation
src/novelvideo/styles/presets/dark_fantasy.json,Elastic-2.0,2026 SuperTale contributors,REUSE.toml aggregate annotation
src/novelvideo/styles/presets/dark_fantasy.webp,Elastic-2.0,2026 SuperTale contributors,REUSE.toml aggregate annotation
src/novelvideo/styles/presets/documentary_16mm.json,Elastic-2.0,2026 SuperTale contributors,REUSE.toml aggregate annotation
src/novelvideo/styles/presets/documentary_16mm.webp,Elastic-2.0,2026 SuperTale contributors,REUSE.toml aggregate annotation
src/novelvideo/styles/presets/dunhuang_mural.json,Elastic-2.0,2026 SuperTale contributors,REUSE.toml aggregate annotation
src/novelvideo/styles/presets/dunhuang_mural.webp,Elastic-2.0,2026 SuperTale contributors,REUSE.toml aggregate annotation
src/novelvideo/styles/presets/expressionist_silent.json,Elastic-2.0,2026 SuperTale contributors,REUSE.toml aggregate annotation
src/novelvideo/styles/presets/expressionist_silent.webp,Elastic-2.0,2026 SuperTale contributors,REUSE.toml aggregate annotation
src/novelvideo/styles/presets/fashion_editorial.json,Elastic-2.0,2026 SuperTale contributors,REUSE.toml aggregate annotation
src/novelvideo/styles/presets/fashion_editorial.webp,Elastic-2.0,2026 SuperTale contributors,REUSE.toml aggregate annotation
src/novelvideo/styles/presets/felt_puppet_stopmotion.json,Elastic-2.0,2026 SuperTale contributors,REUSE.toml aggregate annotation
src/novelvideo/styles/presets/felt_puppet_stopmotion.webp,Elastic-2.0,2026 SuperTale contributors,REUSE.toml aggregate annotation
src/novelvideo/styles/presets/french_new_wave.json,Elastic-2.0,2026 SuperTale contributors,REUSE.toml aggregate annotation
src/novelvideo/styles/presets/french_new_wave.webp,Elastic-2.0,2026 SuperTale contributors,REUSE.toml aggregate annotation
src/novelvideo/styles/presets/giallo_psychological.json,Elastic-2.0,2026 SuperTale contributors,REUSE.toml aggregate annotation
src/novelvideo/styles/presets/giallo_psychological.webp,Elastic-2.0,2026 SuperTale contributors,REUSE.toml aggregate annotation
src/novelvideo/styles/presets/gongbi_heavy_color.json,Elastic-2.0,2026 SuperTale contributors,REUSE.toml aggregate annotation
src/novelvideo/styles/presets/gongbi_heavy_color.webp,Elastic-2.0,2026 SuperTale contributors,REUSE.toml aggregate annotation
src/novelvideo/styles/presets/graphic_novel.json,Elastic-2.0,2026 SuperTale contributors,REUSE.toml aggregate annotation
src/novelvideo/styles/presets/graphic_novel.webp,Elastic-2.0,2026 SuperTale contributors,REUSE.toml aggregate annotation
src/novelvideo/styles/presets/guoman_fantasy.json,Elastic-2.0,2026 SuperTale contributors,REUSE.toml aggregate annotation
src/novelvideo/styles/presets/guoman_fantasy.png,Elastic-2.0,2026 SuperTale contributors,REUSE.toml aggregate annotation
src/novelvideo/styles/presets/indian_miniature.json,Elastic-2.0,2026 SuperTale contributors,REUSE.toml aggregate annotation
src/novelvideo/styles/presets/indian_miniature.webp,Elastic-2.0,2026 SuperTale contributors,REUSE.toml aggregate annotation
src/novelvideo/styles/presets/korean_minhwa.json,Elastic-2.0,2026 SuperTale contributors,REUSE.toml aggregate annotation
src/novelvideo/styles/presets/korean_minhwa.webp,Elastic-2.0,2026 SuperTale contributors,REUSE.toml aggregate annotation
src/novelvideo/styles/presets/ligne_claire_european.json,Elastic-2.0,2026 SuperTale contributors,REUSE.toml aggregate annotation
src/novelvideo/styles/presets/ligne_claire_european.webp,Elastic-2.0,2026 SuperTale contributors,REUSE.toml aggregate annotation
src/novelvideo/styles/presets/low_poly_diorama.json,Elastic-2.0,2026 SuperTale contributors,REUSE.toml aggregate annotation
src/novelvideo/styles/presets/low_poly_diorama.webp,Elastic-2.0,2026 SuperTale contributors,REUSE.toml aggregate annotation
src/novelvideo/styles/presets/neo_noir.json,Elastic-2.0,2026 SuperTale contributors,REUSE.toml aggregate annotation
src/novelvideo/styles/presets/neo_noir.webp,Elastic-2.0,2026 SuperTale contributors,REUSE.toml aggregate annotation
src/novelvideo/styles/presets/nordic_lifestyle.json,Elastic-2.0,2026 SuperTale contributors,REUSE.toml aggregate annotation
src/novelvideo/styles/presets/nordic_lifestyle.webp,Elastic-2.0,2026 SuperTale contributors,REUSE.toml aggregate annotation
src/novelvideo/styles/presets/oil_painted_animation.json,Elastic-2.0,2026 SuperTale contributors,REUSE.toml aggregate annotation
src/novelvideo/styles/presets/oil_painted_animation.webp,Elastic-2.0,2026 SuperTale contributors,REUSE.toml aggregate annotation
src/novelvideo/styles/presets/paper_cut_folk.json,Elastic-2.0,2026 SuperTale contributors,REUSE.toml aggregate annotation
src/novelvideo/styles/presets/paper_cut_folk.webp,Elastic-2.0,2026 SuperTale contributors,REUSE.toml aggregate annotation
src/novelvideo/styles/presets/persian_miniature.json,Elastic-2.0,2026 SuperTale contributors,REUSE.toml aggregate annotation
src/novelvideo/styles/presets/persian_miniature.webp,Elastic-2.0,2026 SuperTale contributors,REUSE.toml aggregate annotation
src/novelvideo/styles/presets/pinscreen_engraving.json,Elastic-2.0,2026 SuperTale contributors,REUSE.toml aggregate annotation
src/novelvideo/styles/presets/pinscreen_engraving.webp,Elastic-2.0,2026 SuperTale contributors,REUSE.toml aggregate annotation
src/novelvideo/styles/presets/pixel_art_cinema.json,Elastic-2.0,2026 SuperTale contributors,REUSE.toml aggregate annotation
src/novelvideo/styles/presets/pixel_art_cinema.webp,Elastic-2.0,2026 SuperTale contributors,REUSE.toml aggregate annotation
src/novelvideo/styles/presets/porcelain_fantasy.json,Elastic-2.0,2026 SuperTale contributors,REUSE.toml aggregate annotation
src/novelvideo/styles/presets/porcelain_fantasy.webp,Elastic-2.0,2026 SuperTale contributors,REUSE.toml aggregate annotation
src/novelvideo/styles/presets/post_apocalyptic.json,Elastic-2.0,2026 SuperTale contributors,REUSE.toml aggregate annotation
src/novelvideo/styles/presets/post_apocalyptic.png,Elastic-2.0,2026 SuperTale contributors,REUSE.toml aggregate annotation
src/novelvideo/styles/presets/product_cinematic.json,Elastic-2.0,2026 SuperTale contributors,REUSE.toml aggregate annotation
src/novelvideo/styles/presets/product_cinematic.webp,Elastic-2.0,2026 SuperTale contributors,REUSE.toml aggregate annotation
src/novelvideo/styles/presets/realistic.json,Elastic-2.0,2026 SuperTale contributors,REUSE.toml aggregate annotation
src/novelvideo/styles/presets/realistic.webp,Elastic-2.0,2026 SuperTale contributors,REUSE.toml aggregate annotation
src/novelvideo/styles/presets/republican_era_drama.json,Elastic-2.0,2026 SuperTale contributors,REUSE.toml aggregate annotation
src/novelvideo/styles/presets/republican_era_drama.png,Elastic-2.0,2026 SuperTale contributors,REUSE.toml aggregate annotation
src/novelvideo/styles/presets/retro_hong_kong.json,Elastic-2.0,2026 SuperTale contributors,REUSE.toml aggregate annotation
src/novelvideo/styles/presets/retro_hong_kong.webp,Elastic-2.0,2026 SuperTale contributors,REUSE.toml aggregate annotation
src/novelvideo/styles/presets/romantic_period.json,Elastic-2.0,2026 SuperTale contributors,REUSE.toml aggregate annotation
src/novelvideo/styles/presets/romantic_period.webp,Elastic-2.0,2026 SuperTale contributors,REUSE.toml aggregate annotation
src/novelvideo/styles/presets/solarpunk_cinema.json,Elastic-2.0,2026 SuperTale contributors,REUSE.toml aggregate annotation
src/novelvideo/styles/presets/solarpunk_cinema.webp,Elastic-2.0,2026 SuperTale contributors,REUSE.toml aggregate annotation
src/novelvideo/styles/presets/song_poetic_landscape.json,Elastic-2.0,2026 SuperTale contributors,REUSE.toml aggregate annotation
src/novelvideo/styles/presets/song_poetic_landscape.webp,Elastic-2.0,2026 SuperTale contributors,REUSE.toml aggregate annotation
src/novelvideo/styles/presets/spaghetti_western.json,Elastic-2.0,2026 SuperTale contributors,REUSE.toml aggregate annotation
src/novelvideo/styles/presets/spaghetti_western.webp,Elastic-2.0,2026 SuperTale contributors,REUSE.toml aggregate annotation
src/novelvideo/styles/presets/stylized_3d_family.json,Elastic-2.0,2026 SuperTale contributors,REUSE.toml aggregate annotation
src/novelvideo/styles/presets/stylized_3d_family.webp,Elastic-2.0,2026 SuperTale contributors,REUSE.toml aggregate annotation
src/novelvideo/styles/presets/surreal_dreamscape.json,Elastic-2.0,2026 SuperTale contributors,REUSE.toml aggregate annotation
src/novelvideo/styles/presets/surreal_dreamscape.webp,Elastic-2.0,2026 SuperTale contributors,REUSE.toml aggregate annotation
src/novelvideo/styles/presets/tang_epic.json,Elastic-2.0,2026 SuperTale contributors,REUSE.toml aggregate annotation
src/novelvideo/styles/presets/tang_epic.webp,Elastic-2.0,2026 SuperTale contributors,REUSE.toml aggregate annotation
src/novelvideo/styles/presets/technicolor_musical.json,Elastic-2.0,2026 SuperTale contributors,REUSE.toml aggregate annotation
src/novelvideo/styles/presets/technicolor_musical.webp,Elastic-2.0,2026 SuperTale contributors,REUSE.toml aggregate annotation
src/novelvideo/styles/presets/ukiyo_e_modern.json,Elastic-2.0,2026 SuperTale contributors,REUSE.toml aggregate annotation
src/novelvideo/styles/presets/ukiyo_e_modern.webp,Elastic-2.0,2026 SuperTale contributors,REUSE.toml aggregate annotation
src/novelvideo/styles/presets/upa_midcentury_modern.json,Elastic-2.0,2026 SuperTale contributors,REUSE.toml aggregate annotation
src/novelvideo/styles/presets/upa_midcentury_modern.webp,Elastic-2.0,2026 SuperTale contributors,REUSE.toml aggregate annotation
src/novelvideo/styles/presets/watercolor_storybook.json,Elastic-2.0,2026 SuperTale contributors,REUSE.toml aggregate annotation
src/novelvideo/styles/presets/watercolor_storybook.webp,Elastic-2.0,2026 SuperTale contributors,REUSE.toml aggregate annotation
src/novelvideo/styles/presets/wuxia_ink.json,Elastic-2.0,2026 SuperTale contributors,REUSE.toml aggregate annotation
src/novelvideo/styles/presets/wuxia_ink.webp,Elastic-2.0,2026 SuperTale contributors,REUSE.toml aggregate annotation
src/novelvideo/styles/presets/yamato_e_emaki.json,Elastic-2.0,2026 SuperTale contributors,REUSE.toml aggregate annotation
src/novelvideo/styles/presets/yamato_e_emaki.webp,Elastic-2.0,2026 SuperTale contributors,REUSE.toml aggregate annotation
src/novelvideo/styles/preview_image.py,Elastic-2.0,2026 SuperTale contributors,REUSE.toml aggregate annotation
src/novelvideo/styles/project_style.py,Elastic-2.0,2026 SuperTale contributors,REUSE.toml aggregate annotation
src/novelvideo/styles/prompt_compiler.py,Elastic-2.0,2026 SuperTale contributors,REUSE.toml aggregate annotation
src/novelvideo/task_backend/__init__.py,Elastic-2.0,2026 SuperTale contributors,REUSE.toml aggregate annotation
src/novelvideo/task_backend/cancel.py,Elastic-2.0,2026 SuperTale contributors,REUSE.toml aggregate annotation
src/novelvideo/task_backend/client.py,Elastic-2.0,2026 SuperTale contributors,REUSE.toml aggregate annotation
src/novelvideo/task_backend/limits.py,Elastic-2.0,2026 SuperTale contributors,REUSE.toml aggregate annotation
src/novelvideo/task_backend/queues.py,Elastic-2.0,2026 SuperTale contributors,REUSE.toml aggregate annotation
src/novelvideo/task_backend/receipts.py,Elastic-2.0,2026 SuperTale contributors,REUSE.toml aggregate annotation
src/novelvideo/task_backend/registry.py,Elastic-2.0,2026 SuperTale contributors,REUSE.toml aggregate annotation
src/novelvideo/task_backend/run_core.py,Elastic-2.0,2026 SuperTale contributors,REUSE.toml aggregate annotation
src/novelvideo/task_backend/runners/__init__.py,Elastic-2.0,2026 SuperTale contributors,REUSE.toml aggregate annotation
src/novelvideo/task_backend/runners/audio.py,Elastic-2.0,2026 SuperTale contributors,REUSE.toml aggregate annotation
src/novelvideo/task_backend/runners/canvas_media.py,Elastic-2.0,2026 SuperTale contributors,REUSE.toml aggregate annotation
src/novelvideo/task_backend/runners/character_image.py,Elastic-2.0,2026 SuperTale contributors,REUSE.toml aggregate annotation
src/novelvideo/task_backend/runners/character_quality.py,Elastic-2.0,2026 SuperTale contributors,REUSE.toml aggregate annotation
src/novelvideo/task_backend/runners/content.py,Elastic-2.0,2026 SuperTale contributors,REUSE.toml aggregate annotation
src/novelvideo/task_backend/runners/dialogue_audio_support.py,Elastic-2.0,2026 SuperTale contributors,REUSE.toml aggregate annotation
src/novelvideo/task_backend/runners/episode_assets.py,Elastic-2.0,2026 SuperTale contributors,REUSE.toml aggregate annotation
src/novelvideo/task_backend/runners/episode_quality.py,Elastic-2.0,2026 SuperTale contributors,REUSE.toml aggregate annotation
src/novelvideo/task_backend/runners/freezone.py,Elastic-2.0,2026 SuperTale contributors,REUSE.toml aggregate annotation
src/novelvideo/task_backend/runners/graph_build.py,Elastic-2.0,2026 SuperTale contributors,REUSE.toml aggregate annotation
src/novelvideo/task_backend/runners/identity.py,Elastic-2.0,2026 SuperTale contributors,REUSE.toml aggregate annotation
src/novelvideo/task_backend/runners/ingest.py,Elastic-2.0,2026 SuperTale contributors,REUSE.toml aggregate annotation
src/novelvideo/task_backend/runners/prop_reference.py,Elastic-2.0,2026 SuperTale contributors,REUSE.toml aggregate annotation
src/novelvideo/task_backend/runners/render.py,Elastic-2.0,2026 SuperTale contributors,REUSE.toml aggregate annotation
src/novelvideo/task_backend/runners/scene_reference.py,Elastic-2.0,2026 SuperTale contributors,REUSE.toml aggregate annotation
src/novelvideo/task_backend/runners/script.py,Elastic-2.0,2026 SuperTale contributors,REUSE.toml aggregate annotation
src/novelvideo/task_backend/runners/sketch.py,Elastic-2.0,2026 SuperTale contributors,REUSE.toml aggregate annotation
src/novelvideo/task_backend/runners/sketch_edit_execute.py,Elastic-2.0,2026 SuperTale contributors,REUSE.toml aggregate annotation
src/novelvideo/task_backend/runners/stage_asset.py,Elastic-2.0,2026 SuperTale contributors,REUSE.toml aggregate annotation
src/novelvideo/task_backend/runners/story_lab.py,Elastic-2.0,2026 SuperTale contributors,REUSE.toml aggregate annotation
src/novelvideo/task_backend/runners/video.py,Elastic-2.0,2026 SuperTale contributors,REUSE.toml aggregate annotation
src/novelvideo/task_backend/runners/video_compose_support.py,Elastic-2.0,2026 SuperTale contributors,REUSE.toml aggregate annotation
src/novelvideo/task_backend/runners/video_history.py,Elastic-2.0,2026 SuperTale contributors,REUSE.toml aggregate annotation
src/novelvideo/task_backend/runners/video_request_keys.py,Elastic-2.0,2026 SuperTale contributors,REUSE.toml aggregate annotation
src/novelvideo/task_backend/subprocesses.py,Elastic-2.0,2026 SuperTale contributors,REUSE.toml aggregate annotation
src/novelvideo/task_change_pulse.py,Elastic-2.0,2026 SuperTale contributors,REUSE.toml aggregate annotation
src/novelvideo/task_identity.py,Elastic-2.0,2026 SuperTale contributors,REUSE.toml aggregate annotation
src/novelvideo/task_jobs.py,Elastic-2.0,2026 SuperTale contributors,REUSE.toml aggregate annotation
src/novelvideo/task_scopes.py,Elastic-2.0,2026 SuperTale contributors,REUSE.toml aggregate annotation
src/novelvideo/task_state.py,Elastic-2.0,2026 SuperTale contributors,REUSE.toml aggregate annotation
src/novelvideo/telemetry.py,Elastic-2.0,2026 SuperTale contributors,REUSE.toml aggregate annotation
src/novelvideo/time_of_day.py,Elastic-2.0,2026 SuperTale contributors,REUSE.toml aggregate annotation
src/novelvideo/tool_failure_disposition.py,Elastic-2.0,2026 SuperTale contributors,REUSE.toml aggregate annotation
src/novelvideo/ui/__init__.py,Elastic-2.0,2026 SuperTale contributors,REUSE.toml aggregate annotation
src/novelvideo/utils/__init__.py,Elastic-2.0,2026 SuperTale contributors,REUSE.toml aggregate annotation
src/novelvideo/utils/asset_resolver.py,Elastic-2.0,2026 SuperTale contributors,REUSE.toml aggregate annotation
src/novelvideo/utils/async_ops.py,Elastic-2.0,2026 SuperTale contributors,REUSE.toml aggregate annotation
src/novelvideo/utils/background_anchor.py,Elastic-2.0,2026 SuperTale contributors,REUSE.toml aggregate annotation
src/novelvideo/utils/debug_context.py,Elastic-2.0,2026 SuperTale contributors,REUSE.toml aggregate annotation
src/novelvideo/utils/derived_scenes.py,Elastic-2.0,2026 SuperTale contributors,REUSE.toml aggregate annotation
src/novelvideo/utils/document_parsers.py,Elastic-2.0,2026 SuperTale contributors,REUSE.toml aggregate annotation
src/novelvideo/utils/error_redaction.py,Elastic-2.0,2026 SuperTale contributors,REUSE.toml aggregate annotation
src/novelvideo/utils/identity_binding.py,Elastic-2.0,2026 SuperTale contributors,REUSE.toml aggregate annotation
src/novelvideo/utils/identity_resolver.py,Elastic-2.0,2026 SuperTale contributors,REUSE.toml aggregate annotation
src/novelvideo/utils/logging.py,Elastic-2.0,2026 SuperTale contributors,REUSE.toml aggregate annotation
src/novelvideo/utils/media_io.py,Elastic-2.0,2026 SuperTale contributors,REUSE.toml aggregate annotation
src/novelvideo/utils/oss_client.py,Elastic-2.0,2026 SuperTale contributors,REUSE.toml aggregate annotation
src/novelvideo/utils/path_resolver.py,Elastic-2.0,2026 SuperTale contributors,REUSE.toml aggregate annotation
src/novelvideo/utils/project_paths.py,Elastic-2.0,2026 SuperTale contributors,REUSE.toml aggregate annotation
src/novelvideo/utils/project_shortcuts.py,Elastic-2.0,2026 SuperTale contributors,REUSE.toml aggregate annotation
src/novelvideo/utils/ref_image_hash.py,Elastic-2.0,2026 SuperTale contributors,REUSE.toml aggregate annotation
src/novelvideo/utils/requested_duration.py,Elastic-2.0,2026 SuperTale contributors,REUSE.toml aggregate annotation
src/novelvideo/utils/screenplay_quality.py,Elastic-2.0,2026 SuperTale contributors,REUSE.toml aggregate annotation
src/novelvideo/utils/screenplay_scene_parser.py,Elastic-2.0,2026 SuperTale contributors,REUSE.toml aggregate annotation
src/novelvideo/utils/state_index_files.py,Elastic-2.0,2026 SuperTale contributors,REUSE.toml aggregate annotation
src/novelvideo/utils/static_urls.py,Elastic-2.0,2026 SuperTale contributors,REUSE.toml aggregate annotation
src/novelvideo/utils/text_utils.py,Elastic-2.0,2026 SuperTale contributors,REUSE.toml aggregate annotation
src/novelvideo/utils/thumbnails.py,Elastic-2.0,2026 SuperTale contributors,REUSE.toml aggregate annotation
src/novelvideo/utils/turn_scope.py,Elastic-2.0,2026 SuperTale contributors,REUSE.toml aggregate annotation
src/novelvideo/utils/upload_safety.py,Elastic-2.0,2026 SuperTale contributors,REUSE.toml aggregate annotation
src/novelvideo/verification/__init__.py,Elastic-2.0,2026 SuperTale contributors,REUSE.toml aggregate annotation
src/novelvideo/verification/agent_artifacts.py,Elastic-2.0,2026 SuperTale contributors,REUSE.toml aggregate annotation
src/novelvideo/verification/artifact_store.py,Elastic-2.0,2026 SuperTale contributors,REUSE.toml aggregate annotation
src/novelvideo/verification/cli/__init__.py,Elastic-2.0,2026 SuperTale contributors,REUSE.toml aggregate annotation
src/novelvideo/verification/cli/copy_back_passed.py,Elastic-2.0,2026 SuperTale contributors,REUSE.toml aggregate annotation
src/novelvideo/verification/cli/emit_human_override.py,Elastic-2.0,2026 SuperTale contributors,REUSE.toml aggregate annotation
src/novelvideo/verification/cli/migrate_to_global_shared.py,Elastic-2.0,2026 SuperTale contributors,REUSE.toml aggregate annotation
src/novelvideo/verification/cli/register_failure_mode.py,Elastic-2.0,2026 SuperTale contributors,REUSE.toml aggregate annotation
src/novelvideo/verification/cli/run_gate.py,Elastic-2.0,2026 SuperTale contributors,REUSE.toml aggregate annotation
src/novelvideo/verification/cli/seed_mirror_once.py,Elastic-2.0,2026 SuperTale contributors,REUSE.toml aggregate annotation
src/novelvideo/verification/cli/show_trend.py,Elastic-2.0,2026 SuperTale contributors,REUSE.toml aggregate annotation
src/novelvideo/verification/consistency_verifier.py,Elastic-2.0,2026 SuperTale contributors,REUSE.toml aggregate annotation
src/novelvideo/verification/continuity_verifier.py,Elastic-2.0,2026 SuperTale contributors,REUSE.toml aggregate annotation
src/novelvideo/verification/convergence_log.py,Elastic-2.0,2026 SuperTale contributors,REUSE.toml aggregate annotation
src/novelvideo/verification/episode_reviewer.py,Elastic-2.0,2026 SuperTale contributors,REUSE.toml aggregate annotation
src/novelvideo/verification/execution_trace.py,Elastic-2.0,2026 SuperTale contributors,REUSE.toml aggregate annotation
src/novelvideo/verification/failure_registry.py,Elastic-2.0,2026 SuperTale contributors,REUSE.toml aggregate annotation
src/novelvideo/verification/frame_verifier.py,Elastic-2.0,2026 SuperTale contributors,REUSE.toml aggregate annotation
src/novelvideo/verification/global_registry_db.py,Elastic-2.0,2026 SuperTale contributors,REUSE.toml aggregate annotation
src/novelvideo/verification/image_verifier.py,Elastic-2.0,2026 SuperTale contributors,REUSE.toml aggregate annotation
src/novelvideo/verification/models.py,Elastic-2.0,2026 SuperTale contributors,REUSE.toml aggregate annotation
src/novelvideo/verification/prompts.py,Elastic-2.0,2026 SuperTale contributors,REUSE.toml aggregate annotation
src/novelvideo/verification/render_repair_context.py,Elastic-2.0,2026 SuperTale contributors,REUSE.toml aggregate annotation
src/novelvideo/verification/replay_capture.py,Elastic-2.0,2026 SuperTale contributors,REUSE.toml aggregate annotation
src/novelvideo/verification/report_formatter.py,Elastic-2.0,2026 SuperTale contributors,REUSE.toml aggregate annotation
src/novelvideo/verification/routes.py,Elastic-2.0,2026 SuperTale contributors,REUSE.toml aggregate annotation
src/novelvideo/verification/sanitize.py,Elastic-2.0,2026 SuperTale contributors,REUSE.toml aggregate annotation
src/novelvideo/verification/schemas.py,Elastic-2.0,2026 SuperTale contributors,REUSE.toml aggregate annotation
src/novelvideo/verification/similarity_detector.py,Elastic-2.0,2026 SuperTale contributors,REUSE.toml aggregate annotation
src/novelvideo/verification/sketch_color_verifier.py,Elastic-2.0,2026 SuperTale contributors,REUSE.toml aggregate annotation
src/novelvideo/verification/sketch_comparer.py,Elastic-2.0,2026 SuperTale contributors,REUSE.toml aggregate annotation
src/novelvideo/verification/sketch_edit_execute.py,Elastic-2.0,2026 SuperTale contributors,REUSE.toml aggregate annotation
src/novelvideo/verification/sketch_edit_label_validation.py,Elastic-2.0,2026 SuperTale contributors,REUSE.toml aggregate annotation
src/novelvideo/verification/sketch_edit_tasks.py,Elastic-2.0,2026 SuperTale contributors,REUSE.toml aggregate annotation
src/novelvideo/verification/sketch_scorer.py,Elastic-2.0,2026 SuperTale contributors,REUSE.toml aggregate annotation
src/novelvideo/verification/sketch_select_context.py,Elastic-2.0,2026 SuperTale contributors,REUSE.toml aggregate annotation
src/novelvideo/verification/sketch_selector.py,Elastic-2.0,2026 SuperTale contributors,REUSE.toml aggregate annotation
src/novelvideo/verification/sketch_visual_gate.py,Elastic-2.0,2026 SuperTale contributors,REUSE.toml aggregate annotation
src/novelvideo/verification/task_services.py,Elastic-2.0,2026 SuperTale contributors,REUSE.toml aggregate annotation
src/novelvideo/verification/trace_ids.py,Elastic-2.0,2026 SuperTale contributors,REUSE.toml aggregate annotation
src/novelvideo/verification/training_db.py,Elastic-2.0,2026 SuperTale contributors,REUSE.toml aggregate annotation
src/novelvideo/verification/utils.py,Elastic-2.0,2026 SuperTale contributors,REUSE.toml aggregate annotation
src/novelvideo/verification/version_hash.py,Elastic-2.0,2026 SuperTale contributors,REUSE.toml aggregate annotation
src/novelvideo/verification/video_frame_similarity.py,Elastic-2.0,2026 SuperTale contributors,REUSE.toml aggregate annotation
src/novelvideo/video_request_usage.py,Elastic-2.0,2026 SuperTale contributors,REUSE.toml aggregate annotation
src/novelvideo/workflow_runtime/__init__.py,Elastic-2.0,2026 SuperTale contributors,REUSE.toml aggregate annotation
src/novelvideo/workflow_runtime/action_router.py,Elastic-2.0,2026 SuperTale contributors,REUSE.toml aggregate annotation
src/novelvideo/workflow_runtime/asset_slots.py,Elastic-2.0,2026 SuperTale contributors,REUSE.toml aggregate annotation
src/novelvideo/workflow_runtime/automatic_recovery.py,Elastic-2.0,2026 SuperTale contributors,REUSE.toml aggregate annotation
src/novelvideo/workflow_runtime/canvas_asset_binding.py,Elastic-2.0,2026 SuperTale contributors,REUSE.toml aggregate annotation
src/novelvideo/workflow_runtime/canvas_asset_binding_readiness.py,Elastic-2.0,2026 SuperTale contributors,REUSE.toml aggregate annotation
src/novelvideo/workflow_runtime/canvas_asset_binding_repair.py,Elastic-2.0,2026 SuperTale contributors,REUSE.toml aggregate annotation
src/novelvideo/workflow_runtime/canvas_recovery.py,Elastic-2.0,2026 SuperTale contributors,REUSE.toml aggregate annotation
src/novelvideo/workflow_runtime/causal_binding.py,Elastic-2.0,2026 SuperTale contributors,REUSE.toml aggregate annotation
src/novelvideo/workflow_runtime/cinematic_review.py,Elastic-2.0,2026 SuperTale contributors,REUSE.toml aggregate annotation
src/novelvideo/workflow_runtime/compose_authorization.py,Elastic-2.0,2026 SuperTale contributors,REUSE.toml aggregate annotation
src/novelvideo/workflow_runtime/definitions.py,Elastic-2.0,2026 SuperTale contributors,REUSE.toml aggregate annotation
src/novelvideo/workflow_runtime/delivery_fps_support.py,Elastic-2.0,2026 SuperTale contributors,REUSE.toml aggregate annotation
src/novelvideo/workflow_runtime/dialogue_dubbing.py,Elastic-2.0,2026 SuperTale contributors,REUSE.toml aggregate annotation
src/novelvideo/workflow_runtime/director_inputs.py,Elastic-2.0,2026 SuperTale contributors,REUSE.toml aggregate annotation
src/novelvideo/workflow_runtime/director_ledger.py,Elastic-2.0,2026 SuperTale contributors,REUSE.toml aggregate annotation
src/novelvideo/workflow_runtime/execution_semantics.py,Elastic-2.0,2026 SuperTale contributors,REUSE.toml aggregate annotation
src/novelvideo/workflow_runtime/executor.py,Elastic-2.0,2026 SuperTale contributors,REUSE.toml aggregate annotation
src/novelvideo/workflow_runtime/executor_flags.py,Elastic-2.0,2026 SuperTale contributors,REUSE.toml aggregate annotation
src/novelvideo/workflow_runtime/executor_models.py,Elastic-2.0,2026 SuperTale contributors,REUSE.toml aggregate annotation
src/novelvideo/workflow_runtime/failure_persistence.py,Elastic-2.0,2026 SuperTale contributors,REUSE.toml aggregate annotation
src/novelvideo/workflow_runtime/final_film_qc.py,Elastic-2.0,2026 SuperTale contributors,REUSE.toml aggregate annotation
src/novelvideo/workflow_runtime/freezone_asset_references.py,Elastic-2.0,2026 SuperTale contributors,REUSE.toml aggregate annotation
src/novelvideo/workflow_runtime/freezone_final_film.py,Elastic-2.0,2026 SuperTale contributors,REUSE.toml aggregate annotation
src/novelvideo/workflow_runtime/freezone_script.py,Elastic-2.0,2026 SuperTale contributors,REUSE.toml aggregate annotation
src/novelvideo/workflow_runtime/freezone_storyboard.py,Elastic-2.0,2026 SuperTale contributors,REUSE.toml aggregate annotation
src/novelvideo/workflow_runtime/freezone_videos.py,Elastic-2.0,2026 SuperTale contributors,REUSE.toml aggregate annotation
src/novelvideo/workflow_runtime/impact_planner.py,Elastic-2.0,2026 SuperTale contributors,REUSE.toml aggregate annotation
src/novelvideo/workflow_runtime/item_state.py,Elastic-2.0,2026 SuperTale contributors,REUSE.toml aggregate annotation
src/novelvideo/workflow_runtime/learning_bridge.py,Elastic-2.0,2026 SuperTale contributors,REUSE.toml aggregate annotation
src/novelvideo/workflow_runtime/media_authorization.py,Elastic-2.0,2026 SuperTale contributors,REUSE.toml aggregate annotation
src/novelvideo/workflow_runtime/media_dispatch.py,Elastic-2.0,2026 SuperTale contributors,REUSE.toml aggregate annotation
src/novelvideo/workflow_runtime/media_dispatch_compose.py,Elastic-2.0,2026 SuperTale contributors,REUSE.toml aggregate annotation
src/novelvideo/workflow_runtime/media_dispatch_support.py,Elastic-2.0,2026 SuperTale contributors,REUSE.toml aggregate annotation
src/novelvideo/workflow_runtime/model_plan.py,Elastic-2.0,2026 SuperTale contributors,REUSE.toml aggregate annotation
src/novelvideo/workflow_runtime/paid_media_budget.py,Elastic-2.0,2026 SuperTale contributors,REUSE.toml aggregate annotation
src/novelvideo/workflow_runtime/production_authorization.py,Elastic-2.0,2026 SuperTale contributors,REUSE.toml aggregate annotation
src/novelvideo/workflow_runtime/production_plan.py,Elastic-2.0,2026 SuperTale contributors,REUSE.toml aggregate annotation
src/novelvideo/workflow_runtime/project_work_ledger.py,Elastic-2.0,2026 SuperTale contributors,REUSE.toml aggregate annotation
src/novelvideo/workflow_runtime/quality_stage.py,Elastic-2.0,2026 SuperTale contributors,REUSE.toml aggregate annotation
src/novelvideo/workflow_runtime/reference_resolver.py,Elastic-2.0,2026 SuperTale contributors,REUSE.toml aggregate annotation
src/novelvideo/workflow_runtime/release_readiness.py,Elastic-2.0,2026 SuperTale contributors,REUSE.toml aggregate annotation
src/novelvideo/workflow_runtime/schemas.py,Elastic-2.0,2026 SuperTale contributors,REUSE.toml aggregate annotation
src/novelvideo/workflow_runtime/script_asset_ledger.py,Elastic-2.0,2026 SuperTale contributors,REUSE.toml aggregate annotation
src/novelvideo/workflow_runtime/semantic_edges.py,Elastic-2.0,2026 SuperTale contributors,REUSE.toml aggregate annotation
src/novelvideo/workflow_runtime/service.py,Elastic-2.0,2026 SuperTale contributors,REUSE.toml aggregate annotation
src/novelvideo/workflow_runtime/step_contract.py,Elastic-2.0,2026 SuperTale contributors,REUSE.toml aggregate annotation
src/novelvideo/workflow_runtime/step_recovery.py,Elastic-2.0,2026 SuperTale contributors,REUSE.toml aggregate annotation
src/novelvideo/workflow_runtime/store.py,Elastic-2.0,2026 SuperTale contributors,REUSE.toml aggregate annotation
src/novelvideo/workflow_runtime/store_schema.py,Elastic-2.0,2026 SuperTale contributors,REUSE.toml aggregate annotation
src/novelvideo/workflow_runtime/storyboard_prompt.py,Elastic-2.0,2026 SuperTale contributors,REUSE.toml aggregate annotation
src/novelvideo/workflow_runtime/target_resolver.py,Elastic-2.0,2026 SuperTale contributors,REUSE.toml aggregate annotation
src/novelvideo/workflow_runtime/verifier.py,Elastic-2.0,2026 SuperTale contributors,REUSE.toml aggregate annotation
src/novelvideo/workflows/__init__.py,Elastic-2.0,2026 SuperTale contributors,REUSE.toml aggregate annotation
src/novelvideo/workflows/literal_script_writing.py,Elastic-2.0,2026 SuperTale contributors,REUSE.toml aggregate annotation
src/novelvideo/workflows/script_writing.py,Elastic-2.0,2026 SuperTale contributors,REUSE.toml aggregate annotation
tests/compliance/test_generate_p0b_artifacts.py,Elastic-2.0,2026 SuperTale contributors,REUSE.toml aggregate annotation
tests/conftest.py,Elastic-2.0,2026 SuperTale contributors,REUSE.toml aggregate annotation
tests/contract/__init__.py,Elastic-2.0,2026 SuperTale contributors,REUSE.toml aggregate annotation
tests/contract/test_l014_inline_task_backend_concurrency.py,Elastic-2.0,2026 SuperTale contributors,REUSE.toml aggregate annotation
tests/contract/test_m01_auth.py,Elastic-2.0,2026 SuperTale contributors,REUSE.toml aggregate annotation
tests/contract/test_m03_episodes_scripts_content.py,Elastic-2.0,2026 SuperTale contributors,REUSE.toml aggregate annotation
tests/contract/test_m03_task_completion.py,Elastic-2.0,2026 SuperTale contributors,REUSE.toml aggregate annotation
tests/contract/test_m04_route_contracts.py,Elastic-2.0,2026 SuperTale contributors,REUSE.toml aggregate annotation
tests/contract/test_m05_route_contracts.py,Elastic-2.0,2026 SuperTale contributors,REUSE.toml aggregate annotation
tests/contract/test_m06_route_contracts.py,Elastic-2.0,2026 SuperTale contributors,REUSE.toml aggregate annotation
tests/contract/test_m07_tasks.py,Elastic-2.0,2026 SuperTale contributors,REUSE.toml aggregate annotation
tests/contract/test_m08_chat_agent.py,Elastic-2.0,2026 SuperTale contributors,REUSE.toml aggregate annotation
tests/contract/test_m09_route_contracts.py,Elastic-2.0,2026 SuperTale contributors,REUSE.toml aggregate annotation
tests/fixtures/combat_film_30s_1v1.json,Elastic-2.0,2026 SuperTale contributors,REUSE.toml aggregate annotation
tests/fixtures/community_corpus/node_recipes.json,Elastic-2.0,2026 SuperTale contributors,REUSE.toml aggregate annotation
tests/fixtures/community_corpus/pair_edges.json,Elastic-2.0,2026 SuperTale contributors,REUSE.toml aggregate annotation
tests/fixtures/foss_only_short_novel.txt,Elastic-2.0,2026 SuperTale contributors,REUSE.toml aggregate annotation
tests/fixtures/script-camera-contract.json,Elastic-2.0,2026 SuperTale contributors,REUSE.toml aggregate annotation
tests/fixtures/script_shot_visual_context.json,Elastic-2.0,2026 SuperTale contributors,REUSE.toml aggregate annotation
tests/fixtures/video_contract_packages_snapshot_v1.json,Elastic-2.0,2026 SuperTale contributors,REUSE.toml aggregate annotation
tests/fixtures/video_contract_packages_surface_v1.json,Elastic-2.0,2026 SuperTale contributors,REUSE.toml aggregate annotation
tests/fixtures/video_generation_request.json,Elastic-2.0,2026 SuperTale contributors,REUSE.toml aggregate annotation
tests/fixtures/video_prompt_slots_snapshot_v1.json,Elastic-2.0,2026 SuperTale contributors,REUSE.toml aggregate annotation
tests/ports/test_access_local.py,Elastic-2.0,2026 SuperTale contributors,REUSE.toml aggregate annotation
tests/ports/test_auth_local.py,Elastic-2.0,2026 SuperTale contributors,REUSE.toml aggregate annotation
tests/ports/test_cancel_memory.py,Elastic-2.0,2026 SuperTale contributors,REUSE.toml aggregate annotation
tests/ports/test_project_local_uniqueness.py,Elastic-2.0,2026 SuperTale contributors,REUSE.toml aggregate annotation
tests/ports/test_registry.py,Elastic-2.0,2026 SuperTale contributors,REUSE.toml aggregate annotation
tests/ports/test_registry_isolation.py,Elastic-2.0,2026 SuperTale contributors,REUSE.toml aggregate annotation
tests/ports/test_usage_noop.py,Elastic-2.0,2026 SuperTale contributors,REUSE.toml aggregate annotation
tests/sandbox_smoke.sh,Elastic-2.0,2026 SuperTale contributors,REUSE.toml aggregate annotation
tests/test_acceptance_run_script.py,Elastic-2.0,2026 SuperTale contributors,REUSE.toml aggregate annotation
tests/test_account_avatar.py,Elastic-2.0,2026 SuperTale contributors,REUSE.toml aggregate annotation
tests/test_agent_artifacts.py,Elastic-2.0,2026 SuperTale contributors,REUSE.toml aggregate annotation
tests/test_agent_evals.py,Elastic-2.0,2026 SuperTale contributors,REUSE.toml aggregate annotation
tests/test_agent_events.py,Elastic-2.0,2026 SuperTale contributors,REUSE.toml aggregate annotation
tests/test_agent_fleet.py,Elastic-2.0,2026 SuperTale contributors,REUSE.toml aggregate annotation
tests/test_agent_live_eval_contract.py,Elastic-2.0,2026 SuperTale contributors,REUSE.toml aggregate annotation
tests/test_agent_plugin_registry.py,Elastic-2.0,2026 SuperTale contributors,REUSE.toml aggregate annotation
tests/test_agent_runtime.py,Elastic-2.0,2026 SuperTale contributors,REUSE.toml aggregate annotation
tests/test_agent_runtime_skills.py,Elastic-2.0,2026 SuperTale contributors,REUSE.toml aggregate annotation
tests/test_agent_skill_fence.py,Elastic-2.0,2026 SuperTale contributors,REUSE.toml aggregate annotation
tests/test_agent_tool_surface.py,Elastic-2.0,2026 SuperTale contributors,REUSE.toml aggregate annotation
tests/test_agent_turn_contract.py,Elastic-2.0,2026 SuperTale contributors,REUSE.toml aggregate annotation
tests/test_agent_turn_delivery.py,Elastic-2.0,2026 SuperTale contributors,REUSE.toml aggregate annotation
tests/test_agent_turn_intent.py,Elastic-2.0,2026 SuperTale contributors,REUSE.toml aggregate annotation
tests/test_agent_workflow_memory_e2e.py,Elastic-2.0,2026 SuperTale contributors,REUSE.toml aggregate annotation
tests/test_ai_identity_detector.py,Elastic-2.0,2026 SuperTale contributors,REUSE.toml aggregate annotation
tests/test_ai_project_snapshot.py,Elastic-2.0,2026 SuperTale contributors,REUSE.toml aggregate annotation
tests/test_aigc_director_recipes.py,Elastic-2.0,2026 SuperTale contributors,REUSE.toml aggregate annotation
tests/test_api_assets.py,Elastic-2.0,2026 SuperTale contributors,REUSE.toml aggregate annotation
tests/test_api_audio_indextts2_cutover.py,Elastic-2.0,2026 SuperTale contributors,REUSE.toml aggregate annotation
tests/test_api_audio_prereq.py,Elastic-2.0,2026 SuperTale contributors,REUSE.toml aggregate annotation
tests/test_api_auth_ports.py,Elastic-2.0,2026 SuperTale contributors,REUSE.toml aggregate annotation
tests/test_api_beat_image_upload.py,Elastic-2.0,2026 SuperTale contributors,REUSE.toml aggregate annotation
tests/test_api_beats_media_urls.py,Elastic-2.0,2026 SuperTale contributors,REUSE.toml aggregate annotation
tests/test_api_browser_presence.py,Elastic-2.0,2026 SuperTale contributors,REUSE.toml aggregate annotation
tests/test_api_character_identity_costume.py,Elastic-2.0,2026 SuperTale contributors,REUSE.toml aggregate annotation
tests/test_api_character_voice_samples.py,Elastic-2.0,2026 SuperTale contributors,REUSE.toml aggregate annotation
tests/test_api_characters_asset_contract.py,Elastic-2.0,2026 SuperTale contributors,REUSE.toml aggregate annotation
tests/test_api_compose_export_contract.py,Elastic-2.0,2026 SuperTale contributors,REUSE.toml aggregate annotation
tests/test_api_config_runtime.py,Elastic-2.0,2026 SuperTale contributors,REUSE.toml aggregate annotation
tests/test_api_coverage.py,Elastic-2.0,2026 SuperTale contributors,REUSE.toml aggregate annotation
tests/test_api_episode_detail.py,Elastic-2.0,2026 SuperTale contributors,REUSE.toml aggregate annotation
tests/test_api_freezone_canvas_from_preset.py,Elastic-2.0,2026 SuperTale contributors,REUSE.toml aggregate annotation
tests/test_api_freezone_projection.py,Elastic-2.0,2026 SuperTale contributors,REUSE.toml aggregate annotation
tests/test_api_generation_sketches.py,Elastic-2.0,2026 SuperTale contributors,REUSE.toml aggregate annotation
tests/test_api_grid_cut.py,Elastic-2.0,2026 SuperTale contributors,REUSE.toml aggregate annotation
tests/test_api_grid_upload_prompt.py,Elastic-2.0,2026 SuperTale contributors,REUSE.toml aggregate annotation
tests/test_api_ingest_chapter_preview.py,Elastic-2.0,2026 SuperTale contributors,REUSE.toml aggregate annotation
tests/test_api_ingest_gateway_health.py,Elastic-2.0,2026 SuperTale contributors,REUSE.toml aggregate annotation
tests/test_api_model_credit_cost.py,Elastic-2.0,2026 SuperTale contributors,REUSE.toml aggregate annotation
tests/test_api_narrator_voice.py,Elastic-2.0,2026 SuperTale contributors,REUSE.toml aggregate annotation
tests/test_api_novel_prerequisites.py,Elastic-2.0,2026 SuperTale contributors,REUSE.toml aggregate annotation
tests/test_api_pipeline_manual_shots.py,Elastic-2.0,2026 SuperTale contributors,REUSE.toml aggregate annotation
tests/test_api_pipeline_status_regressions.py,Elastic-2.0,2026 SuperTale contributors,REUSE.toml aggregate annotation
tests/test_api_production.py,Elastic-2.0,2026 SuperTale contributors,REUSE.toml aggregate annotation
tests/test_api_production_control_commands.py,Elastic-2.0,2026 SuperTale contributors,REUSE.toml aggregate annotation
tests/test_api_project_resolution.py,Elastic-2.0,2026 SuperTale contributors,REUSE.toml aggregate annotation
tests/test_api_render_regenerate.py,Elastic-2.0,2026 SuperTale contributors,REUSE.toml aggregate annotation
tests/test_api_render_settings.py,Elastic-2.0,2026 SuperTale contributors,REUSE.toml aggregate annotation
tests/test_api_scripts.py,Elastic-2.0,2026 SuperTale contributors,REUSE.toml aggregate annotation
tests/test_api_seedance2_config.py,Elastic-2.0,2026 SuperTale contributors,REUSE.toml aggregate annotation
tests/test_api_seedance2_prompt_route.py,Elastic-2.0,2026 SuperTale contributors,REUSE.toml aggregate annotation
tests/test_api_sketch_ai_detection.py,Elastic-2.0,2026 SuperTale contributors,REUSE.toml aggregate annotation
tests/test_api_sketch_pose_editor.py,Elastic-2.0,2026 SuperTale contributors,REUSE.toml aggregate annotation
tests/test_api_sketch_regenerate.py,Elastic-2.0,2026 SuperTale contributors,REUSE.toml aggregate annotation
tests/test_api_story_lab.py,Elastic-2.0,2026 SuperTale contributors,REUSE.toml aggregate annotation
tests/test_api_styles.py,Elastic-2.0,2026 SuperTale contributors,REUSE.toml aggregate annotation
tests/test_api_village_canvas_capabilities.py,Elastic-2.0,2026 SuperTale contributors,REUSE.toml aggregate annotation
tests/test_archify_snapshot_export.py,Elastic-2.0,2026 SuperTale contributors,REUSE.toml aggregate annotation
tests/test_architecture_boundaries.py,Elastic-2.0,2026 SuperTale contributors,REUSE.toml aggregate annotation
tests/test_architecture_file_sizes.py,Elastic-2.0,2026 SuperTale contributors,REUSE.toml aggregate annotation
tests/test_architecture_manifest.py,Elastic-2.0,2026 SuperTale contributors,REUSE.toml aggregate annotation
tests/test_asset_compiler_prop_planning.py,Elastic-2.0,2026 SuperTale contributors,REUSE.toml aggregate annotation
tests/test_asset_compiler_scene_enrichment.py,Elastic-2.0,2026 SuperTale contributors,REUSE.toml aggregate annotation
tests/test_asset_passport.py,Elastic-2.0,2026 SuperTale contributors,REUSE.toml aggregate annotation
tests/test_asset_resolver.py,Elastic-2.0,2026 SuperTale contributors,REUSE.toml aggregate annotation
tests/test_audio_model_contract.py,Elastic-2.0,2026 SuperTale contributors,REUSE.toml aggregate annotation
tests/test_audit_project_assets.py,Elastic-2.0,2026 SuperTale contributors,REUSE.toml aggregate annotation
tests/test_auth_contract_snapshot.py,Elastic-2.0,2026 SuperTale contributors,REUSE.toml aggregate annotation
tests/test_autodl_audio.py,Elastic-2.0,2026 SuperTale contributors,REUSE.toml aggregate annotation
tests/test_autodl_comfyui_video.py,Elastic-2.0,2026 SuperTale contributors,REUSE.toml aggregate annotation
tests/test_background_anchor_service.py,Elastic-2.0,2026 SuperTale contributors,REUSE.toml aggregate annotation
tests/test_backup_db_daily.py,Elastic-2.0,2026 SuperTale contributors,REUSE.toml aggregate annotation
tests/test_backup_files_sync.py,Elastic-2.0,2026 SuperTale contributors,REUSE.toml aggregate annotation
tests/test_backup_restore_cli.py,Elastic-2.0,2026 SuperTale contributors,REUSE.toml aggregate annotation
tests/test_backup_wal_migrator.py,Elastic-2.0,2026 SuperTale contributors,REUSE.toml aggregate annotation
tests/test_batch_render_removed.py,Elastic-2.0,2026 SuperTale contributors,REUSE.toml aggregate annotation
tests/test_batch_render_video_actions_removed.py,Elastic-2.0,2026 SuperTale contributors,REUSE.toml aggregate annotation
tests/test_beat_shot_contracts.py,Elastic-2.0,2026 SuperTale contributors,REUSE.toml aggregate annotation
tests/test_beat_tail_frame_relay.py,Elastic-2.0,2026 SuperTale contributors,REUSE.toml aggregate annotation
tests/test_block_world_node_unavailable.py,Elastic-2.0,2026 SuperTale contributors,REUSE.toml aggregate annotation
tests/test_browser_presence.py,Elastic-2.0,2026 SuperTale contributors,REUSE.toml aggregate annotation
tests/test_camera_optics_clean_render.py,Elastic-2.0,2026 SuperTale contributors,REUSE.toml aggregate annotation
tests/test_canvas_ab_reports.py,Elastic-2.0,2026 SuperTale contributors,REUSE.toml aggregate annotation
tests/test_canvas_asset_binding_readiness.py,Elastic-2.0,2026 SuperTale contributors,REUSE.toml aggregate annotation
tests/test_canvas_asset_binding_repair.py,Elastic-2.0,2026 SuperTale contributors,REUSE.toml aggregate annotation
tests/test_canvas_build_pair.py,Elastic-2.0,2026 SuperTale contributors,REUSE.toml aggregate annotation
tests/test_canvas_cli.py,Elastic-2.0,2026 SuperTale contributors,REUSE.toml aggregate annotation
tests/test_canvas_cli_launcher.py,Elastic-2.0,2026 SuperTale contributors,REUSE.toml aggregate annotation
tests/test_canvas_command_gateway.py,Elastic-2.0,2026 SuperTale contributors,REUSE.toml aggregate annotation
tests/test_canvas_command_port.py,Elastic-2.0,2026 SuperTale contributors,REUSE.toml aggregate annotation
tests/test_canvas_command_recovery.py,Elastic-2.0,2026 SuperTale contributors,REUSE.toml aggregate annotation
tests/test_canvas_gesture_samples.py,Elastic-2.0,2026 SuperTale contributors,REUSE.toml aggregate annotation
tests/test_canvas_media_commit.py,Elastic-2.0,2026 SuperTale contributors,REUSE.toml aggregate annotation
tests/test_canvas_scene_refs_override.py,Elastic-2.0,2026 SuperTale contributors,REUSE.toml aggregate annotation
tests/test_canvas_template_store.py,Elastic-2.0,2026 SuperTale contributors,REUSE.toml aggregate annotation
tests/test_capability_register.py,Elastic-2.0,2026 SuperTale contributors,REUSE.toml aggregate annotation
tests/test_ce_allowlist.py,Elastic-2.0,2026 SuperTale contributors,REUSE.toml aggregate annotation
tests/test_ce_imports_lint.py,Elastic-2.0,2026 SuperTale contributors,REUSE.toml aggregate annotation
tests/test_ce_port_closure.py,Elastic-2.0,2026 SuperTale contributors,REUSE.toml aggregate annotation
tests/test_chain_doctor.py,Elastic-2.0,2026 SuperTale contributors,REUSE.toml aggregate annotation
tests/test_character_asset_two_slots.py,Elastic-2.0,2026 SuperTale contributors,REUSE.toml aggregate annotation
tests/test_character_identity_age_group.py,Elastic-2.0,2026 SuperTale contributors,REUSE.toml aggregate annotation
tests/test_character_image_auto_remediation.py,Elastic-2.0,2026 SuperTale contributors,REUSE.toml aggregate annotation
tests/test_character_promotion_service.py,Elastic-2.0,2026 SuperTale contributors,REUSE.toml aggregate annotation
tests/test_character_prompt_story_anchor.py,Elastic-2.0,2026 SuperTale contributors,REUSE.toml aggregate annotation
tests/test_character_quality.py,Elastic-2.0,2026 SuperTale contributors,REUSE.toml aggregate annotation
tests/test_character_voice_storage.py,Elastic-2.0,2026 SuperTale contributors,REUSE.toml aggregate annotation
tests/test_chat_approval_store.py,Elastic-2.0,2026 SuperTale contributors,REUSE.toml aggregate annotation
tests/test_chat_fe_tools.py,Elastic-2.0,2026 SuperTale contributors,REUSE.toml aggregate annotation
tests/test_chat_json_render_error_log.py,Elastic-2.0,2026 SuperTale contributors,REUSE.toml aggregate annotation
tests/test_chat_recovery_store.py,Elastic-2.0,2026 SuperTale contributors,REUSE.toml aggregate annotation
tests/test_chat_replay_strip.py,Elastic-2.0,2026 SuperTale contributors,REUSE.toml aggregate annotation
tests/test_chat_research.py,Elastic-2.0,2026 SuperTale contributors,REUSE.toml aggregate annotation
tests/test_chat_route_prewarm.py,Elastic-2.0,2026 SuperTale contributors,REUSE.toml aggregate annotation
tests/test_chat_service_canvas_preflight.py,Elastic-2.0,2026 SuperTale contributors,REUSE.toml aggregate annotation
tests/test_chat_service_user_agent_scope.py,Elastic-2.0,2026 SuperTale contributors,REUSE.toml aggregate annotation
tests/test_chat_store_migration.py,Elastic-2.0,2026 SuperTale contributors,REUSE.toml aggregate annotation
tests/test_chat_vision.py,Elastic-2.0,2026 SuperTale contributors,REUSE.toml aggregate annotation
tests/test_cinematic_contract.py,Elastic-2.0,2026 SuperTale contributors,REUSE.toml aggregate annotation
tests/test_cli_cognee_commands.py,Elastic-2.0,2026 SuperTale contributors,REUSE.toml aggregate annotation
tests/test_cli_store_lifecycle.py,Elastic-2.0,2026 SuperTale contributors,REUSE.toml aggregate annotation
tests/test_cognee_direct_embedding_fallback.py,Elastic-2.0,2026 SuperTale contributors,REUSE.toml aggregate annotation
tests/test_cognee_embedding_tokenizer.py,Elastic-2.0,2026 SuperTale contributors,REUSE.toml aggregate annotation
tests/test_cognee_episode_update_merge.py,Elastic-2.0,2026 SuperTale contributors,REUSE.toml aggregate annotation
tests/test_cognee_event_episode_assignment.py,Elastic-2.0,2026 SuperTale contributors,REUSE.toml aggregate annotation
tests/test_cognee_gateway_health.py,Elastic-2.0,2026 SuperTale contributors,REUSE.toml aggregate annotation
tests/test_cognee_ingest_failure_contract.py,Elastic-2.0,2026 SuperTale contributors,REUSE.toml aggregate annotation
tests/test_cognee_llm_config_refresh.py,Elastic-2.0,2026 SuperTale contributors,REUSE.toml aggregate annotation
tests/test_cognee_logging_guard.py,Elastic-2.0,2026 SuperTale contributors,REUSE.toml aggregate annotation
tests/test_cognee_model_binding.py,Elastic-2.0,2026 SuperTale contributors,REUSE.toml aggregate annotation
tests/test_cognee_pipeline_concurrency.py,Elastic-2.0,2026 SuperTale contributors,REUSE.toml aggregate annotation
tests/test_cognee_search_provenance.py,Elastic-2.0,2026 SuperTale contributors,REUSE.toml aggregate annotation
tests/test_cognee_store_close.py,Elastic-2.0,2026 SuperTale contributors,REUSE.toml aggregate annotation
tests/test_combat_film_carrier.py,Elastic-2.0,2026 SuperTale contributors,REUSE.toml aggregate annotation
tests/test_combat_film_contract.py,Elastic-2.0,2026 SuperTale contributors,REUSE.toml aggregate annotation
tests/test_combat_film_wiring.py,Elastic-2.0,2026 SuperTale contributors,REUSE.toml aggregate annotation
tests/test_combat_prompt_kb.py,Elastic-2.0,2026 SuperTale contributors,REUSE.toml aggregate annotation
tests/test_community_asset_import.py,Elastic-2.0,2026 SuperTale contributors,REUSE.toml aggregate annotation
tests/test_compose_episode_audio_source.py,Elastic-2.0,2026 SuperTale contributors,REUSE.toml aggregate annotation
tests/test_compose_episode_media_truth.py,Elastic-2.0,2026 SuperTale contributors,REUSE.toml aggregate annotation
tests/test_content_adapter.py,Elastic-2.0,2026 SuperTale contributors,REUSE.toml aggregate annotation
tests/test_context_budget.py,Elastic-2.0,2026 SuperTale contributors,REUSE.toml aggregate annotation
tests/test_context_checkpoint.py,Elastic-2.0,2026 SuperTale contributors,REUSE.toml aggregate annotation
tests/test_continuity_contract.py,Elastic-2.0,2026 SuperTale contributors,REUSE.toml aggregate annotation
tests/test_control_frame_to_sketch.py,Elastic-2.0,2026 SuperTale contributors,REUSE.toml aggregate annotation
tests/test_conversation_loop_response_diagnostics.py,Elastic-2.0,2026 SuperTale contributors,REUSE.toml aggregate annotation
tests/test_creative_contract.py,Elastic-2.0,2026 SuperTale contributors,REUSE.toml aggregate annotation
tests/test_delivery_audio.py,Elastic-2.0,2026 SuperTale contributors,REUSE.toml aggregate annotation
tests/test_delivery_fps.py,Elastic-2.0,2026 SuperTale contributors,REUSE.toml aggregate annotation
tests/test_delivery_truth.py,Elastic-2.0,2026 SuperTale contributors,REUSE.toml aggregate annotation
tests/test_delivery_video.py,Elastic-2.0,2026 SuperTale contributors,REUSE.toml aggregate annotation
tests/test_dependency_license_gate.py,Elastic-2.0,2026 SuperTale contributors,REUSE.toml aggregate annotation
tests/test_deployment_rollback.py,Elastic-2.0,2026 SuperTale contributors,REUSE.toml aggregate annotation
tests/test_detected_empty_markers.py,Elastic-2.0,2026 SuperTale contributors,REUSE.toml aggregate annotation
tests/test_dialogue_audio_support.py,Elastic-2.0,2026 SuperTale contributors,REUSE.toml aggregate annotation
tests/test_direct_image_models.py,Elastic-2.0,2026 SuperTale contributors,REUSE.toml aggregate annotation
tests/test_direct_image_openapi_discovery.py,Elastic-2.0,2026 SuperTale contributors,REUSE.toml aggregate annotation
tests/test_direct_video_models.py,Elastic-2.0,2026 SuperTale contributors,REUSE.toml aggregate annotation
tests/test_direct_video_protocol_contracts.py,Elastic-2.0,2026 SuperTale contributors,REUSE.toml aggregate annotation
tests/test_director_clarification.py,Elastic-2.0,2026 SuperTale contributors,REUSE.toml aggregate annotation
tests/test_director_evaluator.py,Elastic-2.0,2026 SuperTale contributors,REUSE.toml aggregate annotation
tests/test_director_intent.py,Elastic-2.0,2026 SuperTale contributors,REUSE.toml aggregate annotation
tests/test_director_plan.py,Elastic-2.0,2026 SuperTale contributors,REUSE.toml aggregate annotation
tests/test_director_rhythm.py,Elastic-2.0,2026 SuperTale contributors,REUSE.toml aggregate annotation
tests/test_director_staging_shape_presets.py,Elastic-2.0,2026 SuperTale contributors,REUSE.toml aggregate annotation
tests/test_director_style_pack.py,Elastic-2.0,2026 SuperTale contributors,REUSE.toml aggregate annotation
tests/test_director_vision.py,Elastic-2.0,2026 SuperTale contributors,REUSE.toml aggregate annotation
tests/test_director_workflow.py,Elastic-2.0,2026 SuperTale contributors,REUSE.toml aggregate annotation
tests/test_director_world_service.py,Elastic-2.0,2026 SuperTale contributors,REUSE.toml aggregate annotation
tests/test_director_world_staging_prop_ai.py,Elastic-2.0,2026 SuperTale contributors,REUSE.toml aggregate annotation
tests/test_durable_inline_queue.py,Elastic-2.0,2026 SuperTale contributors,REUSE.toml aggregate annotation
tests/test_ee_terms_lint.py,Elastic-2.0,2026 SuperTale contributors,REUSE.toml aggregate annotation
tests/test_emotion_direction.py,Elastic-2.0,2026 SuperTale contributors,REUSE.toml aggregate annotation
tests/test_engineering_governance_skill.py,Elastic-2.0,2026 SuperTale contributors,REUSE.toml aggregate annotation
tests/test_env_config_ratchet.py,Elastic-2.0,2026 SuperTale contributors,REUSE.toml aggregate annotation
tests/test_episode_optimizer_colors.py,Elastic-2.0,2026 SuperTale contributors,REUSE.toml aggregate annotation
tests/test_episode_plan_persistence.py,Elastic-2.0,2026 SuperTale contributors,REUSE.toml aggregate annotation
tests/test_episode_plan_quality.py,Elastic-2.0,2026 SuperTale contributors,REUSE.toml aggregate annotation
tests/test_episode_planning_content.py,Elastic-2.0,2026 SuperTale contributors,REUSE.toml aggregate annotation
tests/test_evidence.py,Elastic-2.0,2026 SuperTale contributors,REUSE.toml aggregate annotation
tests/test_evidence_graph.py,Elastic-2.0,2026 SuperTale contributors,REUSE.toml aggregate annotation
tests/test_execution_checkpoint.py,Elastic-2.0,2026 SuperTale contributors,REUSE.toml aggregate annotation
tests/test_execution_context.py,Elastic-2.0,2026 SuperTale contributors,REUSE.toml aggregate annotation
tests/test_execution_entrypoint_audit.py,Elastic-2.0,2026 SuperTale contributors,REUSE.toml aggregate annotation
tests/test_execution_trace_closure.py,Elastic-2.0,2026 SuperTale contributors,REUSE.toml aggregate annotation
tests/test_expert_arbitration.py,Elastic-2.0,2026 SuperTale contributors,REUSE.toml aggregate annotation
tests/test_face_distinctiveness.py,Elastic-2.0,2026 SuperTale contributors,REUSE.toml aggregate annotation
tests/test_fe_tool_bridge.py,Elastic-2.0,2026 SuperTale contributors,REUSE.toml aggregate annotation
tests/test_feature_boundaries.py,Elastic-2.0,2026 SuperTale contributors,REUSE.toml aggregate annotation
tests/test_film_cut_windows_validation.py,Elastic-2.0,2026 SuperTale contributors,REUSE.toml aggregate annotation
tests/test_film_production_contracts.py,Elastic-2.0,2026 SuperTale contributors,REUSE.toml aggregate annotation
tests/test_filmcraft_kb.py,Elastic-2.0,2026 SuperTale contributors,REUSE.toml aggregate annotation
tests/test_final_film_engineering_qc.py,Elastic-2.0,2026 SuperTale contributors,REUSE.toml aggregate annotation
tests/test_firefly_video_gateway.py,Elastic-2.0,2026 SuperTale contributors,REUSE.toml aggregate annotation
tests/test_fish_speech_prompt_removed.py,Elastic-2.0,2026 SuperTale contributors,REUSE.toml aggregate annotation
tests/test_format_check.py,Elastic-2.0,2026 SuperTale contributors,REUSE.toml aggregate annotation
tests/test_freezone_asset_library_backend.py,Elastic-2.0,2026 SuperTale contributors,REUSE.toml aggregate annotation
tests/test_freezone_asset_provenance.py,Elastic-2.0,2026 SuperTale contributors,REUSE.toml aggregate annotation
tests/test_freezone_audio_backend.py,Elastic-2.0,2026 SuperTale contributors,REUSE.toml aggregate annotation
tests/test_freezone_audio_separate_runner.py,Elastic-2.0,2026 SuperTale contributors,REUSE.toml aggregate annotation
tests/test_freezone_audio_trim.py,Elastic-2.0,2026 SuperTale contributors,REUSE.toml aggregate annotation
tests/test_freezone_canvas_generation_history.py,Elastic-2.0,2026 SuperTale contributors,REUSE.toml aggregate annotation
tests/test_freezone_canvas_script_report.py,Elastic-2.0,2026 SuperTale contributors,REUSE.toml aggregate annotation
tests/test_freezone_canvas_store.py,Elastic-2.0,2026 SuperTale contributors,REUSE.toml aggregate annotation
tests/test_freezone_capacity_dispatch_contract.py,Elastic-2.0,2026 SuperTale contributors,REUSE.toml aggregate annotation
tests/test_freezone_clip_contract.py,Elastic-2.0,2026 SuperTale contributors,REUSE.toml aggregate annotation
tests/test_freezone_direct_model_runtime.py,Elastic-2.0,2026 SuperTale contributors,REUSE.toml aggregate annotation
tests/test_freezone_extract_frames.py,Elastic-2.0,2026 SuperTale contributors,REUSE.toml aggregate annotation
tests/test_freezone_full_film_local_e2e.py,Elastic-2.0,2026 SuperTale contributors,REUSE.toml aggregate annotation
tests/test_freezone_full_film_smoke_assets.py,Elastic-2.0,2026 SuperTale contributors,REUSE.toml aggregate annotation
tests/test_freezone_generation_history_prompt.py,Elastic-2.0,2026 SuperTale contributors,REUSE.toml aggregate annotation
tests/test_freezone_image_backend.py,Elastic-2.0,2026 SuperTale contributors,REUSE.toml aggregate annotation
tests/test_freezone_image_node_backend.py,Elastic-2.0,2026 SuperTale contributors,REUSE.toml aggregate annotation
tests/test_freezone_mark_backend.py,Elastic-2.0,2026 SuperTale contributors,REUSE.toml aggregate annotation
tests/test_freezone_multi_view_prompt.py,Elastic-2.0,2026 SuperTale contributors,REUSE.toml aggregate annotation
tests/test_freezone_native_dialogue_submission.py,Elastic-2.0,2026 SuperTale contributors,REUSE.toml aggregate annotation
tests/test_freezone_paths.py,Elastic-2.0,2026 SuperTale contributors,REUSE.toml aggregate annotation
tests/test_freezone_projection_merge.py,Elastic-2.0,2026 SuperTale contributors,REUSE.toml aggregate annotation
tests/test_freezone_prompt_optimizer.py,Elastic-2.0,2026 SuperTale contributors,REUSE.toml aggregate annotation
tests/test_freezone_relight_prompt.py,Elastic-2.0,2026 SuperTale contributors,REUSE.toml aggregate annotation
tests/test_freezone_script_contract.py,Elastic-2.0,2026 SuperTale contributors,REUSE.toml aggregate annotation
tests/test_freezone_skill_parameters.py,Elastic-2.0,2026 SuperTale contributors,REUSE.toml aggregate annotation
tests/test_freezone_story_script_runner_contract.py,Elastic-2.0,2026 SuperTale contributors,REUSE.toml aggregate annotation
tests/test_freezone_text_backend.py,Elastic-2.0,2026 SuperTale contributors,REUSE.toml aggregate annotation
tests/test_freezone_video_audio_reference.py,Elastic-2.0,2026 SuperTale contributors,REUSE.toml aggregate annotation
tests/test_freezone_video_backend.py,Elastic-2.0,2026 SuperTale contributors,REUSE.toml aggregate annotation
tests/test_freezone_video_compose_contract.py,Elastic-2.0,2026 SuperTale contributors,REUSE.toml aggregate annotation
tests/test_freezone_video_cut.py,Elastic-2.0,2026 SuperTale contributors,REUSE.toml aggregate annotation
tests/test_freezone_video_story_backend.py,Elastic-2.0,2026 SuperTale contributors,REUSE.toml aggregate annotation
tests/test_freezone_video_upscale_backend.py,Elastic-2.0,2026 SuperTale contributors,REUSE.toml aggregate annotation
tests/test_freezone_vision_gateway.py,Elastic-2.0,2026 SuperTale contributors,REUSE.toml aggregate annotation
tests/test_frontend_source_entry.py,Elastic-2.0,2026 SuperTale contributors,REUSE.toml aggregate annotation
tests/test_gateway_transport.py,Elastic-2.0,2026 SuperTale contributors,REUSE.toml aggregate annotation
tests/test_generic_video_adapter.py,Elastic-2.0,2026 SuperTale contributors,REUSE.toml aggregate annotation
tests/test_global_prop_marker_colors.py,Elastic-2.0,2026 SuperTale contributors,REUSE.toml aggregate annotation
tests/test_global_video_optimizer_input_paths.py,Elastic-2.0,2026 SuperTale contributors,REUSE.toml aggregate annotation
tests/test_global_video_optimizer_prompt_contract.py,Elastic-2.0,2026 SuperTale contributors,REUSE.toml aggregate annotation
tests/test_gpt_image_case_library.py,Elastic-2.0,2026 SuperTale contributors,REUSE.toml aggregate annotation
tests/test_graph_build_progress.py,Elastic-2.0,2026 SuperTale contributors,REUSE.toml aggregate annotation
tests/test_growth_distiller.py,Elastic-2.0,2026 SuperTale contributors,REUSE.toml aggregate annotation
tests/test_growth_memory_service.py,Elastic-2.0,2026 SuperTale contributors,REUSE.toml aggregate annotation
tests/test_h3_camera_style_handoff.py,Elastic-2.0,2026 SuperTale contributors,REUSE.toml aggregate annotation
tests/test_h3_english_body_compilation.py,Elastic-2.0,2026 SuperTale contributors,REUSE.toml aggregate annotation
tests/test_history_asset_model_mode.py,Elastic-2.0,2026 SuperTale contributors,REUSE.toml aggregate annotation
tests/test_identity_compat.py,Elastic-2.0,2026 SuperTale contributors,REUSE.toml aggregate annotation
tests/test_identity_data_migration.py,Elastic-2.0,2026 SuperTale contributors,REUSE.toml aggregate annotation
tests/test_identity_generation_binding.py,Elastic-2.0,2026 SuperTale contributors,REUSE.toml aggregate annotation
tests/test_identity_planner_appearance_validation.py,Elastic-2.0,2026 SuperTale contributors,REUSE.toml aggregate annotation
tests/test_identity_planner_character_promotion.py,Elastic-2.0,2026 SuperTale contributors,REUSE.toml aggregate annotation
tests/test_identity_prompt_compaction.py,Elastic-2.0,2026 SuperTale contributors,REUSE.toml aggregate annotation
tests/test_identity_runner_result.py,Elastic-2.0,2026 SuperTale contributors,REUSE.toml aggregate annotation
tests/test_image_credit_reservation.py,Elastic-2.0,2026 SuperTale contributors,REUSE.toml aggregate annotation
tests/test_image_generation_selection.py,Elastic-2.0,2026 SuperTale contributors,REUSE.toml aggregate annotation
tests/test_image_generator_factory.py,Elastic-2.0,2026 SuperTale contributors,REUSE.toml aggregate annotation
tests/test_image_request_policy.py,Elastic-2.0,2026 SuperTale contributors,REUSE.toml aggregate annotation
tests/test_image_upstream_profiles.py,Elastic-2.0,2026 SuperTale contributors,REUSE.toml aggregate annotation
tests/test_image_verifier_time_context.py,Elastic-2.0,2026 SuperTale contributors,REUSE.toml aggregate annotation
tests/test_indextts2_beat_audio_task.py,Elastic-2.0,2026 SuperTale contributors,REUSE.toml aggregate annotation
tests/test_indextts2_fal.py,Elastic-2.0,2026 SuperTale contributors,REUSE.toml aggregate annotation
tests/test_indextts2_fal_smoke.py,Elastic-2.0,2026 SuperTale contributors,REUSE.toml aggregate annotation
tests/test_ingest_runner_progress.py,Elastic-2.0,2026 SuperTale contributors,REUSE.toml aggregate annotation
tests/test_intent_contract.py,Elastic-2.0,2026 SuperTale contributors,REUSE.toml aggregate annotation
tests/test_jev_agent_tool.py,Elastic-2.0,2026 SuperTale contributors,REUSE.toml aggregate annotation
tests/test_judgment_service.py,Elastic-2.0,2026 SuperTale contributors,REUSE.toml aggregate annotation
tests/test_knowledge_provenance.py,Elastic-2.0,2026 SuperTale contributors,REUSE.toml aggregate annotation
tests/test_knowledge_router.py,Elastic-2.0,2026 SuperTale contributors,REUSE.toml aggregate annotation
tests/test_launcher_cache_bust.py,Elastic-2.0,2026 SuperTale contributors,REUSE.toml aggregate annotation
tests/test_layer_closure_audit.py,Elastic-2.0,2026 SuperTale contributors,REUSE.toml aggregate annotation
tests/test_libtv_connector.py,Elastic-2.0,2026 SuperTale contributors,REUSE.toml aggregate annotation
tests/test_libtv_scene_contract.py,Elastic-2.0,2026 SuperTale contributors,REUSE.toml aggregate annotation
tests/test_literal_script_batching.py,Elastic-2.0,2026 SuperTale contributors,REUSE.toml aggregate annotation
tests/test_literal_script_checkpoint.py,Elastic-2.0,2026 SuperTale contributors,REUSE.toml aggregate annotation
tests/test_literal_script_writing_audio_type.py,Elastic-2.0,2026 SuperTale contributors,REUSE.toml aggregate annotation
tests/test_m10_final_gate.py,Elastic-2.0,2026 SuperTale contributors,REUSE.toml aggregate annotation
tests/test_mainline_generation_context.py,Elastic-2.0,2026 SuperTale contributors,REUSE.toml aggregate annotation
tests/test_manual_shots.py,Elastic-2.0,2026 SuperTale contributors,REUSE.toml aggregate annotation
tests/test_media_binaries.py,Elastic-2.0,2026 SuperTale contributors,REUSE.toml aggregate annotation
tests/test_media_facades.py,Elastic-2.0,2026 SuperTale contributors,REUSE.toml aggregate annotation
tests/test_media_relay.py,Elastic-2.0,2026 SuperTale contributors,REUSE.toml aggregate annotation
tests/test_memory_compiler.py,Elastic-2.0,2026 SuperTale contributors,REUSE.toml aggregate annotation
tests/test_memory_hooks.py,Elastic-2.0,2026 SuperTale contributors,REUSE.toml aggregate annotation
tests/test_memory_index.py,Elastic-2.0,2026 SuperTale contributors,REUSE.toml aggregate annotation
tests/test_memory_influence_receipts.py,Elastic-2.0,2026 SuperTale contributors,REUSE.toml aggregate annotation
tests/test_memory_migration.py,Elastic-2.0,2026 SuperTale contributors,REUSE.toml aggregate annotation
tests/test_memory_relevance.py,Elastic-2.0,2026 SuperTale contributors,REUSE.toml aggregate annotation
tests/test_minimax_h3_dialogue_prompt.py,Elastic-2.0,2026 SuperTale contributors,REUSE.toml aggregate annotation
tests/test_model_capability_projection.py,Elastic-2.0,2026 SuperTale contributors,REUSE.toml aggregate annotation
tests/test_model_contracts.py,Elastic-2.0,2026 SuperTale contributors,REUSE.toml aggregate annotation
tests/test_model_gateway_settings.py,Elastic-2.0,2026 SuperTale contributors,REUSE.toml aggregate annotation
tests/test_narrator_main_semantics.py,Elastic-2.0,2026 SuperTale contributors,REUSE.toml aggregate annotation
tests/test_native_village_canvas_plugin.py,Elastic-2.0,2026 SuperTale contributors,REUSE.toml aggregate annotation
tests/test_newapi_image_gateway.py,Elastic-2.0,2026 SuperTale contributors,REUSE.toml aggregate annotation
tests/test_newapi_image_safety_retry_ladder.py,Elastic-2.0,2026 SuperTale contributors,REUSE.toml aggregate annotation
tests/test_newapi_image_uplink.py,Elastic-2.0,2026 SuperTale contributors,REUSE.toml aggregate annotation
tests/test_newapi_prompt_reference_budget.py,Elastic-2.0,2026 SuperTale contributors,REUSE.toml aggregate annotation
tests/test_newapi_text_gateway.py,Elastic-2.0,2026 SuperTale contributors,REUSE.toml aggregate annotation
tests/test_newapi_video_diagnostics.py,Elastic-2.0,2026 SuperTale contributors,REUSE.toml aggregate annotation
tests/test_newapi_video_result_recovery.py,Elastic-2.0,2026 SuperTale contributors,REUSE.toml aggregate annotation
tests/test_no_nicegui_character_ref_imports.py,Elastic-2.0,2026 SuperTale contributors,REUSE.toml aggregate annotation
tests/test_node_capability_parity.py,Elastic-2.0,2026 SuperTale contributors,REUSE.toml aggregate annotation
tests/test_openresty_upload_limit.py,Elastic-2.0,2026 SuperTale contributors,REUSE.toml aggregate annotation
tests/test_orchestrator_route_store_lifecycle.py,Elastic-2.0,2026 SuperTale contributors,REUSE.toml aggregate annotation
tests/test_original_mode_contract.py,Elastic-2.0,2026 SuperTale contributors,REUSE.toml aggregate annotation
tests/test_oss_presign_builder.py,Elastic-2.0,2026 SuperTale contributors,REUSE.toml aggregate annotation
tests/test_p0b_compliance_generator.py,Elastic-2.0,2026 SuperTale contributors,REUSE.toml aggregate annotation
tests/test_pano_sharp_da2_loading.py,Elastic-2.0,2026 SuperTale contributors,REUSE.toml aggregate annotation
tests/test_pipeline_media_truth.py,Elastic-2.0,2026 SuperTale contributors,REUSE.toml aggregate annotation
tests/test_pool_index_rebuild.py,Elastic-2.0,2026 SuperTale contributors,REUSE.toml aggregate annotation
tests/test_pool_index_state_storage.py,Elastic-2.0,2026 SuperTale contributors,REUSE.toml aggregate annotation
tests/test_portable_log_rotation.py,Elastic-2.0,2026 SuperTale contributors,REUSE.toml aggregate annotation
tests/test_portrait_era_costume.py,Elastic-2.0,2026 SuperTale contributors,REUSE.toml aggregate annotation
tests/test_product_independence.py,Elastic-2.0,2026 SuperTale contributors,REUSE.toml aggregate annotation
tests/test_production_contract_facade.py,Elastic-2.0,2026 SuperTale contributors,REUSE.toml aggregate annotation
tests/test_production_control.py,Elastic-2.0,2026 SuperTale contributors,REUSE.toml aggregate annotation
tests/test_production_control_concurrency.py,Elastic-2.0,2026 SuperTale contributors,REUSE.toml aggregate annotation
tests/test_production_cost_receipt.py,Elastic-2.0,2026 SuperTale contributors,REUSE.toml aggregate annotation
tests/test_production_foundation_targets.py,Elastic-2.0,2026 SuperTale contributors,REUSE.toml aggregate annotation
tests/test_production_orchestrator_dispatch_safety.py,Elastic-2.0,2026 SuperTale contributors,REUSE.toml aggregate annotation
tests/test_production_orchestrator_regressions.py,Elastic-2.0,2026 SuperTale contributors,REUSE.toml aggregate annotation
tests/test_production_pipeline_contract.py,Elastic-2.0,2026 SuperTale contributors,REUSE.toml aggregate annotation
tests/test_production_registry.py,Elastic-2.0,2026 SuperTale contributors,REUSE.toml aggregate annotation
tests/test_production_scene_asset_group.py,Elastic-2.0,2026 SuperTale contributors,REUSE.toml aggregate annotation
tests/test_project_asset_shortcuts.py,Elastic-2.0,2026 SuperTale contributors,REUSE.toml aggregate annotation
tests/test_project_config_narration.py,Elastic-2.0,2026 SuperTale contributors,REUSE.toml aggregate annotation
tests/test_project_context.py,Elastic-2.0,2026 SuperTale contributors,REUSE.toml aggregate annotation
tests/test_project_dependencies.py,Elastic-2.0,2026 SuperTale contributors,REUSE.toml aggregate annotation
tests/test_project_dna.py,Elastic-2.0,2026 SuperTale contributors,REUSE.toml aggregate annotation
tests/test_project_embedding_models.py,Elastic-2.0,2026 SuperTale contributors,REUSE.toml aggregate annotation
tests/test_project_id_route_paths.py,Elastic-2.0,2026 SuperTale contributors,REUSE.toml aggregate annotation
tests/test_project_spine_template.py,Elastic-2.0,2026 SuperTale contributors,REUSE.toml aggregate annotation
tests/test_project_stage_skill_routing.py,Elastic-2.0,2026 SuperTale contributors,REUSE.toml aggregate annotation
tests/test_project_static_media.py,Elastic-2.0,2026 SuperTale contributors,REUSE.toml aggregate annotation
tests/test_project_style_contract.py,Elastic-2.0,2026 SuperTale contributors,REUSE.toml aggregate annotation
tests/test_project_task_routes.py,Elastic-2.0,2026 SuperTale contributors,REUSE.toml aggregate annotation
tests/test_project_work_ledger.py,Elastic-2.0,2026 SuperTale contributors,REUSE.toml aggregate annotation
tests/test_project_work_ledger_runtime.py,Elastic-2.0,2026 SuperTale contributors,REUSE.toml aggregate annotation
tests/test_prompt_style_ethnicity_layering.py,Elastic-2.0,2026 SuperTale contributors,REUSE.toml aggregate annotation
tests/test_prop_extraction_contract.py,Elastic-2.0,2026 SuperTale contributors,REUSE.toml aggregate annotation
tests/test_provider_failure_checkpoint.py,Elastic-2.0,2026 SuperTale contributors,REUSE.toml aggregate annotation
tests/test_quality_target_manifest.py,Elastic-2.0,2026 SuperTale contributors,REUSE.toml aggregate annotation
tests/test_real_execution_adapter.py,Elastic-2.0,2026 SuperTale contributors,REUSE.toml aggregate annotation
tests/test_real_execution_bridge.py,Elastic-2.0,2026 SuperTale contributors,REUSE.toml aggregate annotation
tests/test_ref_image_hash.py,Elastic-2.0,2026 SuperTale contributors,REUSE.toml aggregate annotation
tests/test_reference_distill.py,Elastic-2.0,2026 SuperTale contributors,REUSE.toml aggregate annotation
tests/test_reference_file_map.py,Elastic-2.0,2026 SuperTale contributors,REUSE.toml aggregate annotation
tests/test_reference_inventory.py,Elastic-2.0,2026 SuperTale contributors,REUSE.toml aggregate annotation
tests/test_reference_manifest.py,Elastic-2.0,2026 SuperTale contributors,REUSE.toml aggregate annotation
tests/test_regen_retry_and_partial_failure.py,Elastic-2.0,2026 SuperTale contributors,REUSE.toml aggregate annotation
tests/test_release_feed.py,Elastic-2.0,2026 SuperTale contributors,REUSE.toml aggregate annotation
tests/test_render_auto_repair_removed.py,Elastic-2.0,2026 SuperTale contributors,REUSE.toml aggregate annotation
tests/test_render_identity_guard.py,Elastic-2.0,2026 SuperTale contributors,REUSE.toml aggregate annotation
tests/test_render_multiview_reference_prompt.py,Elastic-2.0,2026 SuperTale contributors,REUSE.toml aggregate annotation
tests/test_render_plan_aspect_ratio.py,Elastic-2.0,2026 SuperTale contributors,REUSE.toml aggregate annotation
tests/test_render_repair_context.py,Elastic-2.0,2026 SuperTale contributors,REUSE.toml aggregate annotation
tests/test_render_runner_canvas_skill_inputs.py,Elastic-2.0,2026 SuperTale contributors,REUSE.toml aggregate annotation
tests/test_render_scene_anchor_prompt.py,Elastic-2.0,2026 SuperTale contributors,REUSE.toml aggregate annotation
tests/test_render_sketch_concurrency.py,Elastic-2.0,2026 SuperTale contributors,REUSE.toml aggregate annotation
tests/test_research_contract.py,Elastic-2.0,2026 SuperTale contributors,REUSE.toml aggregate annotation
tests/test_research_runtime.py,Elastic-2.0,2026 SuperTale contributors,REUSE.toml aggregate annotation
tests/test_runtime_deploy_parity.py,Elastic-2.0,2026 SuperTale contributors,REUSE.toml aggregate annotation
tests/test_runtime_env.py,Elastic-2.0,2026 SuperTale contributors,REUSE.toml aggregate annotation
tests/test_runtime_route_summary.py,Elastic-2.0,2026 SuperTale contributors,REUSE.toml aggregate annotation
tests/test_runtime_source_path.py,Elastic-2.0,2026 SuperTale contributors,REUSE.toml aggregate annotation
tests/test_sandbox_roots.py,Elastic-2.0,2026 SuperTale contributors,REUSE.toml aggregate annotation
tests/test_scene_gallery_backend_removed.py,Elastic-2.0,2026 SuperTale contributors,REUSE.toml aggregate annotation
tests/test_scene_name_migration.py,Elastic-2.0,2026 SuperTale contributors,REUSE.toml aggregate annotation
tests/test_scene_plate_resolution.py,Elastic-2.0,2026 SuperTale contributors,REUSE.toml aggregate annotation
tests/test_scene_reference_prompt.py,Elastic-2.0,2026 SuperTale contributors,REUSE.toml aggregate annotation
tests/test_scene_reverse_auto_chain.py,Elastic-2.0,2026 SuperTale contributors,REUSE.toml aggregate annotation
tests/test_scene_view_recommendation.py,Elastic-2.0,2026 SuperTale contributors,REUSE.toml aggregate annotation
tests/test_screening_repair_evidence.py,Elastic-2.0,2026 SuperTale contributors,REUSE.toml aggregate annotation
tests/test_screenplay_normalizer.py,Elastic-2.0,2026 SuperTale contributors,REUSE.toml aggregate annotation
tests/test_screenplay_scene_parser.py,Elastic-2.0,2026 SuperTale contributors,REUSE.toml aggregate annotation
tests/test_script_action_line_duration_policy.py,Elastic-2.0,2026 SuperTale contributors,REUSE.toml aggregate annotation
tests/test_script_asset_definitions.py,Elastic-2.0,2026 SuperTale contributors,REUSE.toml aggregate annotation
tests/test_script_asset_review_persistence.py,Elastic-2.0,2026 SuperTale contributors,REUSE.toml aggregate annotation
tests/test_script_camera_cut_handoff.py,Elastic-2.0,2026 SuperTale contributors,REUSE.toml aggregate annotation
tests/test_script_camera_style_execution.py,Elastic-2.0,2026 SuperTale contributors,REUSE.toml aggregate annotation
tests/test_script_camera_style_guidance.py,Elastic-2.0,2026 SuperTale contributors,REUSE.toml aggregate annotation
tests/test_script_continuous_camera_workflow.py,Elastic-2.0,2026 SuperTale contributors,REUSE.toml aggregate annotation
tests/test_script_directing_intent.py,Elastic-2.0,2026 SuperTale contributors,REUSE.toml aggregate annotation
tests/test_script_director_validation.py,Elastic-2.0,2026 SuperTale contributors,REUSE.toml aggregate annotation
tests/test_script_film_facts_gate.py,Elastic-2.0,2026 SuperTale contributors,REUSE.toml aggregate annotation
tests/test_script_media_gate.py,Elastic-2.0,2026 SuperTale contributors,REUSE.toml aggregate annotation
tests/test_script_reference_handoff_http.py,Elastic-2.0,2026 SuperTale contributors,REUSE.toml aggregate annotation
tests/test_script_repair_rule_parity.py,Elastic-2.0,2026 SuperTale contributors,REUSE.toml aggregate annotation
tests/test_script_scene_light_axis_contract.py,Elastic-2.0,2026 SuperTale contributors,REUSE.toml aggregate annotation
tests/test_script_sequence_rewrite.py,Elastic-2.0,2026 SuperTale contributors,REUSE.toml aggregate annotation
tests/test_script_video_feedback.py,Elastic-2.0,2026 SuperTale contributors,REUSE.toml aggregate annotation
tests/test_seedance2_assets.py,Elastic-2.0,2026 SuperTale contributors,REUSE.toml aggregate annotation
tests/test_seedance2_config_persistence.py,Elastic-2.0,2026 SuperTale contributors,REUSE.toml aggregate annotation
tests/test_seedance2_explicit_media_contract.py,Elastic-2.0,2026 SuperTale contributors,REUSE.toml aggregate annotation
tests/test_seedance2_fast_demo.py,Elastic-2.0,2026 SuperTale contributors,REUSE.toml aggregate annotation
tests/test_seedance2_keyframe_endpoints.py,Elastic-2.0,2026 SuperTale contributors,REUSE.toml aggregate annotation
tests/test_seedance2_models.py,Elastic-2.0,2026 SuperTale contributors,REUSE.toml aggregate annotation
tests/test_seedance2_panel_service_narration_audio.py,Elastic-2.0,2026 SuperTale contributors,REUSE.toml aggregate annotation
tests/test_seedance2_prompt.py,Elastic-2.0,2026 SuperTale contributors,REUSE.toml aggregate annotation
tests/test_seedance2_request.py,Elastic-2.0,2026 SuperTale contributors,REUSE.toml aggregate annotation
tests/test_seedance2_status_returned_last_frame.py,Elastic-2.0,2026 SuperTale contributors,REUSE.toml aggregate annotation
tests/test_seedance2_voice_audio_records.py,Elastic-2.0,2026 SuperTale contributors,REUSE.toml aggregate annotation
tests/test_seedance2_voice_audio_task.py,Elastic-2.0,2026 SuperTale contributors,REUSE.toml aggregate annotation
tests/test_seedance2_voice_clone.py,Elastic-2.0,2026 SuperTale contributors,REUSE.toml aggregate annotation
tests/test_selected_video_model_catalog.py,Elastic-2.0,2026 SuperTale contributors,REUSE.toml aggregate annotation
tests/test_services_contract_facade_parity.py,Elastic-2.0,2026 SuperTale contributors,REUSE.toml aggregate annotation
tests/test_shared_context.py,Elastic-2.0,2026 SuperTale contributors,REUSE.toml aggregate annotation
tests/test_shot_contract.py,Elastic-2.0,2026 SuperTale contributors,REUSE.toml aggregate annotation
tests/test_shot_contract_sqlite.py,Elastic-2.0,2026 SuperTale contributors,REUSE.toml aggregate annotation
tests/test_sketch_edit_execute_celery.py,Elastic-2.0,2026 SuperTale contributors,REUSE.toml aggregate annotation
tests/test_skill_admission.py,Elastic-2.0,2026 SuperTale contributors,REUSE.toml aggregate annotation
tests/test_skills_distill_model_binding.py,Elastic-2.0,2026 SuperTale contributors,REUSE.toml aggregate annotation
tests/test_spa_static_serving.py,Elastic-2.0,2026 SuperTale contributors,REUSE.toml aggregate annotation
tests/test_sqlite_pragmas.py,Elastic-2.0,2026 SuperTale contributors,REUSE.toml aggregate annotation
tests/test_sqlite_store.py,Elastic-2.0,2026 SuperTale contributors,REUSE.toml aggregate annotation
tests/test_sqlite_store_indextts2_migration.py,Elastic-2.0,2026 SuperTale contributors,REUSE.toml aggregate annotation
tests/test_stage_asset_scene_360_provider.py,Elastic-2.0,2026 SuperTale contributors,REUSE.toml aggregate annotation
tests/test_stage_evidence_integrity.py,Elastic-2.0,2026 SuperTale contributors,REUSE.toml aggregate annotation
tests/test_starter_workflow_contract.py,Elastic-2.0,2026 SuperTale contributors,REUSE.toml aggregate annotation
tests/test_state_sql_readonly.py,Elastic-2.0,2026 SuperTale contributors,REUSE.toml aggregate annotation
tests/test_story_input_normalizer.py,Elastic-2.0,2026 SuperTale contributors,REUSE.toml aggregate annotation
tests/test_story_lab.py,Elastic-2.0,2026 SuperTale contributors,REUSE.toml aggregate annotation
tests/test_story_lab_chat_routing.py,Elastic-2.0,2026 SuperTale contributors,REUSE.toml aggregate annotation
tests/test_story_lab_runner.py,Elastic-2.0,2026 SuperTale contributors,REUSE.toml aggregate annotation
tests/test_storyboard_prompt_visual_authority.py,Elastic-2.0,2026 SuperTale contributors,REUSE.toml aggregate annotation
tests/test_style_prompt_compiler.py,Elastic-2.0,2026 SuperTale contributors,REUSE.toml aggregate annotation
tests/test_superpower_model_config.py,Elastic-2.0,2026 SuperTale contributors,REUSE.toml aggregate annotation
tests/test_t049_gemini_image_live.py,Elastic-2.0,2026 SuperTale contributors,REUSE.toml aggregate annotation
tests/test_t112_archive_evidence.py,Elastic-2.0,2026 SuperTale contributors,REUSE.toml aggregate annotation
tests/test_t113_paid_l3_preflight.py,Elastic-2.0,2026 SuperTale contributors,REUSE.toml aggregate annotation
tests/test_t113_paid_sample_runner.py,Elastic-2.0,2026 SuperTale contributors,REUSE.toml aggregate annotation
tests/test_t113_real_provider_proxy.py,Elastic-2.0,2026 SuperTale contributors,REUSE.toml aggregate annotation
tests/test_target_resolver.py,Elastic-2.0,2026 SuperTale contributors,REUSE.toml aggregate annotation
tests/test_task_acceptance_receipt.py,Elastic-2.0,2026 SuperTale contributors,REUSE.toml aggregate annotation
tests/test_task_backend_celery_metadata.py,Elastic-2.0,2026 SuperTale contributors,REUSE.toml aggregate annotation
tests/test_task_backend_registry.py,Elastic-2.0,2026 SuperTale contributors,REUSE.toml aggregate annotation
tests/test_task_browser_observation_measurement.py,Elastic-2.0,2026 SuperTale contributors,REUSE.toml aggregate annotation
tests/test_task_cancel_keys.py,Elastic-2.0,2026 SuperTale contributors,REUSE.toml aggregate annotation
tests/test_task_change_pulse.py,Elastic-2.0,2026 SuperTale contributors,REUSE.toml aggregate annotation
tests/test_task_commit_notifications.py,Elastic-2.0,2026 SuperTale contributors,REUSE.toml aggregate annotation
tests/test_task_credit_errors.py,Elastic-2.0,2026 SuperTale contributors,REUSE.toml aggregate annotation
tests/test_task_failure_facade.py,Elastic-2.0,2026 SuperTale contributors,REUSE.toml aggregate annotation
tests/test_task_historical_pair.py,Elastic-2.0,2026 SuperTale contributors,REUSE.toml aggregate annotation
tests/test_task_output_artifacts.py,Elastic-2.0,2026 SuperTale contributors,REUSE.toml aggregate annotation
tests/test_task_runner_cancel_checkpoints.py,Elastic-2.0,2026 SuperTale contributors,REUSE.toml aggregate annotation
tests/test_task_runtime_facade.py,Elastic-2.0,2026 SuperTale contributors,REUSE.toml aggregate annotation
tests/test_task_script_runner_store_lifecycle.py,Elastic-2.0,2026 SuperTale contributors,REUSE.toml aggregate annotation
tests/test_task_sketch_runner.py,Elastic-2.0,2026 SuperTale contributors,REUSE.toml aggregate annotation
tests/test_task_stage_facades.py,Elastic-2.0,2026 SuperTale contributors,REUSE.toml aggregate annotation
tests/test_task_state_restart_reconcile.py,Elastic-2.0,2026 SuperTale contributors,REUSE.toml aggregate annotation
tests/test_task_state_schema_cache.py,Elastic-2.0,2026 SuperTale contributors,REUSE.toml aggregate annotation
tests/test_task_state_timezones.py,Elastic-2.0,2026 SuperTale contributors,REUSE.toml aggregate annotation
tests/test_task_video_global_optimizer_lifecycle.py,Elastic-2.0,2026 SuperTale contributors,REUSE.toml aggregate annotation
tests/test_task_video_runner_returned_last_frame.py,Elastic-2.0,2026 SuperTale contributors,REUSE.toml aggregate annotation
tests/test_tasks_stream_list.py,Elastic-2.0,2026 SuperTale contributors,REUSE.toml aggregate annotation
tests/test_taste_engines.py,Elastic-2.0,2026 SuperTale contributors,REUSE.toml aggregate annotation
tests/test_taste_graph.py,Elastic-2.0,2026 SuperTale contributors,REUSE.toml aggregate annotation
tests/test_tavily_pool.py,Elastic-2.0,2026 SuperTale contributors,REUSE.toml aggregate annotation
tests/test_thumbnails.py,Elastic-2.0,2026 SuperTale contributors,REUSE.toml aggregate annotation
tests/test_tool_allowlist.py,Elastic-2.0,2026 SuperTale contributors,REUSE.toml aggregate annotation
tests/test_tool_failure_disposition.py,Elastic-2.0,2026 SuperTale contributors,REUSE.toml aggregate annotation
tests/test_unified_video_gateway.py,Elastic-2.0,2026 SuperTale contributors,REUSE.toml aggregate annotation
tests/test_upload_sanitization.py,Elastic-2.0,2026 SuperTale contributors,REUSE.toml aggregate annotation
tests/test_upstream_cognee_concurrency.py,Elastic-2.0,2026 SuperTale contributors,REUSE.toml aggregate annotation
tests/test_upstream_media_relay_partial_update.py,Elastic-2.0,2026 SuperTale contributors,REUSE.toml aggregate annotation
tests/test_upstream_render_sketch_aspect.py,Elastic-2.0,2026 SuperTale contributors,REUSE.toml aggregate annotation
tests/test_upstream_video_aspect_ratio.py,Elastic-2.0,2026 SuperTale contributors,REUSE.toml aggregate annotation
tests/test_verification_beat_lookup.py,Elastic-2.0,2026 SuperTale contributors,REUSE.toml aggregate annotation
tests/test_verification_gate_truthfulness.py,Elastic-2.0,2026 SuperTale contributors,REUSE.toml aggregate annotation
tests/test_verification_video_frame_similarity.py,Elastic-2.0,2026 SuperTale contributors,REUSE.toml aggregate annotation
tests/test_video_builtin_catalog.py,Elastic-2.0,2026 SuperTale contributors,REUSE.toml aggregate annotation
tests/test_video_capability_envelope.py,Elastic-2.0,2026 SuperTale contributors,REUSE.toml aggregate annotation
tests/test_video_channel_wire_contracts.py,Elastic-2.0,2026 SuperTale contributors,REUSE.toml aggregate annotation
tests/test_video_composer_result_contract.py,Elastic-2.0,2026 SuperTale contributors,REUSE.toml aggregate annotation
tests/test_video_contract_language_boundaries.py,Elastic-2.0,2026 SuperTale contributors,REUSE.toml aggregate annotation
tests/test_video_contract_packages.py,Elastic-2.0,2026 SuperTale contributors,REUSE.toml aggregate annotation
tests/test_video_contract_paid_boundaries.py,Elastic-2.0,2026 SuperTale contributors,REUSE.toml aggregate annotation
tests/test_video_contract_reference_matrix.py,Elastic-2.0,2026 SuperTale contributors,REUSE.toml aggregate annotation
tests/test_video_dialogue_duration_budget.py,Elastic-2.0,2026 SuperTale contributors,REUSE.toml aggregate annotation
tests/test_video_dispatch.py,Elastic-2.0,2026 SuperTale contributors,REUSE.toml aggregate annotation
tests/test_video_draft_three_lane_e2e.py,Elastic-2.0,2026 SuperTale contributors,REUSE.toml aggregate annotation
tests/test_video_duration_fidelity.py,Elastic-2.0,2026 SuperTale contributors,REUSE.toml aggregate annotation
tests/test_video_generation_request.py,Elastic-2.0,2026 SuperTale contributors,REUSE.toml aggregate annotation
tests/test_video_generation_source.py,Elastic-2.0,2026 SuperTale contributors,REUSE.toml aggregate annotation
tests/test_video_generator_adapter_boundaries.py,Elastic-2.0,2026 SuperTale contributors,REUSE.toml aggregate annotation
tests/test_video_idempotency_key_payload_sensitivity.py,Elastic-2.0,2026 SuperTale contributors,REUSE.toml aggregate annotation
tests/test_video_input_frame_contract.py,Elastic-2.0,2026 SuperTale contributors,REUSE.toml aggregate annotation
tests/test_video_model_aliases.py,Elastic-2.0,2026 SuperTale contributors,REUSE.toml aggregate annotation
tests/test_video_model_catalog.py,Elastic-2.0,2026 SuperTale contributors,REUSE.toml aggregate annotation
tests/test_video_model_name_capabilities.py,Elastic-2.0,2026 SuperTale contributors,REUSE.toml aggregate annotation
tests/test_video_native_audio_sanitization.py,Elastic-2.0,2026 SuperTale contributors,REUSE.toml aggregate annotation
tests/test_video_native_speech_constraint.py,Elastic-2.0,2026 SuperTale contributors,REUSE.toml aggregate annotation
tests/test_video_pool_static_urls.py,Elastic-2.0,2026 SuperTale contributors,REUSE.toml aggregate annotation
tests/test_video_prompt_slots.py,Elastic-2.0,2026 SuperTale contributors,REUSE.toml aggregate annotation
tests/test_video_provider_adapters.py,Elastic-2.0,2026 SuperTale contributors,REUSE.toml aggregate annotation
tests/test_video_reference_policy.py,Elastic-2.0,2026 SuperTale contributors,REUSE.toml aggregate annotation
tests/test_video_request_compiler.py,Elastic-2.0,2026 SuperTale contributors,REUSE.toml aggregate annotation
tests/test_video_request_contract.py,Elastic-2.0,2026 SuperTale contributors,REUSE.toml aggregate annotation
tests/test_video_runner_direct_defaults.py,Elastic-2.0,2026 SuperTale contributors,REUSE.toml aggregate annotation
tests/test_video_service_contract_matrix.py,Elastic-2.0,2026 SuperTale contributors,REUSE.toml aggregate annotation
tests/test_video_service_language_boundary_matrix.py,Elastic-2.0,2026 SuperTale contributors,REUSE.toml aggregate annotation
tests/test_video_submission_preflight.py,Elastic-2.0,2026 SuperTale contributors,REUSE.toml aggregate annotation
tests/test_video_submit_route_fallback.py,Elastic-2.0,2026 SuperTale contributors,REUSE.toml aggregate annotation
tests/test_video_upstream_profiles.py,Elastic-2.0,2026 SuperTale contributors,REUSE.toml aggregate annotation
tests/test_village_agent_history_pairing.py,Elastic-2.0,2026 SuperTale contributors,REUSE.toml aggregate annotation
tests/test_village_agent_project_work_ledger.py,Elastic-2.0,2026 SuperTale contributors,REUSE.toml aggregate annotation
tests/test_village_canvas_aigc_bundle.py,Elastic-2.0,2026 SuperTale contributors,REUSE.toml aggregate annotation
tests/test_village_canvas_archive_distilled_skills.py,Elastic-2.0,2026 SuperTale contributors,REUSE.toml aggregate annotation
tests/test_village_canvas_libtv_batch2_skills.py,Elastic-2.0,2026 SuperTale contributors,REUSE.toml aggregate annotation
tests/test_village_canvas_skill_contract.py,Elastic-2.0,2026 SuperTale contributors,REUSE.toml aggregate annotation
tests/test_village_canvas_tool_registry.py,Elastic-2.0,2026 SuperTale contributors,REUSE.toml aggregate annotation
tests/test_wokey_jimeng_video_gateway.py,Elastic-2.0,2026 SuperTale contributors,REUSE.toml aggregate annotation
tests/test_workflow_artifact_merge.py,Elastic-2.0,2026 SuperTale contributors,REUSE.toml aggregate annotation
tests/test_workflow_automatic_recovery.py,Elastic-2.0,2026 SuperTale contributors,REUSE.toml aggregate annotation
tests/test_workflow_canvas_asset_binding.py,Elastic-2.0,2026 SuperTale contributors,REUSE.toml aggregate annotation
tests/test_workflow_canvas_asset_binding_readiness_http.py,Elastic-2.0,2026 SuperTale contributors,REUSE.toml aggregate annotation
tests/test_workflow_canvas_asset_binding_repair_http.py,Elastic-2.0,2026 SuperTale contributors,REUSE.toml aggregate annotation
tests/test_workflow_causal_chain.py,Elastic-2.0,2026 SuperTale contributors,REUSE.toml aggregate annotation
tests/test_workflow_compose_authorization.py,Elastic-2.0,2026 SuperTale contributors,REUSE.toml aggregate annotation
tests/test_workflow_compose_authorization_http.py,Elastic-2.0,2026 SuperTale contributors,REUSE.toml aggregate annotation
tests/test_workflow_compose_bridge.py,Elastic-2.0,2026 SuperTale contributors,REUSE.toml aggregate annotation
tests/test_workflow_compose_local_ffmpeg.py,Elastic-2.0,2026 SuperTale contributors,REUSE.toml aggregate annotation
tests/test_workflow_dialogue_dubbing.py,Elastic-2.0,2026 SuperTale contributors,REUSE.toml aggregate annotation
tests/test_workflow_execution_leases.py,Elastic-2.0,2026 SuperTale contributors,REUSE.toml aggregate annotation
tests/test_workflow_execution_semantics.py,Elastic-2.0,2026 SuperTale contributors,REUSE.toml aggregate annotation
tests/test_workflow_freezone_script_contract.py,Elastic-2.0,2026 SuperTale contributors,REUSE.toml aggregate annotation
tests/test_workflow_freezone_storyboard_images.py,Elastic-2.0,2026 SuperTale contributors,REUSE.toml aggregate annotation
tests/test_workflow_freezone_videos.py,Elastic-2.0,2026 SuperTale contributors,REUSE.toml aggregate annotation
tests/test_workflow_learning_bridge.py,Elastic-2.0,2026 SuperTale contributors,REUSE.toml aggregate annotation
tests/test_workflow_media_authorization.py,Elastic-2.0,2026 SuperTale contributors,REUSE.toml aggregate annotation
tests/test_workflow_media_dispatch.py,Elastic-2.0,2026 SuperTale contributors,REUSE.toml aggregate annotation
tests/test_workflow_production_authorization.py,Elastic-2.0,2026 SuperTale contributors,REUSE.toml aggregate annotation
tests/test_workflow_production_plan.py,Elastic-2.0,2026 SuperTale contributors,REUSE.toml aggregate annotation
tests/test_workflow_reference_resolver.py,Elastic-2.0,2026 SuperTale contributors,REUSE.toml aggregate annotation
tests/test_workflow_release_readiness.py,Elastic-2.0,2026 SuperTale contributors,REUSE.toml aggregate annotation
tests/test_workflow_retry_http_contract.py,Elastic-2.0,2026 SuperTale contributors,REUSE.toml aggregate annotation
tests/test_workflow_run_read_projection_cache.py,Elastic-2.0,2026 SuperTale contributors,REUSE.toml aggregate annotation
tests/test_workflow_run_store.py,Elastic-2.0,2026 SuperTale contributors,REUSE.toml aggregate annotation
tests/test_workflow_runtime.py,Elastic-2.0,2026 SuperTale contributors,REUSE.toml aggregate annotation
tests/test_workflow_script_asset_ledger.py,Elastic-2.0,2026 SuperTale contributors,REUSE.toml aggregate annotation
tests/test_workflow_stage_receipts.py,Elastic-2.0,2026 SuperTale contributors,REUSE.toml aggregate annotation
tests/test_workflow_step_recovery.py,Elastic-2.0,2026 SuperTale contributors,REUSE.toml aggregate annotation
tests/test_workflow_turn_receipts.py,Elastic-2.0,2026 SuperTale contributors,REUSE.toml aggregate annotation
tests/test_workflow_video_input_refusal.py,Elastic-2.0,2026 SuperTale contributors,REUSE.toml aggregate annotation
tests/test_workflow_visual_preflight_decision.py,Elastic-2.0,2026 SuperTale contributors,REUSE.toml aggregate annotation
tests/test_wysiwyg_consistency.py,Elastic-2.0,2026 SuperTale contributors,REUSE.toml aggregate annotation
tests/test_wysiwyg_neo4j.py,Elastic-2.0,2026 SuperTale contributors,REUSE.toml aggregate annotation
tests/test_xiaoshu_runtime_breakpoints.py,Elastic-2.0,2026 SuperTale contributors,REUSE.toml aggregate annotation
tests/workflow_plan_support.py,Elastic-2.0,2026 SuperTale contributors,REUSE.toml aggregate annotation
third_party/archify/2.16.0/LICENSE,MIT,2026 tt-a1i (Archify); 2025 Cocoon AI,vendored Archify v2.16.0 LICENSE and UPSTREAM_PROVENANCE.json
third_party/archify/2.16.0/SKILL.md,MIT,2026 tt-a1i (Archify); 2025 Cocoon AI,vendored Archify v2.16.0 LICENSE and UPSTREAM_PROVENANCE.json
third_party/archify/2.16.0/UPSTREAM_PROVENANCE.json,MIT,2026 tt-a1i (Archify); 2025 Cocoon AI,vendored Archify v2.16.0 LICENSE and UPSTREAM_PROVENANCE.json
third_party/archify/2.16.0/assets/template.html,MIT,2026 tt-a1i (Archify); 2025 Cocoon AI,vendored Archify v2.16.0 LICENSE and UPSTREAM_PROVENANCE.json
third_party/archify/2.16.0/bin/archify.mjs,MIT,2026 tt-a1i (Archify); 2025 Cocoon AI,vendored Archify v2.16.0 LICENSE and UPSTREAM_PROVENANCE.json
third_party/archify/2.16.0/bin/open-artifact.mjs,MIT,2026 tt-a1i (Archify); 2025 Cocoon AI,vendored Archify v2.16.0 LICENSE and UPSTREAM_PROVENANCE.json
third_party/archify/2.16.0/bin/preview.mjs,MIT,2026 tt-a1i (Archify); 2025 Cocoon AI,vendored Archify v2.16.0 LICENSE and UPSTREAM_PROVENANCE.json
third_party/archify/2.16.0/bin/visual-check.mjs,MIT,2026 tt-a1i (Archify); 2025 Cocoon AI,vendored Archify v2.16.0 LICENSE and UPSTREAM_PROVENANCE.json
third_party/archify/2.16.0/brand-marks/README.md,MIT,2026 tt-a1i (Archify); 2025 Cocoon AI,vendored Archify v2.16.0 LICENSE and UPSTREAM_PROVENANCE.json
third_party/archify/2.16.0/brand-marks/catalog.json,MIT,2026 tt-a1i (Archify); 2025 Cocoon AI,vendored Archify v2.16.0 LICENSE and UPSTREAM_PROVENANCE.json
third_party/archify/2.16.0/delta/architecture-delta.mjs,MIT,2026 tt-a1i (Archify); 2025 Cocoon AI,vendored Archify v2.16.0 LICENSE and UPSTREAM_PROVENANCE.json
third_party/archify/2.16.0/examples/agent-run.lifecycle.json,MIT,2026 tt-a1i (Archify); 2025 Cocoon AI,vendored Archify v2.16.0 LICENSE and UPSTREAM_PROVENANCE.json
third_party/archify/2.16.0/examples/agent-tool-call.workflow.json,MIT,2026 tt-a1i (Archify); 2025 Cocoon AI,vendored Archify v2.16.0 LICENSE and UPSTREAM_PROVENANCE.json
third_party/archify/2.16.0/examples/async-job-roundtrip.sequence.json,MIT,2026 tt-a1i (Archify); 2025 Cocoon AI,vendored Archify v2.16.0 LICENSE and UPSTREAM_PROVENANCE.json
third_party/archify/2.16.0/examples/brand-aware-delivery.architecture.json,MIT,2026 tt-a1i (Archify); 2025 Cocoon AI,vendored Archify v2.16.0 LICENSE and UPSTREAM_PROVENANCE.json
third_party/archify/2.16.0/examples/cache-miss-request.sequence.json,MIT,2026 tt-a1i (Archify); 2025 Cocoon AI,vendored Archify v2.16.0 LICENSE and UPSTREAM_PROVENANCE.json
third_party/archify/2.16.0/examples/checkout-platform.base.architecture.json,MIT,2026 tt-a1i (Archify); 2025 Cocoon AI,vendored Archify v2.16.0 LICENSE and UPSTREAM_PROVENANCE.json
third_party/archify/2.16.0/examples/checkout-platform.head.architecture.json,MIT,2026 tt-a1i (Archify); 2025 Cocoon AI,vendored Archify v2.16.0 LICENSE and UPSTREAM_PROVENANCE.json
third_party/archify/2.16.0/examples/dataflow-product-analytics.html,MIT,2026 tt-a1i (Archify); 2025 Cocoon AI,vendored Archify v2.16.0 LICENSE and UPSTREAM_PROVENANCE.json
third_party/archify/2.16.0/examples/deployment-release.lifecycle.json,MIT,2026 tt-a1i (Archify); 2025 Cocoon AI,vendored Archify v2.16.0 LICENSE and UPSTREAM_PROVENANCE.json
third_party/archify/2.16.0/examples/event-stream.dataflow.json,MIT,2026 tt-a1i (Archify); 2025 Cocoon AI,vendored Archify v2.16.0 LICENSE and UPSTREAM_PROVENANCE.json
third_party/archify/2.16.0/examples/incident-response.workflow.json,MIT,2026 tt-a1i (Archify); 2025 Cocoon AI,vendored Archify v2.16.0 LICENSE and UPSTREAM_PROVENANCE.json
third_party/archify/2.16.0/examples/lifecycle-agent-run.html,MIT,2026 tt-a1i (Archify); 2025 Cocoon AI,vendored Archify v2.16.0 LICENSE and UPSTREAM_PROVENANCE.json
third_party/archify/2.16.0/examples/product-analytics.dataflow.json,MIT,2026 tt-a1i (Archify); 2025 Cocoon AI,vendored Archify v2.16.0 LICENSE and UPSTREAM_PROVENANCE.json
third_party/archify/2.16.0/examples/production-deployment.architecture.json,MIT,2026 tt-a1i (Archify); 2025 Cocoon AI,vendored Archify v2.16.0 LICENSE and UPSTREAM_PROVENANCE.json
third_party/archify/2.16.0/examples/release-delivery.workflow.json,MIT,2026 tt-a1i (Archify); 2025 Cocoon AI,vendored Archify v2.16.0 LICENSE and UPSTREAM_PROVENANCE.json
third_party/archify/2.16.0/examples/sequence-cache-miss-request.html,MIT,2026 tt-a1i (Archify); 2025 Cocoon AI,vendored Archify v2.16.0 LICENSE and UPSTREAM_PROVENANCE.json
third_party/archify/2.16.0/examples/web-app-rendered.html,MIT,2026 tt-a1i (Archify); 2025 Cocoon AI,vendored Archify v2.16.0 LICENSE and UPSTREAM_PROVENANCE.json
third_party/archify/2.16.0/examples/web-app.architecture.json,MIT,2026 tt-a1i (Archify); 2025 Cocoon AI,vendored Archify v2.16.0 LICENSE and UPSTREAM_PROVENANCE.json
third_party/archify/2.16.0/examples/workflow-agent-tool-call-rendered.html,MIT,2026 tt-a1i (Archify); 2025 Cocoon AI,vendored Archify v2.16.0 LICENSE and UPSTREAM_PROVENANCE.json
third_party/archify/2.16.0/migrations/workflow-v2.mjs,MIT,2026 tt-a1i (Archify); 2025 Cocoon AI,vendored Archify v2.16.0 LICENSE and UPSTREAM_PROVENANCE.json
third_party/archify/2.16.0/package-lock.json,MIT,2026 tt-a1i (Archify); 2025 Cocoon AI,vendored Archify v2.16.0 LICENSE and UPSTREAM_PROVENANCE.json
third_party/archify/2.16.0/package.json,MIT,2026 tt-a1i (Archify); 2025 Cocoon AI,vendored Archify v2.16.0 LICENSE and UPSTREAM_PROVENANCE.json
third_party/archify/2.16.0/recipes/scenarios.mjs,MIT,2026 tt-a1i (Archify); 2025 Cocoon AI,vendored Archify v2.16.0 LICENSE and UPSTREAM_PROVENANCE.json
third_party/archify/2.16.0/references/authoring-contract.md,MIT,2026 tt-a1i (Archify); 2025 Cocoon AI,vendored Archify v2.16.0 LICENSE and UPSTREAM_PROVENANCE.json
third_party/archify/2.16.0/references/brand-marks.md,MIT,2026 tt-a1i (Archify); 2025 Cocoon AI,vendored Archify v2.16.0 LICENSE and UPSTREAM_PROVENANCE.json
third_party/archify/2.16.0/references/delivery-contract.md,MIT,2026 tt-a1i (Archify); 2025 Cocoon AI,vendored Archify v2.16.0 LICENSE and UPSTREAM_PROVENANCE.json
third_party/archify/2.16.0/references/viewer-runtime.md,MIT,2026 tt-a1i (Archify); 2025 Cocoon AI,vendored Archify v2.16.0 LICENSE and UPSTREAM_PROVENANCE.json
third_party/archify/2.16.0/renderers/architecture/grid.mjs,MIT,2026 tt-a1i (Archify); 2025 Cocoon AI,vendored Archify v2.16.0 LICENSE and UPSTREAM_PROVENANCE.json
third_party/archify/2.16.0/renderers/architecture/render-architecture.mjs,MIT,2026 tt-a1i (Archify); 2025 Cocoon AI,vendored Archify v2.16.0 LICENSE and UPSTREAM_PROVENANCE.json
third_party/archify/2.16.0/renderers/dataflow/README.md,MIT,2026 tt-a1i (Archify); 2025 Cocoon AI,vendored Archify v2.16.0 LICENSE and UPSTREAM_PROVENANCE.json
third_party/archify/2.16.0/renderers/dataflow/render-dataflow.mjs,MIT,2026 tt-a1i (Archify); 2025 Cocoon AI,vendored Archify v2.16.0 LICENSE and UPSTREAM_PROVENANCE.json
third_party/archify/2.16.0/renderers/lifecycle/README.md,MIT,2026 tt-a1i (Archify); 2025 Cocoon AI,vendored Archify v2.16.0 LICENSE and UPSTREAM_PROVENANCE.json
third_party/archify/2.16.0/renderers/lifecycle/render-lifecycle.mjs,MIT,2026 tt-a1i (Archify); 2025 Cocoon AI,vendored Archify v2.16.0 LICENSE and UPSTREAM_PROVENANCE.json
third_party/archify/2.16.0/renderers/sequence/README.md,MIT,2026 tt-a1i (Archify); 2025 Cocoon AI,vendored Archify v2.16.0 LICENSE and UPSTREAM_PROVENANCE.json
third_party/archify/2.16.0/renderers/sequence/render-sequence.mjs,MIT,2026 tt-a1i (Archify); 2025 Cocoon AI,vendored Archify v2.16.0 LICENSE and UPSTREAM_PROVENANCE.json
third_party/archify/2.16.0/renderers/shared/brand-marks.mjs,MIT,2026 tt-a1i (Archify); 2025 Cocoon AI,vendored Archify v2.16.0 LICENSE and UPSTREAM_PROVENANCE.json
third_party/archify/2.16.0/renderers/shared/cli.mjs,MIT,2026 tt-a1i (Archify); 2025 Cocoon AI,vendored Archify v2.16.0 LICENSE and UPSTREAM_PROVENANCE.json
third_party/archify/2.16.0/renderers/shared/desktop-readability.mjs,MIT,2026 tt-a1i (Archify); 2025 Cocoon AI,vendored Archify v2.16.0 LICENSE and UPSTREAM_PROVENANCE.json
third_party/archify/2.16.0/renderers/shared/diagnostics.mjs,MIT,2026 tt-a1i (Archify); 2025 Cocoon AI,vendored Archify v2.16.0 LICENSE and UPSTREAM_PROVENANCE.json
third_party/archify/2.16.0/renderers/shared/engineering-profiles.mjs,MIT,2026 tt-a1i (Archify); 2025 Cocoon AI,vendored Archify v2.16.0 LICENSE and UPSTREAM_PROVENANCE.json
third_party/archify/2.16.0/renderers/shared/generated-brand-marks.mjs,MIT,2026 tt-a1i (Archify); 2025 Cocoon AI,vendored Archify v2.16.0 LICENSE and UPSTREAM_PROVENANCE.json
third_party/archify/2.16.0/renderers/shared/generated-validators.mjs,MIT,2026 tt-a1i (Archify); 2025 Cocoon AI,vendored Archify v2.16.0 LICENSE and UPSTREAM_PROVENANCE.json
third_party/archify/2.16.0/renderers/shared/geometry.mjs,MIT,2026 tt-a1i (Archify); 2025 Cocoon AI,vendored Archify v2.16.0 LICENSE and UPSTREAM_PROVENANCE.json
third_party/archify/2.16.0/renderers/shared/i18n.mjs,MIT,2026 tt-a1i (Archify); 2025 Cocoon AI,vendored Archify v2.16.0 LICENSE and UPSTREAM_PROVENANCE.json
third_party/archify/2.16.0/renderers/shared/layout-report.mjs,MIT,2026 tt-a1i (Archify); 2025 Cocoon AI,vendored Archify v2.16.0 LICENSE and UPSTREAM_PROVENANCE.json
third_party/archify/2.16.0/renderers/shared/legend.mjs,MIT,2026 tt-a1i (Archify); 2025 Cocoon AI,vendored Archify v2.16.0 LICENSE and UPSTREAM_PROVENANCE.json
third_party/archify/2.16.0/renderers/shared/output-path.mjs,MIT,2026 tt-a1i (Archify); 2025 Cocoon AI,vendored Archify v2.16.0 LICENSE and UPSTREAM_PROVENANCE.json
third_party/archify/2.16.0/renderers/shared/repository-evidence.mjs,MIT,2026 tt-a1i (Archify); 2025 Cocoon AI,vendored Archify v2.16.0 LICENSE and UPSTREAM_PROVENANCE.json
third_party/archify/2.16.0/renderers/shared/text-fit.mjs,MIT,2026 tt-a1i (Archify); 2025 Cocoon AI,vendored Archify v2.16.0 LICENSE and UPSTREAM_PROVENANCE.json
third_party/archify/2.16.0/renderers/shared/utils.mjs,MIT,2026 tt-a1i (Archify); 2025 Cocoon AI,vendored Archify v2.16.0 LICENSE and UPSTREAM_PROVENANCE.json
third_party/archify/2.16.0/renderers/shared/validator.mjs,MIT,2026 tt-a1i (Archify); 2025 Cocoon AI,vendored Archify v2.16.0 LICENSE and UPSTREAM_PROVENANCE.json
third_party/archify/2.16.0/renderers/workflow/README.md,MIT,2026 tt-a1i (Archify); 2025 Cocoon AI,vendored Archify v2.16.0 LICENSE and UPSTREAM_PROVENANCE.json
third_party/archify/2.16.0/renderers/workflow/render-workflow.mjs,MIT,2026 tt-a1i (Archify); 2025 Cocoon AI,vendored Archify v2.16.0 LICENSE and UPSTREAM_PROVENANCE.json
third_party/archify/2.16.0/renderers/workflow/workflow-compiler.mjs,MIT,2026 tt-a1i (Archify); 2025 Cocoon AI,vendored Archify v2.16.0 LICENSE and UPSTREAM_PROVENANCE.json
third_party/archify/2.16.0/renderers/workflow/workflow-migration-geometry.mjs,MIT,2026 tt-a1i (Archify); 2025 Cocoon AI,vendored Archify v2.16.0 LICENSE and UPSTREAM_PROVENANCE.json
third_party/archify/2.16.0/schemas/README.md,MIT,2026 tt-a1i (Archify); 2025 Cocoon AI,vendored Archify v2.16.0 LICENSE and UPSTREAM_PROVENANCE.json
third_party/archify/2.16.0/schemas/architecture.schema.json,MIT,2026 tt-a1i (Archify); 2025 Cocoon AI,vendored Archify v2.16.0 LICENSE and UPSTREAM_PROVENANCE.json
third_party/archify/2.16.0/schemas/common.schema.json,MIT,2026 tt-a1i (Archify); 2025 Cocoon AI,vendored Archify v2.16.0 LICENSE and UPSTREAM_PROVENANCE.json
third_party/archify/2.16.0/schemas/dataflow.schema.json,MIT,2026 tt-a1i (Archify); 2025 Cocoon AI,vendored Archify v2.16.0 LICENSE and UPSTREAM_PROVENANCE.json
third_party/archify/2.16.0/schemas/lifecycle.schema.json,MIT,2026 tt-a1i (Archify); 2025 Cocoon AI,vendored Archify v2.16.0 LICENSE and UPSTREAM_PROVENANCE.json
third_party/archify/2.16.0/schemas/sequence.schema.json,MIT,2026 tt-a1i (Archify); 2025 Cocoon AI,vendored Archify v2.16.0 LICENSE and UPSTREAM_PROVENANCE.json
third_party/archify/2.16.0/schemas/workflow.schema.json,MIT,2026 tt-a1i (Archify); 2025 Cocoon AI,vendored Archify v2.16.0 LICENSE and UPSTREAM_PROVENANCE.json
third_party/archify/2.16.0/scripts/check-render-output.mjs,MIT,2026 tt-a1i (Archify); 2025 Cocoon AI,vendored Archify v2.16.0 LICENSE and UPSTREAM_PROVENANCE.json
third_party/archify/2.16.0/scripts/check-update.mjs,MIT,2026 tt-a1i (Archify); 2025 Cocoon AI,vendored Archify v2.16.0 LICENSE and UPSTREAM_PROVENANCE.json
third_party/archify/2.16.0/scripts/generate-brand-marks.mjs,MIT,2026 tt-a1i (Archify); 2025 Cocoon AI,vendored Archify v2.16.0 LICENSE and UPSTREAM_PROVENANCE.json
third_party/archify/2.16.0/scripts/generate-validators.mjs,MIT,2026 tt-a1i (Archify); 2025 Cocoon AI,vendored Archify v2.16.0 LICENSE and UPSTREAM_PROVENANCE.json
third_party/archify/2.16.0/scripts/render-examples.mjs,MIT,2026 tt-a1i (Archify); 2025 Cocoon AI,vendored Archify v2.16.0 LICENSE and UPSTREAM_PROVENANCE.json
third_party/archify/2.16.0/scripts/update-contract.mjs,MIT,2026 tt-a1i (Archify); 2025 Cocoon AI,vendored Archify v2.16.0 LICENSE and UPSTREAM_PROVENANCE.json
third_party/archify/2.16.0/skill-release.json,MIT,2026 tt-a1i (Archify); 2025 Cocoon AI,vendored Archify v2.16.0 LICENSE and UPSTREAM_PROVENANCE.json
third_party/archify/2.16.0/test/adaptive-reader-layout.test.mjs,MIT,2026 tt-a1i (Archify); 2025 Cocoon AI,vendored Archify v2.16.0 LICENSE and UPSTREAM_PROVENANCE.json
third_party/archify/2.16.0/test/animation.test.mjs,MIT,2026 tt-a1i (Archify); 2025 Cocoon AI,vendored Archify v2.16.0 LICENSE and UPSTREAM_PROVENANCE.json
third_party/archify/2.16.0/test/architecture-delta.test.mjs,MIT,2026 tt-a1i (Archify); 2025 Cocoon AI,vendored Archify v2.16.0 LICENSE and UPSTREAM_PROVENANCE.json
third_party/archify/2.16.0/test/authored-reachability.test.mjs,MIT,2026 tt-a1i (Archify); 2025 Cocoon AI,vendored Archify v2.16.0 LICENSE and UPSTREAM_PROVENANCE.json
third_party/archify/2.16.0/test/authoring-safety-contract.test.mjs,MIT,2026 tt-a1i (Archify); 2025 Cocoon AI,vendored Archify v2.16.0 LICENSE and UPSTREAM_PROVENANCE.json
third_party/archify/2.16.0/test/automatic-port-spread.test.mjs,MIT,2026 tt-a1i (Archify); 2025 Cocoon AI,vendored Archify v2.16.0 LICENSE and UPSTREAM_PROVENANCE.json
third_party/archify/2.16.0/test/base-input-compatibility.test.mjs,MIT,2026 tt-a1i (Archify); 2025 Cocoon AI,vendored Archify v2.16.0 LICENSE and UPSTREAM_PROVENANCE.json
third_party/archify/2.16.0/test/brand-marks.test.mjs,MIT,2026 tt-a1i (Archify); 2025 Cocoon AI,vendored Archify v2.16.0 LICENSE and UPSTREAM_PROVENANCE.json
third_party/archify/2.16.0/test/chapter-delta-preview.test.mjs,MIT,2026 tt-a1i (Archify); 2025 Cocoon AI,vendored Archify v2.16.0 LICENSE and UPSTREAM_PROVENANCE.json
third_party/archify/2.16.0/test/chapter-handoff.test.mjs,MIT,2026 tt-a1i (Archify); 2025 Cocoon AI,vendored Archify v2.16.0 LICENSE and UPSTREAM_PROVENANCE.json
third_party/archify/2.16.0/test/chapter-rail.test.mjs,MIT,2026 tt-a1i (Archify); 2025 Cocoon AI,vendored Archify v2.16.0 LICENSE and UPSTREAM_PROVENANCE.json
third_party/archify/2.16.0/test/clean-skill-staging.test.mjs,MIT,2026 tt-a1i (Archify); 2025 Cocoon AI,vendored Archify v2.16.0 LICENSE and UPSTREAM_PROVENANCE.json
third_party/archify/2.16.0/test/cli.test.mjs,MIT,2026 tt-a1i (Archify); 2025 Cocoon AI,vendored Archify v2.16.0 LICENSE and UPSTREAM_PROVENANCE.json
third_party/archify/2.16.0/test/community-proof-intake.test.mjs,MIT,2026 tt-a1i (Archify); 2025 Cocoon AI,vendored Archify v2.16.0 LICENSE and UPSTREAM_PROVENANCE.json
third_party/archify/2.16.0/test/cursor-onboarding.test.mjs,MIT,2026 tt-a1i (Archify); 2025 Cocoon AI,vendored Archify v2.16.0 LICENSE and UPSTREAM_PROVENANCE.json
third_party/archify/2.16.0/test/degraded.test.mjs,MIT,2026 tt-a1i (Archify); 2025 Cocoon AI,vendored Archify v2.16.0 LICENSE and UPSTREAM_PROVENANCE.json
third_party/archify/2.16.0/test/delivery-contract.test.mjs,MIT,2026 tt-a1i (Archify); 2025 Cocoon AI,vendored Archify v2.16.0 LICENSE and UPSTREAM_PROVENANCE.json
third_party/archify/2.16.0/test/desktop-reader-browser.test.mjs,MIT,2026 tt-a1i (Archify); 2025 Cocoon AI,vendored Archify v2.16.0 LICENSE and UPSTREAM_PROVENANCE.json
third_party/archify/2.16.0/test/diagram-guide.test.mjs,MIT,2026 tt-a1i (Archify); 2025 Cocoon AI,vendored Archify v2.16.0 LICENSE and UPSTREAM_PROVENANCE.json
third_party/archify/2.16.0/test/engineering-profile.test.mjs,MIT,2026 tt-a1i (Archify); 2025 Cocoon AI,vendored Archify v2.16.0 LICENSE and UPSTREAM_PROVENANCE.json
third_party/archify/2.16.0/test/finder.test.mjs,MIT,2026 tt-a1i (Archify); 2025 Cocoon AI,vendored Archify v2.16.0 LICENSE and UPSTREAM_PROVENANCE.json
third_party/archify/2.16.0/test/fixtures/automatic-routing-node-border-clearance.workflow.json,MIT,2026 tt-a1i (Archify); 2025 Cocoon AI,vendored Archify v2.16.0 LICENSE and UPSTREAM_PROVENANCE.json
third_party/archify/2.16.0/test/fixtures/fail-migration-cleanup.mjs,MIT,2026 tt-a1i (Archify); 2025 Cocoon AI,vendored Archify v2.16.0 LICENSE and UPSTREAM_PROVENANCE.json
third_party/archify/2.16.0/test/fixtures/issue-126/custom-widths.workflow.json,MIT,2026 tt-a1i (Archify); 2025 Cocoon AI,vendored Archify v2.16.0 LICENSE and UPSTREAM_PROVENANCE.json
third_party/archify/2.16.0/test/fixtures/issue-126/explicit-route.workflow.json,MIT,2026 tt-a1i (Archify); 2025 Cocoon AI,vendored Archify v2.16.0 LICENSE and UPSTREAM_PROVENANCE.json
third_party/archify/2.16.0/test/fixtures/issue-126/explicit-viewbox.workflow.json,MIT,2026 tt-a1i (Archify); 2025 Cocoon AI,vendored Archify v2.16.0 LICENSE and UPSTREAM_PROVENANCE.json
third_party/archify/2.16.0/test/fixtures/issue-126/labels.workflow.json,MIT,2026 tt-a1i (Archify); 2025 Cocoon AI,vendored Archify v2.16.0 LICENSE and UPSTREAM_PROVENANCE.json
third_party/archify/2.16.0/test/fixtures/v1-baseline/agent-run.lifecycle.json,MIT,2026 tt-a1i (Archify); 2025 Cocoon AI,vendored Archify v2.16.0 LICENSE and UPSTREAM_PROVENANCE.json
third_party/archify/2.16.0/test/fixtures/v1-baseline/agent-tool-call.workflow.json,MIT,2026 tt-a1i (Archify); 2025 Cocoon AI,vendored Archify v2.16.0 LICENSE and UPSTREAM_PROVENANCE.json
third_party/archify/2.16.0/test/fixtures/v1-baseline/cache-miss-request.sequence.json,MIT,2026 tt-a1i (Archify); 2025 Cocoon AI,vendored Archify v2.16.0 LICENSE and UPSTREAM_PROVENANCE.json
third_party/archify/2.16.0/test/fixtures/v1-baseline/event-stream.dataflow.json,MIT,2026 tt-a1i (Archify); 2025 Cocoon AI,vendored Archify v2.16.0 LICENSE and UPSTREAM_PROVENANCE.json
third_party/archify/2.16.0/test/fixtures/v1-baseline/product-analytics.dataflow.json,MIT,2026 tt-a1i (Archify); 2025 Cocoon AI,vendored Archify v2.16.0 LICENSE and UPSTREAM_PROVENANCE.json
third_party/archify/2.16.0/test/fixtures/v1-baseline/production-deployment.architecture.json,MIT,2026 tt-a1i (Archify); 2025 Cocoon AI,vendored Archify v2.16.0 LICENSE and UPSTREAM_PROVENANCE.json
third_party/archify/2.16.0/test/fixtures/v1-baseline/web-app.architecture.json,MIT,2026 tt-a1i (Archify); 2025 Cocoon AI,vendored Archify v2.16.0 LICENSE and UPSTREAM_PROVENANCE.json
third_party/archify/2.16.0/test/fixtures/v1-workflow-700x400.workflow.json,MIT,2026 tt-a1i (Archify); 2025 Cocoon AI,vendored Archify v2.16.0 LICENSE and UPSTREAM_PROVENANCE.json
third_party/archify/2.16.0/test/fixtures/v1-workflow-explicit-coordinates.workflow.json,MIT,2026 tt-a1i (Archify); 2025 Cocoon AI,vendored Archify v2.16.0 LICENSE and UPSTREAM_PROVENANCE.json
third_party/archify/2.16.0/test/gallery.test.mjs,MIT,2026 tt-a1i (Archify); 2025 Cocoon AI,vendored Archify v2.16.0 LICENSE and UPSTREAM_PROVENANCE.json
third_party/archify/2.16.0/test/generate-validators.test.mjs,MIT,2026 tt-a1i (Archify); 2025 Cocoon AI,vendored Archify v2.16.0 LICENSE and UPSTREAM_PROVENANCE.json
third_party/archify/2.16.0/test/generated-artifact-xml.test.mjs,MIT,2026 tt-a1i (Archify); 2025 Cocoon AI,vendored Archify v2.16.0 LICENSE and UPSTREAM_PROVENANCE.json
third_party/archify/2.16.0/test/geometry.test.mjs,MIT,2026 tt-a1i (Archify); 2025 Cocoon AI,vendored Archify v2.16.0 LICENSE and UPSTREAM_PROVENANCE.json
third_party/archify/2.16.0/test/golden.mjs,MIT,2026 tt-a1i (Archify); 2025 Cocoon AI,vendored Archify v2.16.0 LICENSE and UPSTREAM_PROVENANCE.json
third_party/archify/2.16.0/test/grid.test.mjs,MIT,2026 tt-a1i (Archify); 2025 Cocoon AI,vendored Archify v2.16.0 LICENSE and UPSTREAM_PROVENANCE.json
third_party/archify/2.16.0/test/guide-page.test.mjs,MIT,2026 tt-a1i (Archify); 2025 Cocoon AI,vendored Archify v2.16.0 LICENSE and UPSTREAM_PROVENANCE.json
third_party/archify/2.16.0/test/guide.test.mjs,MIT,2026 tt-a1i (Archify); 2025 Cocoon AI,vendored Archify v2.16.0 LICENSE and UPSTREAM_PROVENANCE.json
third_party/archify/2.16.0/test/guided-views.test.mjs,MIT,2026 tt-a1i (Archify); 2025 Cocoon AI,vendored Archify v2.16.0 LICENSE and UPSTREAM_PROVENANCE.json
third_party/archify/2.16.0/test/helpers/xml.mjs,MIT,2026 tt-a1i (Archify); 2025 Cocoon AI,vendored Archify v2.16.0 LICENSE and UPSTREAM_PROVENANCE.json
third_party/archify/2.16.0/test/i18n.test.mjs,MIT,2026 tt-a1i (Archify); 2025 Cocoon AI,vendored Archify v2.16.0 LICENSE and UPSTREAM_PROVENANCE.json
third_party/archify/2.16.0/test/intent-trace.test.mjs,MIT,2026 tt-a1i (Archify); 2025 Cocoon AI,vendored Archify v2.16.0 LICENSE and UPSTREAM_PROVENANCE.json
third_party/archify/2.16.0/test/landing.test.mjs,MIT,2026 tt-a1i (Archify); 2025 Cocoon AI,vendored Archify v2.16.0 LICENSE and UPSTREAM_PROVENANCE.json
third_party/archify/2.16.0/test/layout-rules.test.mjs,MIT,2026 tt-a1i (Archify); 2025 Cocoon AI,vendored Archify v2.16.0 LICENSE and UPSTREAM_PROVENANCE.json
third_party/archify/2.16.0/test/legend-contract.test.mjs,MIT,2026 tt-a1i (Archify); 2025 Cocoon AI,vendored Archify v2.16.0 LICENSE and UPSTREAM_PROVENANCE.json
third_party/archify/2.16.0/test/motion-governor.test.mjs,MIT,2026 tt-a1i (Archify); 2025 Cocoon AI,vendored Archify v2.16.0 LICENSE and UPSTREAM_PROVENANCE.json
third_party/archify/2.16.0/test/open-artifact.test.mjs,MIT,2026 tt-a1i (Archify); 2025 Cocoon AI,vendored Archify v2.16.0 LICENSE and UPSTREAM_PROVENANCE.json
third_party/archify/2.16.0/test/ordinary-model-floor.test.mjs,MIT,2026 tt-a1i (Archify); 2025 Cocoon AI,vendored Archify v2.16.0 LICENSE and UPSTREAM_PROVENANCE.json
third_party/archify/2.16.0/test/output-path.test.mjs,MIT,2026 tt-a1i (Archify); 2025 Cocoon AI,vendored Archify v2.16.0 LICENSE and UPSTREAM_PROVENANCE.json
third_party/archify/2.16.0/test/presentation.test.mjs,MIT,2026 tt-a1i (Archify); 2025 Cocoon AI,vendored Archify v2.16.0 LICENSE and UPSTREAM_PROVENANCE.json
third_party/archify/2.16.0/test/preset-tryon.test.mjs,MIT,2026 tt-a1i (Archify); 2025 Cocoon AI,vendored Archify v2.16.0 LICENSE and UPSTREAM_PROVENANCE.json
third_party/archify/2.16.0/test/preview-contract.test.mjs,MIT,2026 tt-a1i (Archify); 2025 Cocoon AI,vendored Archify v2.16.0 LICENSE and UPSTREAM_PROVENANCE.json
third_party/archify/2.16.0/test/preview.test.mjs,MIT,2026 tt-a1i (Archify); 2025 Cocoon AI,vendored Archify v2.16.0 LICENSE and UPSTREAM_PROVENANCE.json
third_party/archify/2.16.0/test/proof-aperture.test.mjs,MIT,2026 tt-a1i (Archify); 2025 Cocoon AI,vendored Archify v2.16.0 LICENSE and UPSTREAM_PROVENANCE.json
third_party/archify/2.16.0/test/reach-share-card.test.mjs,MIT,2026 tt-a1i (Archify); 2025 Cocoon AI,vendored Archify v2.16.0 LICENSE and UPSTREAM_PROVENANCE.json
third_party/archify/2.16.0/test/readme-showcase.test.mjs,MIT,2026 tt-a1i (Archify); 2025 Cocoon AI,vendored Archify v2.16.0 LICENSE and UPSTREAM_PROVENANCE.json
third_party/archify/2.16.0/test/real-repository-proof.test.mjs,MIT,2026 tt-a1i (Archify); 2025 Cocoon AI,vendored Archify v2.16.0 LICENSE and UPSTREAM_PROVENANCE.json
third_party/archify/2.16.0/test/relationship-direct-explorer.test.mjs,MIT,2026 tt-a1i (Archify); 2025 Cocoon AI,vendored Archify v2.16.0 LICENSE and UPSTREAM_PROVENANCE.json
third_party/archify/2.16.0/test/relationship-lens.test.mjs,MIT,2026 tt-a1i (Archify); 2025 Cocoon AI,vendored Archify v2.16.0 LICENSE and UPSTREAM_PROVENANCE.json
third_party/archify/2.16.0/test/relationship-permalink.test.mjs,MIT,2026 tt-a1i (Archify); 2025 Cocoon AI,vendored Archify v2.16.0 LICENSE and UPSTREAM_PROVENANCE.json
third_party/archify/2.16.0/test/relationship-pulse.test.mjs,MIT,2026 tt-a1i (Archify); 2025 Cocoon AI,vendored Archify v2.16.0 LICENSE and UPSTREAM_PROVENANCE.json
third_party/archify/2.16.0/test/release-identity.test.mjs,MIT,2026 tt-a1i (Archify); 2025 Cocoon AI,vendored Archify v2.16.0 LICENSE and UPSTREAM_PROVENANCE.json
third_party/archify/2.16.0/test/release-package-gates.test.mjs,MIT,2026 tt-a1i (Archify); 2025 Cocoon AI,vendored Archify v2.16.0 LICENSE and UPSTREAM_PROVENANCE.json
third_party/archify/2.16.0/test/render-output-checks.test.mjs,MIT,2026 tt-a1i (Archify); 2025 Cocoon AI,vendored Archify v2.16.0 LICENSE and UPSTREAM_PROVENANCE.json
third_party/archify/2.16.0/test/repair-receipt.test.mjs,MIT,2026 tt-a1i (Archify); 2025 Cocoon AI,vendored Archify v2.16.0 LICENSE and UPSTREAM_PROVENANCE.json
third_party/archify/2.16.0/test/repository-evidence.test.mjs,MIT,2026 tt-a1i (Archify); 2025 Cocoon AI,vendored Archify v2.16.0 LICENSE and UPSTREAM_PROVENANCE.json
third_party/archify/2.16.0/test/repository-language-metadata.test.mjs,MIT,2026 tt-a1i (Archify); 2025 Cocoon AI,vendored Archify v2.16.0 LICENSE and UPSTREAM_PROVENANCE.json
third_party/archify/2.16.0/test/route-journey.test.mjs,MIT,2026 tt-a1i (Archify); 2025 Cocoon AI,vendored Archify v2.16.0 LICENSE and UPSTREAM_PROVENANCE.json
third_party/archify/2.16.0/test/route-probe.test.mjs,MIT,2026 tt-a1i (Archify); 2025 Cocoon AI,vendored Archify v2.16.0 LICENSE and UPSTREAM_PROVENANCE.json
third_party/archify/2.16.0/test/route-share-card.test.mjs,MIT,2026 tt-a1i (Archify); 2025 Cocoon AI,vendored Archify v2.16.0 LICENSE and UPSTREAM_PROVENANCE.json
third_party/archify/2.16.0/test/semantic-camera.test.mjs,MIT,2026 tt-a1i (Archify); 2025 Cocoon AI,vendored Archify v2.16.0 LICENSE and UPSTREAM_PROVENANCE.json
third_party/archify/2.16.0/test/semantic-flow.test.mjs,MIT,2026 tt-a1i (Archify); 2025 Cocoon AI,vendored Archify v2.16.0 LICENSE and UPSTREAM_PROVENANCE.json
third_party/archify/2.16.0/test/semantic-legend-gateway.test.mjs,MIT,2026 tt-a1i (Archify); 2025 Cocoon AI,vendored Archify v2.16.0 LICENSE and UPSTREAM_PROVENANCE.json
third_party/archify/2.16.0/test/semantic-lens.test.mjs,MIT,2026 tt-a1i (Archify); 2025 Cocoon AI,vendored Archify v2.16.0 LICENSE and UPSTREAM_PROVENANCE.json
third_party/archify/2.16.0/test/semantic-passport.test.mjs,MIT,2026 tt-a1i (Archify); 2025 Cocoon AI,vendored Archify v2.16.0 LICENSE and UPSTREAM_PROVENANCE.json
third_party/archify/2.16.0/test/semantic-radar.test.mjs,MIT,2026 tt-a1i (Archify); 2025 Cocoon AI,vendored Archify v2.16.0 LICENSE and UPSTREAM_PROVENANCE.json
third_party/archify/2.16.0/test/semantic-zoom.test.mjs,MIT,2026 tt-a1i (Archify); 2025 Cocoon AI,vendored Archify v2.16.0 LICENSE and UPSTREAM_PROVENANCE.json
third_party/archify/2.16.0/test/sequence-column-fit.test.mjs,MIT,2026 tt-a1i (Archify); 2025 Cocoon AI,vendored Archify v2.16.0 LICENSE and UPSTREAM_PROVENANCE.json
third_party/archify/2.16.0/test/settled-flow.test.mjs,MIT,2026 tt-a1i (Archify); 2025 Cocoon AI,vendored Archify v2.16.0 LICENSE and UPSTREAM_PROVENANCE.json
third_party/archify/2.16.0/test/share-card-export.test.mjs,MIT,2026 tt-a1i (Archify); 2025 Cocoon AI,vendored Archify v2.16.0 LICENSE and UPSTREAM_PROVENANCE.json
third_party/archify/2.16.0/test/site-language-continuity.test.mjs,MIT,2026 tt-a1i (Archify); 2025 Cocoon AI,vendored Archify v2.16.0 LICENSE and UPSTREAM_PROVENANCE.json
third_party/archify/2.16.0/test/site-language-integration.mjs,MIT,2026 tt-a1i (Archify); 2025 Cocoon AI,vendored Archify v2.16.0 LICENSE and UPSTREAM_PROVENANCE.json
third_party/archify/2.16.0/test/skill-metadata.test.mjs,MIT,2026 tt-a1i (Archify); 2025 Cocoon AI,vendored Archify v2.16.0 LICENSE and UPSTREAM_PROVENANCE.json
third_party/archify/2.16.0/test/stable-update-manifest.test.mjs,MIT,2026 tt-a1i (Archify); 2025 Cocoon AI,vendored Archify v2.16.0 LICENSE and UPSTREAM_PROVENANCE.json
third_party/archify/2.16.0/test/start-page.test.mjs,MIT,2026 tt-a1i (Archify); 2025 Cocoon AI,vendored Archify v2.16.0 LICENSE and UPSTREAM_PROVENANCE.json
third_party/archify/2.16.0/test/story-beat-navigator.test.mjs,MIT,2026 tt-a1i (Archify); 2025 Cocoon AI,vendored Archify v2.16.0 LICENSE and UPSTREAM_PROVENANCE.json
third_party/archify/2.16.0/test/story-carrier.test.mjs,MIT,2026 tt-a1i (Archify); 2025 Cocoon AI,vendored Archify v2.16.0 LICENSE and UPSTREAM_PROVENANCE.json
third_party/archify/2.16.0/test/story-director-strip.test.mjs,MIT,2026 tt-a1i (Archify); 2025 Cocoon AI,vendored Archify v2.16.0 LICENSE and UPSTREAM_PROVENANCE.json
third_party/archify/2.16.0/test/story-follow-camera.test.mjs,MIT,2026 tt-a1i (Archify); 2025 Cocoon AI,vendored Archify v2.16.0 LICENSE and UPSTREAM_PROVENANCE.json
third_party/archify/2.16.0/test/story-horizon.test.mjs,MIT,2026 tt-a1i (Archify); 2025 Cocoon AI,vendored Archify v2.16.0 LICENSE and UPSTREAM_PROVENANCE.json
third_party/archify/2.16.0/test/story-moment-link.test.mjs,MIT,2026 tt-a1i (Archify); 2025 Cocoon AI,vendored Archify v2.16.0 LICENSE and UPSTREAM_PROVENANCE.json
third_party/archify/2.16.0/test/story-shelf.test.mjs,MIT,2026 tt-a1i (Archify); 2025 Cocoon AI,vendored Archify v2.16.0 LICENSE and UPSTREAM_PROVENANCE.json
third_party/archify/2.16.0/test/story-trail.test.mjs,MIT,2026 tt-a1i (Archify); 2025 Cocoon AI,vendored Archify v2.16.0 LICENSE and UPSTREAM_PROVENANCE.json
third_party/archify/2.16.0/test/toolbar-polish.test.mjs,MIT,2026 tt-a1i (Archify); 2025 Cocoon AI,vendored Archify v2.16.0 LICENSE and UPSTREAM_PROVENANCE.json
third_party/archify/2.16.0/test/update-contract.test.mjs,MIT,2026 tt-a1i (Archify); 2025 Cocoon AI,vendored Archify v2.16.0 LICENSE and UPSTREAM_PROVENANCE.json
third_party/archify/2.16.0/test/update-notifier.test.mjs,MIT,2026 tt-a1i (Archify); 2025 Cocoon AI,vendored Archify v2.16.0 LICENSE and UPSTREAM_PROVENANCE.json
third_party/archify/2.16.0/test/v1-compatibility.test.mjs,MIT,2026 tt-a1i (Archify); 2025 Cocoon AI,vendored Archify v2.16.0 LICENSE and UPSTREAM_PROVENANCE.json
third_party/archify/2.16.0/test/vertical-edge.test.mjs,MIT,2026 tt-a1i (Archify); 2025 Cocoon AI,vendored Archify v2.16.0 LICENSE and UPSTREAM_PROVENANCE.json
third_party/archify/2.16.0/test/viewer-chrome-layout.test.mjs,MIT,2026 tt-a1i (Archify); 2025 Cocoon AI,vendored Archify v2.16.0 LICENSE and UPSTREAM_PROVENANCE.json
third_party/archify/2.16.0/test/visual-check.test.mjs,MIT,2026 tt-a1i (Archify); 2025 Cocoon AI,vendored Archify v2.16.0 LICENSE and UPSTREAM_PROVENANCE.json
third_party/archify/2.16.0/test/webm-artifact.smoke.mjs,MIT,2026 tt-a1i (Archify); 2025 Cocoon AI,vendored Archify v2.16.0 LICENSE and UPSTREAM_PROVENANCE.json
third_party/archify/2.16.0/test/workflow-compiler-hard-contract.test.mjs,MIT,2026 tt-a1i (Archify); 2025 Cocoon AI,vendored Archify v2.16.0 LICENSE and UPSTREAM_PROVENANCE.json
third_party/archify/2.16.0/test/workflow-compiler.test.mjs,MIT,2026 tt-a1i (Archify); 2025 Cocoon AI,vendored Archify v2.16.0 LICENSE and UPSTREAM_PROVENANCE.json
third_party/archify/2.16.0/test/workflow-migration.test.mjs,MIT,2026 tt-a1i (Archify); 2025 Cocoon AI,vendored Archify v2.16.0 LICENSE and UPSTREAM_PROVENANCE.json
third_party/archify/2.16.0/test/workflow-semantic-contract.test.mjs,MIT,2026 tt-a1i (Archify); 2025 Cocoon AI,vendored Archify v2.16.0 LICENSE and UPSTREAM_PROVENANCE.json
third_party/archify/README.md,Elastic-2.0,2026 SuperTale contributors,REUSE.toml aggregate annotation
third_party/awesome-gpt-image-2/1.0.0/LICENSE,MIT,2026 freestylefly,vendored awesome-gpt-image-2 case/style snapshot and LICENSE
third_party/awesome-gpt-image-2/1.0.0/UPSTREAM_PROVENANCE.json,MIT,2026 freestylefly,vendored awesome-gpt-image-2 case/style snapshot and LICENSE
third_party/awesome-gpt-image-2/1.0.0/agents/skills/gpt-image-2-style-library/SKILL.md,MIT,2026 freestylefly,vendored awesome-gpt-image-2 case/style snapshot and LICENSE
third_party/awesome-gpt-image-2/1.0.0/agents/skills/gpt-image-2-style-library/references/style-library.md,MIT,2026 freestylefly,vendored awesome-gpt-image-2 case/style snapshot and LICENSE
third_party/awesome-gpt-image-2/1.0.0/data/cases.json,MIT,2026 freestylefly,vendored awesome-gpt-image-2 case/style snapshot and LICENSE
third_party/awesome-gpt-image-2/1.0.0/data/style-library.json,MIT,2026 freestylefly,vendored awesome-gpt-image-2 case/style snapshot and LICENSE
uv.lock,Elastic-2.0,2026 SuperTale contributors,REUSE.toml aggregate annotation
village-canvas.bat,Elastic-2.0,2026 SuperTale contributors,REUSE.toml aggregate annotation
village_canvas_cli.py,Elastic-2.0,2026 SuperTale contributors,REUSE.toml aggregate annotation
village_canvas_cli_hidden.ps1,Elastic-2.0,2026 SuperTale contributors,REUSE.toml aggregate annotation
village_canvas_launch.py,Elastic-2.0,2026 SuperTale contributors,REUSE.toml aggregate annotation
village_canvas_open_when_ready.py,Elastic-2.0,2026 SuperTale contributors,REUSE.toml aggregate annotation
village_canvas_rotate_log.py,Elastic-2.0,2026 SuperTale contributors,REUSE.toml aggregate annotation
village_canvas_run_api.py,Elastic-2.0,2026 SuperTale contributors,REUSE.toml aggregate annotation
启动村长无限画布.bat,Elastic-2.0,2026 SuperTale contributors,REUSE.toml aggregate annotation
启动村长无限画布.vbs,Elastic-2.0,2026 SuperTale contributors,REUSE.toml aggregate annotation
村长无限画布-Start.bat,Elastic-2.0,2026 SuperTale contributors,REUSE.toml aggregate annotation
.github/workflows/quality-source.yml,Elastic-2.0,2026 SuperTale contributors,REUSE.toml aggregate annotation
docs/PUBLIC_SOURCE_RELEASE.md,Elastic-2.0,2026 SuperTale contributors,REUSE.toml aggregate annotation
scripts/prepare_public_source.py,Elastic-2.0,2026 SuperTale contributors,REUSE.toml aggregate annotation
tests/test_public_source_export.py,Elastic-2.0,2026 SuperTale contributors,REUSE.toml aggregate annotation
